,score_pred_0,score_pred_1,score_pred_2,score_pred_3,score_pred_4,score_pred_5,score_pred_6,score_pred_7,score_pred_8,score_pred_9,score_pred_10,score_pred_11,true_label,fold
SAM000386_tp1,0.2501977626826275,1.6663770596793868,0.6897252428334553,0.7485178531248984,0.266244984126411,0.30781799604466376,0.23437880191673965,0.4514647027699995,0.40698156550215714,0.6050444929782949,0.33099863648893374,0.19861030017556908,1,1
SAM000395_tp1,0.3430392787122118,2.2026955720848895,0.9837985488071422,0.77674081993772,0.3094361481880911,0.3423675480889425,0.25619489888017677,0.5108385139249267,0.41194635780943734,0.6255661675460772,0.3823408432581586,0.19667144201583578,1,1
SAM000248_tp3,0.15692811382087377,0.8733969958790955,0.5029059462621369,0.5992658412239068,0.24915733161246856,0.19427875123361063,0.19321222404258395,0.34846796860182777,0.43469686893922754,0.6218580922552112,0.27380362496924704,0.12985371249467403,0,1
SAM000270_tp3,0.296770003324445,1.7611557310471462,0.8007069937551562,0.7111348591576071,0.27419840802031653,0.29917293328821604,0.24682017886518198,0.3992498466910518,0.4219411069284397,0.6133167381990161,0.3325679059023907,0.201685266161826,1,1
SAM000326_tp1,0.5490432790566304,3.097531706960232,1.3747394665150667,0.8266178753739334,0.35129953430868865,0.5902027509706386,0.42726291713151604,0.6600797665655869,0.46164528702604474,0.6556198451842018,0.5007416992615308,0.26744785444667957,0,1
SAM000498_tp1,0.3989225980554725,2.3554386432724588,1.2739858674033584,0.8177110466012905,0.33315146582595645,0.3972267365987966,0.4096069321797037,0.5646935909518709,0.4487569202897744,0.6515764199223513,0.43394283476742623,0.24015536748726032,1,1
SAM000308_tp2,0.33067139598968287,2.178541837774982,1.1071036770704226,0.7289931489863898,0.30062678192481995,0.37451033946326073,0.2691897250402888,0.4505622333183526,0.4122028146008914,0.6377170933386774,0.3876310278718627,0.179672981197648,1,1
SAM000354_tp1,0.39868232139951815,2.355625940208279,0.8106832442580886,0.834216348852007,0.28777159018096776,0.3837946441907228,0.3275791413766108,0.5069281715419868,0.42901356321736567,0.6348256191748294,0.41518531700012296,0.20972001161876397,1,1
SAM000301_tp1,0.5312267894285942,3.0322758378277093,1.4084336326818823,0.8159828689608125,0.3265987669559543,0.5866442830110392,0.4473313602207423,0.6385453324495488,0.481548963874922,0.6549326422968511,0.481723940134474,0.2542943105261289,1,1
SAM000501_tp1,0.1948156658975214,1.080058817363877,0.6966230608371565,0.700515220308788,0.23730173815665792,0.2247627870907589,0.22059720411005745,0.34247990939486295,0.4201945580239616,0.6199617085936798,0.2747332920355199,0.14825801475273478,0,1
SAM000320_tp1,0.18857419207603893,0.9631480398816312,0.683505239305449,0.6541517359351953,0.21531914362434623,0.19557714989788047,0.17427795122127018,0.3144458750817553,0.4115479089256512,0.6266300400299911,0.2503766591001211,0.12675201213569556,0,1
SAM000408_tp2,0.2759706509715211,1.7761427995348487,0.9813367043587159,0.6389337439706402,0.3049131989237875,0.3515296261820414,0.2894302427259639,0.44826814239429685,0.4263225216772464,0.6131387228463949,0.3813958994038449,0.23056275301012488,1,1
SAM000290_tp3,0.44369190313541623,2.5092261842519705,1.2364143236894776,0.7630136763675601,0.3568661735923183,0.4983843604795945,0.41512744405046964,0.6249239293646706,0.46450314910122453,0.6444411523886031,0.4944302116540147,0.2783440366589284,1,1
SAM000293_tp2,0.29768588153218134,2.049183673811632,1.092857688112572,0.704436868163779,0.3079795169516537,0.31846469858472093,0.2424737329648209,0.41950288302026517,0.41179684213474166,0.6249676477768245,0.3558075144974285,0.19157552178965276,1,1
SAM000304_tp1,0.4200653049436391,2.5995995471854463,0.7426505342201475,0.7860223429366314,0.2508951887650312,0.39643358237246795,0.2736245812677905,0.5518975260409782,0.42866386281840846,0.6324910734802203,0.3999203959974673,0.2206755248524744,1,1
SAM000271_tp3,0.5056450454763461,2.772440830325851,1.3049058873933521,0.7726570576308156,0.3117256759557002,0.5181274315774708,0.3067204830968938,0.6489307083125067,0.4722178583275039,0.6624141526499773,0.5011637093906991,0.359934115965932,1,1
SAM000260_tp1,0.5104578339707736,2.651619598907951,0.8775482802817044,0.8300742878521771,0.3107483643647116,0.5640654901685909,0.4007091535826756,0.6111295752314541,0.43879598097170747,0.6523932663453502,0.4510183628057802,0.2821161283868553,1,1
SAM000208_tp1,0.42107337324935,2.8983080086775828,1.0981202438161777,0.824485716568099,0.3300358073125759,0.48863267145640227,0.3693600171642799,0.6734889236704978,0.453593985719902,0.645364279265084,0.4366134018942758,0.2366196671183485,1,1
SAM000263_tp1,0.46644608222807976,2.8444831510757265,0.9738499231496996,0.7682744372032397,0.33911667839596915,0.4176001493843403,0.3840315418769841,0.5392976058830726,0.42500947233952124,0.6382372710196387,0.4191140109836804,0.19028459675098047,1,1
SAM000312_tp1,0.5017306950227922,3.107087315672104,0.9908376326363674,0.80814438586664,0.31366970416014284,0.5115557058897238,0.39989745767980767,0.6308603443241525,0.43153236632672987,0.6322192853077734,0.48096128519545295,0.24730582587036004,0,1
SAM000530_tp1,0.4650917639824367,2.9307386917511975,0.9333103410103532,0.8259015659049376,0.31512367946041775,0.5270132289760395,0.3662469838737672,0.588448977752774,0.4496106112264112,0.6441830608545858,0.46963951864433545,0.24921169240875474,0,1
SAM000496_tp1,0.07892066414260315,0.481186858805847,0.58620895231798,0.5980227872758921,0.2531131595140479,0.12725578587652506,0.11120618777655808,0.27219029776506665,0.3811880328994038,0.6044961897585699,0.21258615890202764,0.12217466739904326,0,1
SAM000429_tp1,0.3974922928649695,2.6241348254743526,1.2241080543494427,0.7586923267237614,0.2878733813584823,0.47382514294411315,0.37729694722708396,0.5034642149091976,0.4330054843971054,0.6033402396785275,0.4332899695022294,0.16581194901547508,1,1
SAM000233_tp1,0.2411929652394349,1.8540182728930652,0.7339918730018816,0.7875172600575462,0.27559071911497396,0.3053901908533219,0.20432457048466643,0.3772470093499936,0.41479669695456933,0.6031959994071789,0.3699464778500017,0.14646782567598832,0,1
SAM000439_tp1,0.5895832975337213,3.185166770086902,1.0933094560002115,0.8709496370581072,0.32469047502139525,0.6059962764407414,0.5144251138732525,0.7016849890747565,0.47222257704399256,0.6524486966408939,0.5215573375049649,0.28752323986672446,0,1
SAM000445_tp2,0.22427630625847342,1.3684935950471009,0.6328695731592358,0.7164840310746038,0.2640115074496179,0.26110263220200225,0.24494979919572402,0.4587320766983577,0.39448772291870265,0.6240386424590869,0.30942191437013283,0.15416411242326902,0,1
SAM000372_tp1,0.3442630546838856,2.1037207333698746,0.8961027189719524,0.7970189956230719,0.28000005109906145,0.4019600500419022,0.2939054214349394,0.5093462581258943,0.4160626962195488,0.6155830755590582,0.3887563000902765,0.23468799967094095,1,1
SAM000205_tp2,0.2029892420047716,2.20541419947144,1.219988921535596,0.7292673658433647,0.2830815447570369,0.3322022313679353,0.24041046644353603,0.4775627179668344,0.4104223600178362,0.5952939785769762,0.3819321847701352,0.19631085089535044,0,1
SAM000379_tp2,0.4353886225647936,2.839034081226319,1.2712496216789744,0.8319726234382765,0.3317501834005334,0.45678644436747073,0.3583327958847218,0.5638669033738006,0.4071553008769979,0.6403604543486136,0.42224929471230044,0.23532168282439053,0,1
SAM000211_tp1,0.3890435150610352,2.1143633647078026,1.0858214151099137,0.7625611000861846,0.3066887003765198,0.40508633753433415,0.3372634506065224,0.5265581828010761,0.44211995085997574,0.6541483848628422,0.42448959257407326,0.2474076037809124,0,1
SAM000306_tp2,0.39913137884013955,2.765431627812745,1.007108932436186,0.8247337706301395,0.3023978025352121,0.4663595072039075,0.36753145433346035,0.5277478341636576,0.4484006044155222,0.6197664457381616,0.46886171149797773,0.2349054047197315,1,1
SAM000342_tp1,0.5360042821250189,3.243502767920751,1.2774291943381493,0.8369506066716228,0.3325105759027476,0.5731058910280322,0.49181869468426365,0.6556528131073717,0.44750955749141413,0.6448217712042326,0.5153578091655882,0.30540360088914115,1,1
SAM000203_tp1,0.48165085591074097,2.9718674912895557,1.0491220892856048,0.8506158876104611,0.30781892560767476,0.5334051451180635,0.38692938791569476,0.6200362547119892,0.44936631556988443,0.6598250530560584,0.4117610576351515,0.2395936675157518,1,1
SAM000231_tp1,0.34598505680410896,2.0700684087899317,0.9808524623568031,0.8013885444746457,0.31083334449000716,0.37022564461182794,0.2424767071039645,0.5379368160123814,0.43030871579638175,0.6325171536551981,0.36135913886664384,0.2236320488790825,0,1
SAM000318_tp1,0.32433417061158665,2.075713603730406,1.00099692410154,0.8006744710343198,0.31632788059251415,0.3865940055319963,0.2728523410296596,0.46722695167937883,0.40790317452064384,0.6002527282261293,0.41792761228239267,0.2187643503077691,1,1
SAM000452_tp2,0.220598383617583,1.8755294424521134,1.188869286818003,0.6785889490818032,0.2914316068193503,0.30754693457796817,0.23303482486916827,0.3950389152940026,0.41349304656769675,0.6082534994771528,0.3534007219658771,0.14781890868872405,1,1
SAM000497_tp2,0.2951467809771296,1.9286607156194548,0.689504801660207,0.6399986311670024,0.24585244200331213,0.30943947377928466,0.25672895868480466,0.4258942080056952,0.41963697339016565,0.611141201298517,0.3405572992844398,0.1733030264003036,1,1
SAM000311_tp1,0.25225742715655025,1.6924623249626303,0.8539512631598175,0.7225117839125427,0.27585650614570617,0.2873177677208748,0.249867365915499,0.4340456536747393,0.43050575893608295,0.6329544529779243,0.34127445009116497,0.19545808947554047,1,1
SAM000383_tp1,0.37599351719753055,2.64881563602712,1.1214622474049332,0.819600223188852,0.33907598586905424,0.4434631040886937,0.3143112433710265,0.5769127055376821,0.4183053037592316,0.6469660375428978,0.41192933269349136,0.21086829380804192,1,1
SAM000398_tp1,0.40566455411590807,2.1839641418677975,1.0417246276643126,0.7854360660797595,0.2671789107740205,0.4170970545396817,0.3601788655591489,0.5148615577174391,0.4351657441182538,0.6421629023592709,0.42645650213242936,0.2351211318950595,1,1
SAM000407_tp3,0.235650174053527,1.4983867685833168,1.1328724344120042,0.6218755669362426,0.31150833469747735,0.2577560553537202,0.23320352471444747,0.4146354264490919,0.4010637037938497,0.6135572537024153,0.31720068298561904,0.17342999318819236,1,1
SAM000216_tp2,0.4534986473322313,2.523604884780592,0.8461720257572878,0.823032113105342,0.3058035839267656,0.47726401643227845,0.3994816751347966,0.5370236582935135,0.4200696143525484,0.6439931674300716,0.4609697558678461,0.24842291210032438,1,1
SAM000384_tp1,0.27701292157704116,1.7316663204560152,1.1955201284249177,0.7968024403661202,0.31562922294742857,0.3069090014861958,0.22391490059548563,0.4423571175224324,0.414101019765857,0.6152746733919762,0.36942143126556515,0.17663569463419188,0,1
SAM000321_tp2,0.2605152229787519,1.5676491976158797,0.7997929389474102,0.650189043538333,0.26870911728923036,0.29506450380616905,0.2496391907401565,0.43281418800324944,0.4073624640979544,0.5940167682893939,0.31947827718170324,0.1308806773010108,0,2
SAM000353_tp2,0.21076152193012093,1.3550104117162756,0.761697584423746,0.6866131878655343,0.27469119426482513,0.2507276059158165,0.24294255845691834,0.37102868947289186,0.4254627155877668,0.610636390088528,0.3014257610114678,0.16589902610171203,0,2
SAM000352_tp2,0.39579199496655354,2.0105539231609977,0.8385073815201547,0.7022346009507155,0.3020472841151496,0.391066596750112,0.3611148759379741,0.49175350737066464,0.44131844479253196,0.6179446563174907,0.43880288090101693,0.27001901588364424,1,2
SAM000451_tp1,0.4972575145991593,2.9215309817665163,1.097024624433873,0.8784713312458864,0.3164881066900767,0.562960175112452,0.43938565893288156,0.6590069342845684,0.44611817187124897,0.6512392160949301,0.5184948553654876,0.3525973556554492,1,2
SAM000308_tp3,0.3979488294207587,2.3564683038418828,1.0125839667645398,0.7291953564353898,0.2957816567387108,0.4388908105096281,0.3126790372137451,0.46341025575228373,0.4066706011190358,0.6368221651324167,0.3941043121292966,0.1790238504344417,1,2
SAM000302_tp1,0.5938952795534587,3.135458543795837,0.8783643867716526,0.8643978298125872,0.29282452589034524,0.5762202480676768,0.5171566363937834,0.652304315748705,0.45387678668775167,0.6461930644453368,0.5316681663134224,0.2909886469622171,1,2
SAM000491_tp2,0.1338069658531356,0.9500324479909489,0.6061833009749902,0.7639131947039709,0.23548989478937096,0.1786244893582915,0.1269407935899361,0.29274866411355094,0.37912008378215384,0.5764727674722927,0.23007359035256456,0.13798617179650002,0,2
SAM000354_tp2,0.3812636792308033,1.9889595874362618,0.7818203574783144,0.6970057755623578,0.2810200821714053,0.4245004844529054,0.34170009068331453,0.4899267599969494,0.42717071409374374,0.633465801896089,0.3887326801643315,0.17958579827304827,1,2
SAM000256_tp2,0.556700699468865,2.9063197248736232,0.9206221204105596,0.8624566046251151,0.2986949960976897,0.5104832691553419,0.4499533419686339,0.6209394493412985,0.45859443135560446,0.6411066794224554,0.46300308993450506,0.28919294053503014,1,2
SAM000490_tp1,0.28230098734281706,1.6554466962897985,0.9288270536352051,0.777511970654966,0.29311692520897575,0.310588117039557,0.23587490697837032,0.4471570345951577,0.4134283715821209,0.6209277618480333,0.3503338254962951,0.17012352421017382,0,2
SAM000228_tp1,0.3954268928460904,2.3163986367416047,1.4255975748046277,0.8133088885086956,0.35678707755515005,0.4977437719305364,0.3802492001670106,0.6429502114224096,0.43576857485623366,0.6336069927818606,0.5498293423006075,0.24906819235543406,0,2
SAM000537_tp1,0.4012701621499491,2.3833250130322297,1.2098305120752562,0.746841464941722,0.3135284275417716,0.3668427154458139,0.3884174662282519,0.523241867133389,0.42831129707308013,0.6277438341511067,0.41240442505492375,0.20412419200402282,0,2
SAM000299_tp3,0.39366710413190736,2.519149278282927,1.015213120907624,0.7095069742047664,0.3270999826126254,0.43543352945380426,0.36618440995030477,0.5381491026589854,0.43454187779114295,0.6262668925301393,0.4294376901188491,0.22135291438828855,1,2
SAM000497_tp1,0.3017504502185242,2.0271543964851837,0.8411230118939467,0.6955373625615721,0.23530122939591883,0.3037163370133182,0.26287959310421394,0.4432236623937021,0.409192365628377,0.6104637769827422,0.35726876284211917,0.16012127221769068,1,2
SAM000399_tp1,0.5740196231252279,3.0749439091278883,1.146712282924112,0.8727106200017272,0.3306794483804217,0.5589790262589286,0.4636879945758134,0.6824010227851559,0.4521945733461512,0.6433648089419287,0.5256628031613445,0.29737415397511935,1,2
SAM000356_tp1,0.5691607445168257,2.945364386850697,0.8032758704810894,0.8905555796412901,0.29476779054048147,0.519799131726023,0.4486726624344779,0.6345602895948448,0.4539830233085362,0.6398650385429145,0.4546162796569885,0.28412394762070003,1,2
SAM000250_tp2,0.6079943472457159,3.1733069444194264,1.1243370176449625,0.8910238881147263,0.29362228790043804,0.6046176008009363,0.5553802741935021,0.7022356950393562,0.4743756202715538,0.6506599216288004,0.5613637865884052,0.33843474667677403,1,2
SAM000351_tp1,0.19942352321927648,1.2534528937523046,0.83656317557349,0.7433613980016526,0.2903878443605305,0.22720284434582394,0.17992612658778268,0.3798644916102409,0.3791983313741315,0.5961683117616008,0.30777962290745003,0.13579869840037997,1,2
SAM000331_tp1,0.33304005427073774,2.1741728660850326,0.9953238952291029,0.7769266477985225,0.33590220209772353,0.37955424893617234,0.24539905192608955,0.5037172040634244,0.41077176232895474,0.62276643508443,0.37088492742336127,0.17418175011228348,0,2
SAM000415_tp1,0.4365944466659154,2.7088779339961078,0.9245556049577394,0.8358959929291302,0.3005994475306165,0.4739020151273517,0.3588808928687916,0.5454869878339867,0.41429064638280033,0.6372069722756294,0.45397963217486814,0.26297764045970856,1,2
SAM000201_tp1,0.29519180059693867,2.0597310809541036,0.9523134765939433,0.7700305704471074,0.2816362770352752,0.3685965194159014,0.2136701333868616,0.48463032148133595,0.40589304273471494,0.6175894799482055,0.3823358102852639,0.20388084977606513,1,2
SAM000240_tp4,0.4389249278007393,2.435230594858818,1.0107664833205625,0.8147655020454032,0.29725120556663076,0.4632571079294342,0.34406730216948955,0.5511187576670039,0.4261685762918635,0.642450975692495,0.46496865321290903,0.27204375324285346,1,2
SAM000220_tp2,0.37815442879214606,1.917426344475,0.920324491175574,0.7724513518149102,0.31042858499957887,0.39072981621283687,0.3352664236813307,0.5471255455050041,0.4272654485936882,0.6307688092880567,0.4004904157401217,0.240619762574298,0,2
SAM000306_tp1,0.40052901907324284,2.761561011806754,1.0210938805370326,0.8204554809602876,0.29079180786295206,0.4927009277260845,0.39045141510205483,0.5677889036993774,0.4658714564906741,0.6114365260564621,0.49008830675800324,0.2737900422400797,1,2
SAM000233_tp3,0.320693450606121,2.0844130564977696,1.0091861252227794,0.7007086707444268,0.29819811701075855,0.3787336616574798,0.2935666450766213,0.5230274795931718,0.4131303882119653,0.6295852574357723,0.4096670112756998,0.24167484040789777,0,2
SAM000535_tp1,0.5273719176786895,3.0535131628461416,1.3318496280509504,0.862833775839449,0.337578134431997,0.5662547885371894,0.4489886687545384,0.6527521241002223,0.447523166142162,0.6456516928069845,0.47643218317959246,0.26399277809496907,0,2
SAM000288_tp1,0.4689544534917666,3.0339414885844103,1.3441061150004632,0.862421739348751,0.36767148692822516,0.5877712361073659,0.39412379103713,0.6707030094037327,0.4673057641566522,0.64636470310047,0.4897588768824593,0.3343079899962776,1,2
SAM000412_tp1,0.3671560816109356,2.236820210803424,0.8952540125004015,0.7571598875340905,0.2789581276077234,0.46015797945536413,0.36088264074550297,0.5184985120629674,0.44303906199258153,0.628367490391849,0.4535044844654157,0.23936314478424744,1,2
SAM000223_tp1,0.5243482384542388,2.7550630017576414,1.0366496955947069,0.8523663877647591,0.3233234482040625,0.5159107177273825,0.42542760570440785,0.6088962745649635,0.4459466445475486,0.6417030490144464,0.5146175114437248,0.2690150350659249,1,2
SAM000386_tp2,0.341829024030299,1.9723364188310075,1.0600993512655144,0.6922445461234942,0.2819441226254812,0.39207903434540414,0.29979356699728776,0.48864463411950365,0.43537210539967236,0.6276345054219751,0.34949834019439,0.1770629172529269,1,2
SAM000222_tp2,0.5705634268727995,3.2183305223161147,1.2789691716279046,0.8703881814493895,0.3465494400307297,0.6035471559363252,0.509051471947524,0.7016902499854547,0.4533461833476177,0.6385490962238933,0.5282255793604377,0.3163087199524546,1,2
SAM000209_tp2,0.41776222497461524,2.4657813037916627,0.832478979072413,0.8189319366778984,0.2498815432228947,0.38982958741595325,0.3137817905161352,0.5269267704996353,0.45545419786376234,0.6436827562112561,0.4304004043677412,0.2419623961686939,0,2
SAM000259_tp1,0.31854686627296713,1.8234531630743787,0.8710444613928771,0.7637145640713517,0.2887319107784162,0.3795902364625001,0.2994573551383649,0.47829596760936427,0.4382534156309476,0.6243683723057087,0.3684870962482813,0.23083823286006971,0,2
SAM000434_tp2,0.6177390740839797,3.2036399883491256,0.9000000125599743,0.879229828580471,0.3068067970053559,0.6144944610157881,0.5226616732717004,0.6877938608421696,0.47986767106227485,0.6452266357565694,0.5474413617422146,0.30872367266936335,1,2
SAM000201_tp4,0.3101187613036193,1.649910193096933,0.9089893413246667,0.6431640119968308,0.2570040486453433,0.32703853673770034,0.2652778469706899,0.4340698903130616,0.4156524800999655,0.6260726775054646,0.32375130150230214,0.18380306607030644,1,2
SAM000411_tp3,0.4022034749165463,2.0614646921579105,0.8225182802117513,0.7205597973040159,0.25528437906107015,0.4022647129901545,0.35063201816677997,0.521488080720228,0.4347750080350966,0.632564374755222,0.3892509957929068,0.2365552728805213,1,2
SAM000251_tp2,0.3700692618222952,2.307339593852004,1.0051312796133198,0.7746562725632029,0.31066418983690464,0.41327343505780545,0.33434872563849666,0.5345697236868879,0.42750910298468475,0.6294595562391133,0.4053938848861784,0.25037248029621095,1,2
SAM000394_tp3,0.5155098087889158,2.7659439201347946,1.0288644794961166,0.7581209775236819,0.297757510612554,0.5268606383695363,0.3955347424306852,0.6069189935034569,0.45103355101404036,0.6346037228284316,0.4708224960708543,0.2453086982932013,1,2
SAM000410_tp3,0.26329090753666345,2.123227049208437,0.8395778388055137,0.7384894635818116,0.2768255987941161,0.316149307455163,0.2598091119092293,0.5094389788551602,0.42100418767449427,0.6108371539542954,0.36826444239785106,0.18521598685541796,1,2
SAM000213_tp2,0.5853949487260977,3.2993963361675362,1.2474642320393867,0.8986418439601987,0.3526958309458863,0.6726298373845634,0.40782752279377704,0.7249799647303621,0.45564861026177433,0.645030443582206,0.5329758357206265,0.3436745396118527,1,2
SAM000416_tp1,0.30759687443953104,1.8773848890060802,1.0564175081663876,0.7584998472665783,0.3211630591759937,0.3610778057830537,0.2511488781102931,0.44973745875360893,0.3962331890441389,0.5940642202705074,0.36759977864767246,0.15319787080085823,0,2
SAM000205_tp1,0.29668834240444275,2.105533810401773,1.118065504531541,0.7588452702537895,0.3088888789775255,0.43734974539221183,0.34332364394931575,0.514265234369158,0.42540700236636975,0.5749064786292505,0.4330676700452882,0.21783373864522065,0,2
SAM000225_tp2,0.43134966269974007,2.290757335035772,1.1222900870172787,0.8612429227605491,0.3378451107752959,0.4310141560525614,0.34781994007853895,0.6384942524868635,0.4300456407826418,0.6248682604347481,0.5007238825540352,0.2799851774505955,0,2
SAM000242_tp1,0.5422447818049033,2.9612938139225493,1.2210541628998646,0.7635715271184533,0.3465070332259178,0.575935360977669,0.4769672217805646,0.6486327940508823,0.4390202436034027,0.6422535775367941,0.5248494596734709,0.2857717675284926,1,3
SAM000261_tp1,0.4537255064029955,2.4594115614766423,0.7343437369002234,0.8004692015497544,0.269490232406308,0.433250985083853,0.3580176197677726,0.513894253108739,0.4151473208413489,0.6474192153349861,0.3548205370667461,0.1686493727349827,1,3
SAM000502_tp1,0.5089808180147086,2.7037991166696145,1.1753556821911422,0.7903546821249156,0.3091089061772365,0.5371628722691894,0.4124420226428833,0.6157370987641468,0.45182095571817465,0.6432593804062934,0.4965747968825838,0.28278809586294207,1,3
SAM000364_tp3,0.5828318734156008,2.961294065787022,1.004455300666691,0.6964697440547389,0.3038182071784975,0.5328639625773574,0.4471104962904392,0.62433572820477,0.44666392903209046,0.637519170197836,0.5227905083738118,0.34154495885788416,1,3
SAM000440_tp2,0.196984288364693,1.2740743478226515,0.8083174960551169,0.6680381298441102,0.2694807113917137,0.23702323048828208,0.1910447160427847,0.37816915834779996,0.38175233099878597,0.6046216419854964,0.29922359624572736,0.1444991234451941,0,3
SAM000387_tp1,0.45066125925255235,2.5551446778095475,1.11055022238266,0.7998318748515532,0.33834963354377223,0.47844746137395305,0.41694768364635837,0.6223802847966354,0.44257556236665485,0.6418774449929074,0.46391418266922835,0.23619860899271333,1,3
SAM000258_tp2,0.6049856511300746,3.1961702068108075,1.0765833863633423,0.7992577122745659,0.3113132037907337,0.6128568265519135,0.5063137500893465,0.6802493646643076,0.48474029570468524,0.6542059140678133,0.5513785840965121,0.2996805801965605,1,3
SAM000359_tp1,0.34146777567216285,1.9187248165167028,1.0116666299993913,0.7073048925893829,0.30305932545789305,0.38079257570465286,0.2940302855021367,0.4750989701046062,0.43057808179214296,0.645323096173377,0.3928963879939,0.22956791188939035,1,3
SAM000202_tp2,0.24283824471629678,1.9021779320620105,0.6628536296038803,0.7316651692545904,0.24501745887107348,0.2574978215396454,0.23193674376650159,0.4430660327173255,0.4037600440106809,0.6285432428548698,0.3399531625481953,0.20362871243883107,1,3
SAM000225_tp1,0.3829753416318302,2.3790855001573292,1.099688208084104,0.7924950501252588,0.31228479044703433,0.4422995727440549,0.39001472830443906,0.5736710864726879,0.4457487189021658,0.6425414017219593,0.4600404731018227,0.25584537977626526,0,3
SAM000202_tp4,0.3194933394531047,1.7861204152884418,0.8554262673023899,0.7814214712981891,0.27763284266944366,0.339094451333587,0.3537805678685882,0.4594521897678647,0.44591111384178156,0.6449416281755899,0.40113499225015553,0.20730043819486466,1,3
SAM000245_tp1,0.43455413360409095,2.6204864676688477,1.269268710788363,0.8087332717393249,0.32049990282118557,0.5027715366116524,0.37886967523946824,0.5870709021926838,0.4528947813364768,0.6551999749732846,0.4648234193365975,0.25417325756270154,1,3
SAM000539_tp1,0.421344524355866,2.1473866650802593,0.9040159133280177,0.7726384097615356,0.29026655297661996,0.4398501305964445,0.34689353635736614,0.5273896788408513,0.4410564764569698,0.6380796285268809,0.4113641777158349,0.23794008239274625,0,3
SAM000316_tp3,0.5681491986714482,3.452847374412668,1.0917376459661998,0.8307249109849814,0.3479471079015352,0.6226493190053687,0.4763930911995546,0.728248782801218,0.485781022221019,0.6581596850391039,0.5822918714861725,0.3477880450782807,1,3
SAM000255_tp2,0.43015220781359775,2.4967341385777844,0.9613807489711332,0.7661005357380759,0.30969681390677245,0.43982885113124814,0.3876373643927242,0.5432947575373777,0.43259424368616856,0.6382234838417825,0.44405940045264003,0.2510559754664936,1,3
SAM000330_tp1,0.3973500078929669,2.2177890605309964,1.0142474446060883,0.7787426811769044,0.31574617004146355,0.38456098891698376,0.3330254546172793,0.4890450856346468,0.4231825325452034,0.6284429636333915,0.3772447991439407,0.21384879733623205,1,3
SAM000360_tp1,0.352948697325111,2.4135677183804862,1.0795452165857662,0.7972207133171334,0.3106148940479367,0.48812358491614083,0.324271399414923,0.5074878314221126,0.39637901313029816,0.6430693203168352,0.31526456168228045,0.16018341097823774,1,3
SAM000315_tp1,0.522980261580311,2.855547567040797,1.0632695331688415,0.7884019802231411,0.3371749614098867,0.5420547494163216,0.46558001481847605,0.6119646949191249,0.4494340641559763,0.6290852176566845,0.526798998091489,0.265317524126328,1,3
SAM000394_tp2,0.45688263290199127,2.84816588042565,1.1012362537788043,0.7658910459980336,0.3317133352923537,0.5319608926317895,0.41767419785680765,0.6037542249897456,0.46892385180854185,0.6455245535625319,0.5140769948002912,0.28652449906490884,1,3
SAM000236_tp1,0.30727980809346417,2.3175315567165695,0.9977939952894743,0.7525074587100956,0.2804225644308225,0.3893882257347628,0.2735622781181934,0.4933477196826929,0.4204660782788092,0.6280702305688483,0.3760862815713111,0.2105249686883293,1,3
SAM000241_tp1,0.42047129968180486,2.2283364677787354,0.9122303190733915,0.758636313327021,0.28484649954648317,0.4275020145664002,0.2924164988226197,0.49510694529178856,0.42831585791116217,0.626976215927395,0.425040155360329,0.2086302145696535,1,3
SAM000526_tp1,0.4051746242113438,2.065463877022959,0.8601984365790056,0.7165125559486324,0.3026568620888103,0.38093410782487913,0.34174106293492834,0.545470422830067,0.4233167313994868,0.6268278639773213,0.4197502905669286,0.24965484286081982,0,3
SAM000350_tp2,0.2283827359665394,1.5974747534022078,0.8972428673081764,0.651042726016773,0.27903918585172716,0.295792775246405,0.23969181077207868,0.4394812974844814,0.38872973710833436,0.6006441582491275,0.3488063714317844,0.14675577018678695,1,3
SAM000255_tp1,0.3765617101828639,1.8571321152691092,0.92449794932346,0.7060094842255904,0.2898596509826735,0.3796967200145233,0.31356073027886255,0.4638580847199105,0.42238064534354,0.6274815439550632,0.4112960291024418,0.2069785202217716,1,3
SAM000431_tp2,0.2709039661949047,1.6253941810279295,0.8678632722381756,0.6828057891404636,0.28406597139647266,0.28177527759938764,0.23058443568875386,0.4019737287598521,0.4062064207439057,0.6023639667654652,0.3333265680437677,0.20036729007315165,0,3
SAM000410_tp2,0.298681863455869,1.9076121291558803,0.7922050390044906,0.7380802823581908,0.28893883754287447,0.35713862457411955,0.2730459186989749,0.5014395624321266,0.4216063212895447,0.6120950366320382,0.40174263070290356,0.21909893165041583,1,3
SAM000419_tp1,0.28040894353220325,1.887693876414012,0.9916245152618542,0.7647906286008466,0.294789472721973,0.33581321135011505,0.23715422138918543,0.4560819365790878,0.42833125391177146,0.6304398181270728,0.3756102606479128,0.19737941854485444,0,3
SAM000329_tp3,0.37782090420698045,2.569146366224611,0.9447651285918686,0.7118284942436333,0.33475669655630513,0.44509789918427595,0.3512992843875423,0.5370270559885708,0.4361646254157377,0.625466436097331,0.43040639201812847,0.27465153125499553,0,3
SAM000201_tp3,0.30953589296646944,2.020359287860499,0.8285755153667114,0.6890248735277198,0.26758760201177134,0.33776784005381116,0.25745878468734423,0.4424934581581496,0.41527484858293706,0.6326706215288391,0.3345068244500006,0.21463717299765958,1,3
SAM000204_tp1,0.31216745498795695,1.9558892414917626,0.9269480370730676,0.7135337846698953,0.2808966594841649,0.37027039915250126,0.2924225155525081,0.489486126378328,0.41283648522406,0.6172669888247737,0.39184728049777234,0.23602117077572568,0,3
SAM000371_tp1,0.25707734930930926,1.6090096347199179,0.7754758020637738,0.7466201414319562,0.28944335568980956,0.28715781986462086,0.22786230145718467,0.44492748822315936,0.4025304649519023,0.6160285402447311,0.32676738788629506,0.16877244318978682,0,3
SAM000417_tp1,0.16576119000273126,1.0717962374294232,0.6885532135694283,0.7257408767795513,0.2558461592314234,0.20967802829992604,0.1755939170018285,0.31816447242006674,0.4030807890842417,0.6143174834262143,0.27307154328800565,0.13251307352144934,0,3
SAM000275_tp3,0.47133508650756684,2.6350529340608193,0.9768815421152304,0.7195029327474828,0.3023135047848315,0.5179909294419913,0.377318436807515,0.5999544256992584,0.4384606449496264,0.6371579002121043,0.4599526762132303,0.27964195689921423,1,3
SAM000247_tp3,0.27163007842580134,1.5883007139456262,1.0474477436435934,0.6230017471988208,0.3034985114965854,0.3029320941025812,0.29381769611899494,0.4247169048136346,0.40209593806917404,0.6067880870774974,0.40249527461901374,0.15659740570855152,0,3
SAM000333_tp1,0.4271505083709993,2.609730220066834,1.0860460891320758,0.7533047127168738,0.3355238638985552,0.40033585857409976,0.30641668473379763,0.592996590055701,0.4339475060675587,0.6230444069746596,0.45313600716315405,0.24337645526750992,1,3
SAM000499_tp2,0.34882961083099756,2.1267501590290334,0.9512575479163639,0.7198268609003368,0.31889395573305984,0.34435820116409327,0.2869979468550775,0.5047738861739357,0.41409896705835697,0.6177808109269836,0.40661439593058823,0.23975319853605337,1,3
SAM000462_tp2,0.3710058305867348,2.079244246975493,1.1044486895582935,0.7210993796669267,0.32742410894274454,0.4185584927963092,0.3471596882372805,0.5142741890991472,0.4507190526415596,0.6396720723228366,0.4144911633889925,0.25089253939272466,1,3
SAM000481_tp3,0.4765794345444963,2.912829360536583,0.9615861923158975,0.860266848469824,0.29254529544931956,0.528831198912042,0.3845893047219192,0.6298645063780866,0.46196198238536673,0.6594760248028178,0.46488568527112556,0.2716074765006946,1,3
SAM000538_tp1,0.33926780418534597,2.115747640609494,1.0381652982424054,0.7283329706049899,0.3048329448400049,0.3834834028436696,0.2613995445811836,0.5125881317079244,0.4117955844991432,0.6017182731722864,0.42757056328138565,0.2039553547699956,0,3
SAM000462_tp1,0.4178145799917,2.349276005275637,1.031941167374106,0.7671774830850263,0.31885545564136886,0.4308060012702422,0.35266757031522905,0.5650505809369263,0.4337280210223396,0.6245079522107053,0.4327607207045366,0.22960392125369217,1,3
SAM000420_tp1,0.5507669947602468,3.091251728000738,1.0364904478878254,0.7937890271168428,0.30257327900451486,0.5695594328427507,0.42934548529119604,0.6493926985113869,0.4475971076432711,0.639646641309118,0.4997900365534997,0.30856808388254225,0,3
SAM000321_tp1,0.2919639233362687,1.7610813494680324,0.8035780187397157,0.7288983409660125,0.2763130682039754,0.33221926437717725,0.2603754820098174,0.4226781855284365,0.417300283129444,0.6032472123319816,0.3404895091088998,0.20269372382052198,0,3
SAM000466_tp1,0.34183666123917833,2.1155462152186146,0.9705473191027534,0.7623807310721561,0.3018216333003523,0.36728939336254,0.38628472196489916,0.4708189856041892,0.41338730256856737,0.6423761159819786,0.4062389640673325,0.17213430785591163,1,3
SAM000227_tp1,0.18581563892800868,1.576387042145279,0.8165929812412661,0.7378355937887113,0.28264994914779096,0.2991800089581406,0.18352331644991593,0.4208026374250491,0.3875217121019383,0.5960525345659731,0.3544673712510672,0.17463179696696027,0,4
SAM000330_tp2,0.40784347483172967,2.2568869795475934,0.9841806773094548,0.7236456187570353,0.3032012591109424,0.41549812080486126,0.3404715221976556,0.5034058183601864,0.4213923431268768,0.6433493651829685,0.3761224459918205,0.20991881877969898,1,4
SAM000370_tp1,0.2429616241358496,1.215339040263057,0.6595516919844332,0.7315359008599144,0.2642268460609247,0.2643892490505412,0.20907018068602284,0.3354200345673191,0.4044826733950441,0.6218385344997744,0.3243811966743045,0.1567983731179962,0,4
SAM000405_tp1,0.4767969377532924,2.7676038964810643,0.9461006844647352,0.829366296153477,0.30011766449963473,0.5010362967684194,0.41114690830553663,0.6184035394140649,0.44107974472559414,0.6336387139129095,0.4770652537239203,0.23547888060009073,1,4
SAM000485_tp1,0.31786274474515475,2.248207564122102,1.0629758434325638,0.7610988049574733,0.28512445161151295,0.36545485597184696,0.32581031965413687,0.4955974700731687,0.4231394524255391,0.6189300222059514,0.37959952076149855,0.21515630455920948,1,4
SAM000296_tp1,0.2653948666329048,1.9145328928459744,0.7373645348658574,0.7220470655559366,0.28567915225368157,0.3259337125925637,0.2853690775599898,0.49083041180433784,0.403108312477403,0.6202849993498285,0.3596810885291676,0.2097257172661803,0,4
SAM000368_tp2,0.20196682073477704,1.2778606406515352,0.8631576399807054,0.651266523315893,0.25642870309704263,0.2623996724883273,0.21555706809199246,0.36144172968285004,0.41481439043637686,0.5967320954101958,0.3021991025634712,0.18784451333859536,0,4
SAM000481_tp1,0.37040617925418196,2.215013608286087,1.2319431218078591,0.7933476731870381,0.30248949164885003,0.4290293488287799,0.36749167796001464,0.5357992395454259,0.42900677475281873,0.6465246123929899,0.4447231172667201,0.22728881625636968,1,4
SAM000353_tp1,0.2716892903940618,1.8006647474632649,0.7601196377003465,0.7186272287918224,0.25771396210636927,0.2820396544215614,0.2785007452032638,0.41928028545319557,0.4287726095286288,0.6133923421603897,0.34328927444805957,0.19598999436729392,0,4
SAM000249_tp1,0.1790348986614393,1.430344352112453,0.8512765020253101,0.7487891981942539,0.25694752114271213,0.2216688462976739,0.23833368486646925,0.36001067143975823,0.41201658488829174,0.6072366650577126,0.3157806867198718,0.15250069610085215,0,4
SAM000349_tp3,0.25641186004640837,1.8208443174899285,0.9038658731781217,0.7947647297779511,0.2786710060109994,0.2989422727033666,0.2803233331485335,0.47950553386455524,0.4171823655719797,0.6374866784942749,0.3439508445619394,0.16503614782312628,1,4
SAM000272_tp1,0.33787608249723305,1.9690046592548893,0.9980518093392099,0.723278300188236,0.2701697800750344,0.3498600480816728,0.27346028521165205,0.44618991378192774,0.4241024856426361,0.632632313636557,0.37854340513806095,0.2224892961526977,1,4
SAM000375_tp2,0.3459244408586317,1.8836408240772073,0.9959480415721136,0.7640700593718371,0.30036425263099886,0.4228015352978528,0.33943871943597215,0.5101910976877854,0.42414165939538084,0.620984714730999,0.46381694935868345,0.22466755885385228,0,4
SAM000393_tp2,0.5413243286865861,3.0436451520137253,1.2189547618833212,0.8092021073731472,0.36572257244174905,0.5411223709826176,0.49284842192057177,0.6317894970755193,0.4743972911073411,0.6556364305954233,0.5194257233309976,0.35293287585983,1,4
SAM000380_tp1,0.474375728443667,2.6016434829251045,1.0571770059367254,0.8250419142526967,0.3022657019521569,0.4729454370253087,0.3744504659060133,0.6077272300237196,0.44797232374548757,0.6520815359228201,0.4370259934474577,0.23105939840835155,1,4
SAM000466_tp2,0.24047213118051824,1.512196733240433,1.195837778773858,0.645047750252648,0.2854352034574869,0.32259993288515043,0.30924584647177844,0.39211468827032425,0.4294712809417021,0.6154839762789457,0.3594027805013621,0.17983989148462912,1,4
SAM000349_tp2,0.29415989721166674,1.9003863983713165,0.9225645149470303,0.7675113919889123,0.28124012848823005,0.32121848912799833,0.3188582252389527,0.5011980510739015,0.41805430841772867,0.6287366361541462,0.36266593409874787,0.22514366534726205,1,4
SAM000410_tp1,0.26641080208694146,1.9924846109368552,0.7439743324147333,0.7753621399366583,0.2697200254046038,0.316277309634958,0.24618540955151558,0.4715567543622474,0.40996772181944763,0.6209065889823246,0.377443365132888,0.1972552979537741,1,4
SAM000363_tp2,0.4488218835584572,2.517121333460589,1.024469994969178,0.7794009482564372,0.3131025371188679,0.45104052104330045,0.4079031447739026,0.5929955464561736,0.4410543538305287,0.626197776634911,0.43551170721603283,0.2836501638688649,1,4
SAM000214_tp1,0.4157650840639613,2.486720076691422,1.1481637507569618,0.7927007837749502,0.3138830368601667,0.4809365090476048,0.38138900422358063,0.5956449150297041,0.4325541812695781,0.6359628612674139,0.46611997529956184,0.2584000039492611,1,4
SAM000266_tp2,0.3405883894305443,2.0486730628351184,1.000138423665099,0.7943517499192323,0.29695003470490033,0.3554073135238933,0.3240368549934374,0.4955128348932125,0.42667571718171693,0.6354431041015818,0.4198740335639504,0.20366614371862807,1,4
SAM000337_tp1,0.2006745613626949,1.4005712601030904,0.9669691707840858,0.7772198771765895,0.27608734925602546,0.2740713028793866,0.23825187507156176,0.42358197997145824,0.4095812176654463,0.6278127208181555,0.3257463402630475,0.17218296273909084,0,4
SAM000350_tp3,0.2267759102567224,1.5029263560171673,0.8627059912291303,0.6065785483273909,0.2827425321175807,0.2926739676893034,0.26504859345578174,0.4504677218332,0.3982206070600442,0.6090932278882648,0.36665473742846627,0.16160352663357214,1,4
SAM000427_tp2,0.12393458627749311,0.8708121244689389,0.8441984097324968,0.5871709813806628,0.2676211777383665,0.14927467240977985,0.18954561309298681,0.30605379634475427,0.3956333143162123,0.6050337165477273,0.2754353735962823,0.14632851043007752,0,4
SAM000275_tp1,0.45972511721936604,2.6226100877788645,0.9774319602371215,0.7685158334574744,0.28472566573518415,0.5070648799670334,0.3760574892485243,0.6091964904487158,0.46533518217241004,0.634703887354961,0.47409994342420747,0.2523582372578408,1,4
SAM000452_tp3,0.38038122135420194,2.337376101145981,1.0443041076854538,0.778948006159198,0.3036837237514805,0.38113871625233064,0.3007132684616798,0.5130287769875567,0.4453832335032534,0.6400794908457388,0.40740195282857433,0.19572530639397392,1,4
SAM000273_tp3,0.4963937205254757,2.5817821478885854,0.9559283646046955,0.7863204747040394,0.3074422101162172,0.5871434644403147,0.3838016519817346,0.6060100816736288,0.4235132523110465,0.6334453393829127,0.47113385015139975,0.24445135897443473,1,4
SAM000433_tp2,0.3757729205954133,2.576095837043476,1.0967957503922683,0.6993760919365164,0.29643140871312906,0.4206621113960787,0.3607280953919609,0.5360893370088228,0.4333668465196392,0.6415422898726507,0.44507247393273874,0.20707758396714848,1,4
SAM000226_tp1,0.4935547532822511,2.87550472620301,1.1072365633347538,0.8160691358470714,0.3151294726432795,0.5215699787692509,0.402400072374631,0.632698968574468,0.438150990898256,0.6511885299613833,0.47935439147131964,0.2738252128769336,1,4
SAM000518_tp1,0.45398151840087153,2.1977286746033706,0.9229700066347358,0.8090080229436861,0.3321343331934317,0.5024944363896584,0.3771915974133549,0.593207141225852,0.43918692233436596,0.6359392732763545,0.44124079504255986,0.2647694381338182,0,4
SAM000357_tp1,0.3010099523598025,1.8294285475006982,0.7482252343498943,0.7670961133535799,0.2628830743008787,0.30173160393673454,0.28997324814483255,0.41772599017378165,0.42240469071980385,0.6071935374317924,0.34508906543288026,0.18436629382127978,0,4
SAM000429_tp2,0.36069931555981305,2.3484725723033333,0.9096831151432181,0.715252633817429,0.26165164042019556,0.4232646619335817,0.2532223135874573,0.49087687534081814,0.4123916021189769,0.5872069595935239,0.36047060768776235,0.16104055579694798,1,4
SAM000235_tp2,0.14208941347862902,1.2333124751693756,0.8125930832726489,0.7313431120446381,0.2768831959263597,0.1996208166619189,0.1709126435924973,0.33196577653443876,0.39840695040415236,0.5710334889765228,0.30594547817660284,0.13888598265921903,0,4
SAM000220_tp1,0.2611330730571519,1.3560617554180407,0.8216547909952624,0.6915464231154053,0.2829611676807949,0.2650861816811234,0.24174686106379462,0.4124678218703261,0.4281036266919914,0.6071892145100675,0.3151242806450656,0.18340669352628883,0,4
SAM000311_tp2,0.2377302263464227,1.7759293842923818,0.946110551331701,0.6909850450512031,0.28784531237396055,0.2754171919845992,0.22401310477183817,0.4322030314723513,0.39338467269886057,0.6201516947061666,0.3690357705269842,0.17882871112134982,1,4
SAM000314_tp3,0.3970993743330476,2.277346017425176,1.020756933313537,0.728609198999624,0.3224862315566547,0.4751451214198778,0.3980049276107461,0.5645030867675052,0.42522079516174804,0.6315319354254261,0.44044539892040296,0.21866241405605558,1,4
SAM000212_tp2,0.35315200157925253,2.216573707353664,1.2985635621362415,0.8022132741022707,0.35235442829331,0.4451657310355613,0.3452071435895473,0.59847131719414,0.4093301662647352,0.6369433016886765,0.4629948639402746,0.23218398125151193,1,4
SAM000223_tp2,0.38480310929150063,2.396017058476373,0.8738753071013844,0.8267668028947393,0.2966801664180865,0.4244372172843162,0.339530063319457,0.5286703787088055,0.43227260144609,0.655270923540129,0.42205194174757493,0.25110287136749565,1,4
SAM000424_tp1,0.3211064711090776,2.2471889427825777,1.1022608296962502,0.7740217508519927,0.3194516438380076,0.3720533995352823,0.2858461160770514,0.5218449644065026,0.4245810078053446,0.6324046182829843,0.3851100456968611,0.21504343080221466,1,4
SAM000305_tp1,0.36392561218673436,2.0601204829315507,0.9747027270127246,0.7996517150071958,0.3156621403591105,0.4099876638324192,0.31159744907207726,0.5051144112300059,0.4307121064850022,0.6518386877739353,0.43312090739740383,0.1779878654865362,1,4
SAM000263_tp2,0.4700029379367915,2.815548986676729,1.0285005658572568,0.7710163697990705,0.3236913580204945,0.4937993634121461,0.40663155631273135,0.5729691773469173,0.4344385892898602,0.6450216798504314,0.4574515326911982,0.24694401752337886,1,4
SAM000243_tp2,0.4243772017956225,2.484160166227807,0.9788819775358746,0.8449354105769399,0.31101270143865767,0.4662348951653827,0.36350163825320403,0.5989958532304926,0.42677015027975357,0.6466675717244277,0.4475092201033642,0.2606223906868596,1,4
SAM000436_tp2,0.26219437077512503,1.7803637986667018,0.9345160493153962,0.7303733995130633,0.29882310807913914,0.3720152240005391,0.27839337150264887,0.41969099933681087,0.40123382733678625,0.6060895097126144,0.37019337323547086,0.21173709980287278,0,4
SAM000227_tp2,0.24337340020346518,1.557232050266539,0.8766649845753737,0.7855576784713114,0.28127355304318347,0.3058790609482305,0.21862767462350438,0.4317262602448137,0.4107624478382997,0.6210253083534905,0.3480481815218566,0.16752298835908794,0,5
SAM000352_tp1,0.3555352261782155,2.206083790592635,0.9349892593870177,0.7772427140238719,0.32891785116073985,0.40977074472780667,0.33708700500759475,0.4959358483299917,0.43311178280896173,0.6149863419402445,0.40826619928882274,0.2588402159223686,1,5
SAM000213_tp1,0.5006390616492383,2.98814358933766,1.1032586586803808,0.8688265410419898,0.32784528457870665,0.5790521228719713,0.32126090335258267,0.6436494834913631,0.4496679308939435,0.6376686879262564,0.4490494227478571,0.2416631707832823,1,5
SAM000356_tp2,0.615218786007004,2.9335187519883776,1.0370773654740721,0.8856597706719291,0.3100798069628179,0.5653528830668878,0.4571918901904975,0.6515906181304403,0.48591836291345475,0.648624511969626,0.45573094487775456,0.246614782728077,1,5
SAM000295_tp1,0.18954981472125096,0.9152385307668486,0.49474779363293436,0.7093516384522036,0.18946491816082098,0.18305319738116987,0.2143261440216112,0.4225119405838727,0.41684964139954706,0.6260922471775519,0.22685141084535693,0.15820716363416387,1,5
SAM000431_tp1,0.21797756505570395,1.4567483563341495,0.9993680634609642,0.6998393308119576,0.28178425105813804,0.26825961431938694,0.22331427223286215,0.41534631134791455,0.4041063712346189,0.6168897930759667,0.34831074076174007,0.17976130799628343,0,5
SAM000208_tp2,0.42257454624398944,2.7876306270255293,1.1280126773246903,0.8329098256457174,0.3523929544669075,0.5207076591789433,0.3927917577723063,0.6312855173580566,0.44880084313037616,0.6353200775766177,0.49295597772639005,0.2155969607663328,1,5
SAM000515_tp1,0.36415614591877565,2.4825030450182655,0.9736089242353876,0.7432438095016975,0.30259658802835815,0.4462342936938887,0.3123997400202984,0.48529348223957364,0.40794644482707787,0.6226232936022001,0.46364647088597977,0.2335809386008603,0,5
SAM000524_tp2,0.2910678658529486,1.8079582686957951,0.8907301452804903,0.6346143908071424,0.27571846279562967,0.3456510464720624,0.27141932576087685,0.43800081516750483,0.4250854868611161,0.609420059939336,0.37030816088293833,0.17196377851860162,0,5
SAM000255_tp3,0.43050469930542157,2.2534911063771106,1.213663759918053,0.723257418694265,0.3159804554632245,0.45721295788482136,0.37130191824004116,0.5487807672834971,0.4305463525569471,0.6405785956523792,0.4367322086005605,0.21875070167069577,1,5
SAM000335_tp1,0.4090647898051827,2.471046715787038,1.0992659049430202,0.777415064062553,0.2845419104339804,0.42697849486581957,0.3437118487927788,0.521811616537196,0.4259274460993565,0.6334001046912797,0.4155939423180727,0.21490073700056495,1,5
SAM000287_tp2,0.4511821079410122,2.4936326600019676,1.382223545423369,0.8144961973515982,0.3288379415252541,0.4639598166486396,0.3702551058596755,0.589623987356027,0.40995626950934516,0.6409158493403321,0.4434013531017546,0.23401709056095638,1,5
SAM000463_tp1,0.6200379520377756,3.301033729912628,1.126804732861024,0.8642937703851632,0.36702095508266447,0.6397068828056545,0.4995733098685628,0.7048814315963935,0.48060213510107874,0.6646105974709848,0.551220359277085,0.3035761200193435,1,5
SAM000288_tp2,0.4051929495397908,2.7276268032750766,1.1898971437109247,0.7927008267786436,0.32613702703962827,0.49077527375601726,0.3804284549279769,0.611353620408523,0.45032023904607477,0.6417474963013059,0.44807328933133905,0.2534176210877086,1,5
SAM000332_tp3,0.3252694685569598,1.7325962824726902,0.6753001820271446,0.6237710733266097,0.2731091045752504,0.3711692243719086,0.2934111129432869,0.4799522569151133,0.44644104679605173,0.6086937245831106,0.34755216678037776,0.16477018161015444,0,5
SAM000434_tp3,0.641136048867799,3.211981979317868,1.0518516143651484,0.8946608900818434,0.3343350260992646,0.5804489675573336,0.5184808618305733,0.6660179675484045,0.4732450986227402,0.6506839013337804,0.5303196702855605,0.2862530286535052,1,5
SAM000346_tp1,0.32359509186430896,1.8637318928376758,0.7672301252170399,0.8125514649612863,0.2883630407951199,0.3295519150058144,0.2957487857616396,0.4990936131653907,0.43492588726674036,0.6157226225284548,0.3809428320684575,0.21202399218074194,1,5
SAM000234_tp1,0.47956841153374846,2.5262795541219707,1.1241755293997806,0.80715389103645,0.3104458742413002,0.5326417252979357,0.39463867597719976,0.5763550959383203,0.4552496452919097,0.6262701756119567,0.45620470985034745,0.24529968524444334,0,5
SAM000212_tp3,0.4241542787223144,2.116282799944231,1.3725627177266932,0.7463970927910748,0.34345872499492613,0.4466448591978699,0.4042417897990441,0.5549576746400118,0.43357879523405124,0.6397542861744161,0.4772125799423294,0.26735344915424364,1,5
SAM000286_tp2,0.3270795053043344,1.7413659974092475,0.8179942411201543,0.7901423927799195,0.257082855541125,0.32646663415225063,0.2769805162004391,0.45790717869472936,0.43325746756096317,0.6473015469393565,0.32114107831351907,0.18318622474043153,0,5
SAM000390_tp1,0.14534259622900872,0.9396656565755405,0.7352185823681937,0.7001405255641268,0.2642207491683819,0.19279192452879537,0.17583967094857736,0.32460678868069665,0.40654506521169437,0.6065605744518259,0.2695540434120513,0.13552805838600784,0,5
SAM000393_tp1,0.5559194053991657,3.1338100658088464,1.3778449466244598,0.8370407559021952,0.37915815613315923,0.6305710413805514,0.4621108760149367,0.6953589312940506,0.4572739222314353,0.6461166107059089,0.5472632116610125,0.3181768258926756,1,5
SAM000470_tp1,0.5119301068163615,2.701270795998519,1.299098120646518,0.7971805090191266,0.35723161165282463,0.5524368705310498,0.4593839573895418,0.6555034151173789,0.45364176894486163,0.6481913066839584,0.5069006193574307,0.29056771543354976,1,5
SAM000433_tp3,0.4314630042601083,2.4026682348895387,0.7918322302419889,0.6822161325530987,0.28137660884682636,0.4478170759976086,0.3614103514355736,0.512316927250241,0.43589123456068024,0.6339409811571862,0.44961971726865985,0.24358536892676605,1,5
SAM000319_tp3,0.42682869753694347,2.4399370692826077,1.2443891896287174,0.7685181404845683,0.2878875960915293,0.45243602955802714,0.35252673755532027,0.5658972145108679,0.4448551617738522,0.6155280783291482,0.4582344299426312,0.2598451476427866,1,5
SAM000343_tp1,0.41723433835364176,2.6560139333034063,1.07066886834777,0.8050120139566944,0.28928967731057953,0.48483208585095505,0.33883772360485587,0.5498543603815991,0.41912051716715765,0.6340792746861387,0.4322640846152581,0.22832751072844984,1,5
SAM000341_tp1,0.293870708320658,1.7183978232212365,0.7603435335075747,0.7084303950587798,0.2773586173036351,0.333030622827993,0.27016747130229735,0.44319460597699206,0.4225942646195754,0.6391285490200077,0.3614099311497825,0.21116246270465638,1,5
SAM000362_tp1,0.26218783644293997,1.6554140769100414,0.9891736683280221,0.7672465982998184,0.3029515568800742,0.3107388364905607,0.2653513362024539,0.49898295951758065,0.4187851499659851,0.6269840750988752,0.36032184843063975,0.20842092025210296,1,5
SAM000304_tp2,0.4615656086990687,2.7197524119933605,1.1622443047427036,0.7876998070492918,0.2832414811699734,0.4842340040611976,0.3413754939995103,0.5801970507946868,0.43251712900061484,0.6386658479760648,0.4647382501082697,0.28392845907211145,1,5
SAM000276_tp2,0.2113228676910701,1.3672315124459045,0.683444229703655,0.755028263915633,0.2603392428875033,0.2491379896069806,0.2573939102528333,0.4163228341314466,0.41040173354309445,0.6115065227105728,0.32386666668104824,0.18106809866821438,1,5
SAM000428_tp1,0.15270526719210323,0.9982163444392653,0.5646171630282263,0.7125042902077651,0.2511974170403487,0.18112700951830413,0.15206632263648182,0.2995285630669826,0.41157029802474243,0.6097607086819784,0.23065267933373526,0.14943171730267693,0,5
SAM000452_tp1,0.28869804598250065,2.0980907065970986,0.9833700699311239,0.7135817279518066,0.28403896838366605,0.3207353977353503,0.27767067228265563,0.4354659470205878,0.42393521550161756,0.6204353482039995,0.37107139182439974,0.17875499928963032,1,5
SAM000427_tp1,0.24505033790937844,1.5266261923671183,0.9103763540560205,0.7305160457472901,0.282065796608596,0.3048184555811761,0.24430169218246775,0.39072731746242345,0.40060625802804367,0.6330759184975691,0.33545623811192266,0.20281751999610606,0,5
SAM000491_tp1,0.16764127320428848,1.3415402328935033,0.713341017696901,0.6848454246176534,0.2552464730652432,0.24847569831097086,0.16576882916155822,0.3462701193583829,0.41147498244090847,0.5856146395538863,0.2979815500933163,0.15258659762089855,0,5
SAM000260_tp2,0.5527715686008833,2.6046729047224955,0.8096494693838383,0.7847226260077007,0.3385940262869193,0.5426268200049638,0.41356849030323084,0.5905707061812346,0.45338785434350676,0.6455675236824387,0.42008242372255955,0.2853300593902199,1,5
SAM000333_tp3,0.3177239784881695,2.3440462752475892,1.1033353459225839,0.7787196271820997,0.3099393233935213,0.32829826540431534,0.2679409756793736,0.4883361478277927,0.404214489662762,0.6126853588301421,0.3925745807128991,0.18363752312741335,1,5
SAM000385_tp2,0.5548229709478985,2.955506648634662,1.1775966448585695,0.8231744572290838,0.34992288256702353,0.6153748475638957,0.4725235505687496,0.6666484083517663,0.45976985749032356,0.643533759944411,0.5190570790109692,0.31993289409526426,1,5
SAM000302_tp3,0.5592034563211661,2.9941430202319026,0.9033694065870462,0.7780213538893799,0.2742526374018311,0.5570065375748012,0.4619435729722974,0.621001977790583,0.45509562490493166,0.6447136373676594,0.5087727355431635,0.2602572201697704,1,5
SAM000337_tp2,0.24147389458717655,1.2423681723802849,0.8474243795037334,0.7576458091241213,0.2539620036606544,0.22915626999956795,0.22511100899360845,0.39162140942539103,0.3971314806954604,0.6223288353176077,0.28737134953846527,0.18810238651741948,0,5
SAM000397_tp3,0.4203002999178988,2.1567850599378997,1.287556892482871,0.8078142751126305,0.34023315655192676,0.44416539703324687,0.35569168894236497,0.5711488943809789,0.4304249399114153,0.6536472531556738,0.42762687189833487,0.24592598086007564,1,5
SAM000518_tp2,0.39502834157903677,2.0964221825203895,1.3105883830248777,0.7975417611670035,0.3808174744396718,0.45889507129623375,0.39410194207613813,0.5673557384822264,0.44943154773095656,0.6485787782212676,0.4755236858562151,0.24446782587269802,0,5
SAM000485_tp3,0.3843384937842221,2.462017937968927,1.2557479767641155,0.7765406770075898,0.3284390551696519,0.4061558307730142,0.3049545672549131,0.5637415018556827,0.42554823823086735,0.6263009998358546,0.41357682429657616,0.18617593190368553,1,5
SAM000312_tp2,0.2896019509187067,1.611880513558421,0.9945342850135698,0.7818965082889473,0.2884400807869255,0.3036766748841098,0.28005983843425375,0.4310543261578856,0.4136973882345014,0.6160905221622095,0.3717921076886619,0.1942740165322653,0,5
SAM000403_tp1,0.5054987689090286,3.0406015061022615,0.9566194044767777,0.865548646911959,0.33703456916528873,0.5611257496876157,0.3918988321913756,0.6292437503095725,0.4667351734044821,0.6522836771913579,0.4643535285568863,0.2870227733111342,1,6
SAM000281_tp1,0.3695507045539204,2.559879602115276,1.0427593949878626,0.8108505162609896,0.31128843484688007,0.4218912655328382,0.3314177617220716,0.5299961354105023,0.42991357218271853,0.6374944142814476,0.42831866481757447,0.22310673211724855,1,6
SAM000313_tp1,0.33936739113251113,2.0507072126082493,0.7703504222395587,0.7865838010841086,0.3110887737042361,0.39938276349971574,0.29187364758211076,0.44753528125366665,0.4177953738264494,0.6370452982406802,0.3698359112374515,0.20386431141486244,1,6
SAM000364_tp2,0.4922976439545886,2.712811314791724,0.780397337236866,0.7616737891017867,0.2968378117225113,0.46136263948064477,0.35680156300622345,0.5872336742086174,0.4350706699810647,0.6414117264086431,0.5039179970369235,0.27972284903794226,1,6
SAM000290_tp1,0.3816022852596463,2.3022690900424005,0.8933699141239662,0.8081034407144427,0.29719402212682816,0.42863561440468034,0.3637669325630214,0.5177876029784134,0.44012701977667484,0.6110316017736954,0.4233594804460897,0.23347331124676837,1,6
SAM000475_tp2,0.43064019363264827,2.720480318838176,1.015995176897854,0.7471341901059221,0.3038896877630272,0.5075831591156968,0.4183719481913855,0.594199588145086,0.44600826743475686,0.6352227069684179,0.48090921641303264,0.2633399324041973,1,6
SAM000529_tp2,0.16782700431326403,1.350202205694037,0.9513986206908703,0.6773463900747346,0.28138341256719107,0.2672729947282204,0.21812018649121115,0.3980496141153809,0.4159820087404388,0.6110540378283575,0.34300887531734553,0.13545540538182826,0,6
SAM000396_tp2,0.30204814088598797,1.5174313191799762,0.8265069815282655,0.810334538945681,0.25094428430052124,0.30745018720836803,0.2459588692863242,0.4635960506596957,0.44324418860438486,0.6389417251903633,0.2894100490124363,0.22709365957178576,0,6
SAM000333_tp2,0.2974425401106269,1.9740970421822843,0.8237007646195962,0.7931636471734584,0.31530496739612107,0.31299459393025164,0.25206533780957124,0.4756226463839407,0.4071293297022043,0.6143394446870559,0.3754830074158171,0.19426960097979418,1,6
SAM000217_tp3,0.2186504509264489,1.4052855570743328,0.7015443153866311,0.7229127223668455,0.26892917684294326,0.2678258746777534,0.25273151411308337,0.37588836726383124,0.4181278828560327,0.6092547071350579,0.3240841310054009,0.20288952144951125,0,6
SAM000320_tp2,0.19129855741673013,1.24894356289048,0.6731893250168678,0.6971158621017891,0.2441735517595559,0.21693747196975383,0.15845579690109837,0.33564017094523246,0.40393539295899894,0.6294419875797045,0.26860970101614345,0.18979372394848062,0,6
SAM000237_tp1,0.42275309411016404,2.4912565843246344,1.172541121409912,0.7830651023661942,0.32060504920000016,0.4518622501546824,0.3520485611852225,0.5703338623484985,0.42904902693285296,0.6413419641848647,0.42815817417725627,0.24634351813027305,1,6
SAM000495_tp2,0.26285855076624787,1.3925887107611887,0.7848791392571948,0.6516396044154779,0.2874203376355531,0.27919128340673904,0.24672158917711212,0.4127139642862258,0.40841466665816667,0.6233985102407735,0.34263197605527584,0.14994708009568167,0,6
SAM000361_tp2,0.27810664224166254,2.0304176909559772,0.7696774735103314,0.7472143090329828,0.2677789463190608,0.32096427746069056,0.22541562232730974,0.4358025185826926,0.40238507467643964,0.5975978489323498,0.3528562225906767,0.15947062264454068,0,6
SAM000484_tp2,0.402395138202113,2.3708407180111495,1.3511826045644637,0.7138068863447515,0.31979583725292043,0.4586476893280238,0.34189239736191823,0.577920515362329,0.4184013440924977,0.6377035044446369,0.4395251359354972,0.23856362055379982,1,6
SAM000302_tp2,0.4889434799307214,2.9970003660902234,0.8750667077774555,0.8105825935622248,0.2827573908570664,0.5163211388399668,0.404644783901444,0.5980066013295994,0.4215111641873871,0.6456581100245706,0.45021688243980146,0.24966496511338895,1,6
SAM000401_tp1,0.27709258687102084,1.9223128287765243,0.8736954398116636,0.7686363013618092,0.27716830011381866,0.29042919919133703,0.20540959169266013,0.4505301629548662,0.38917555291746714,0.6235417821435798,0.3221671557536984,0.18142646116945407,1,6
SAM000245_tp3,0.48183439626790225,2.6119626565202783,1.115904595502198,0.7966724113469781,0.30984280058698865,0.5037449843696775,0.3955370683564437,0.6050959121599506,0.4360651292677662,0.6287169241688306,0.4681182225922635,0.25172796701415906,1,6
SAM000270_tp1,0.26994443679704305,1.6857434586314444,0.7044889147815373,0.7343654671024388,0.26115980249880427,0.2725506895190443,0.2125141006488164,0.3902952751086708,0.38993869808879467,0.6114298666489301,0.3155069448191578,0.15038049859886563,1,6
SAM000471_tp3,0.5206918909068355,2.947028309582087,1.0309273412322377,0.8353286597573053,0.34202118865259995,0.5700580361593449,0.4198414195167643,0.6392350950032718,0.4623798495312602,0.6471722726798959,0.4833925879095826,0.2689012837919572,1,6
SAM000477_tp1,0.6901736557875059,3.4547001957580687,1.1706391921673194,0.85819201811122,0.3179302143849387,0.6621696466208934,0.5495309633679011,0.7254828951971254,0.5117157375698657,0.6578030098663896,0.5693639018008616,0.33818919988851204,1,6
SAM000266_tp1,0.20877470363083717,1.3225254898580312,0.7397998604855327,0.7513949130771499,0.2559982189547828,0.26721923487051213,0.17160305265452977,0.3636104099181302,0.40130636780570755,0.609197176237091,0.3231427469539515,0.15675748343640028,1,6
SAM000265_tp3,0.3862349256205897,2.1364048435884033,0.8954877251152767,0.8007430589471253,0.2887469080352861,0.4335690979739195,0.33234762527871753,0.5295532368856084,0.42785656498612923,0.6344538200857399,0.4405523686276254,0.21953994024162773,1,6
SAM000466_tp3,0.23337480710494396,1.5304690147581446,0.9816283144381235,0.7706471094406574,0.2833125104823086,0.3121164017574863,0.219592707887924,0.3870114891539002,0.39817786251102255,0.6034255836013523,0.31108296932336166,0.16689484968094054,1,6
SAM000400_tp1,0.27990051588302695,1.9862962792945305,1.0526149455377953,0.7325633677227305,0.3000238744547351,0.3393047404332305,0.2598621874187202,0.46074869573968186,0.4104080852833983,0.6168929280637425,0.39090937983083585,0.23525229388757085,1,6
SAM000301_tp2,0.5504461185330206,2.868585471420799,1.2572411285431455,0.7948272256057239,0.30793390344811394,0.5895151889019802,0.41284375981164556,0.6817151851777006,0.4631087449442055,0.651405399793194,0.47526826826283847,0.24433268072497696,1,6
SAM000238_tp1,0.2705935029785412,1.6679560882430644,0.8405077419113063,0.7409705728850325,0.2759565387951478,0.30131972502311777,0.2453325576965637,0.42838438564365555,0.3908907109685849,0.6157688491731536,0.31932573910592155,0.17980787317605715,0,6
SAM000523_tp1,0.25517811944578866,1.555693513223321,0.8876349751000966,0.721312215428001,0.26967855030574167,0.27447085408692434,0.2446660194797242,0.3817591138261167,0.3988791276184,0.5956863835522722,0.3384409644941636,0.19018601970534418,0,6
SAM000425_tp1,0.3482845647588145,2.1000724717971693,0.9811309857072823,0.7602230904039583,0.28245014432017845,0.367548164423956,0.2677594734457204,0.4872324744882157,0.4230332873821937,0.6401139567173901,0.3992059755713337,0.23565040074345642,1,6
SAM000261_tp3,0.49097092028527994,2.7343378780276577,1.0072492873164167,0.718063486593704,0.3322996800041125,0.49552197976692774,0.43509694470256804,0.6035024775446811,0.42093692985041153,0.6220239263762847,0.4727288859859355,0.22505463140081464,1,6
SAM000277_tp3,0.23511751241182335,1.6292467319717778,0.8211353030781342,0.7530065194065488,0.26304847800922637,0.30305603816107335,0.19942384577000904,0.39639119395188804,0.4154643567045462,0.595474570390436,0.30205934135522955,0.2133697517537418,1,6
SAM000201_tp2,0.26149401905933184,1.6913650800278648,0.8572029431235623,0.7416363775808561,0.2724829015829128,0.3041283412583082,0.23303928272421592,0.3798652429975541,0.415410299981733,0.5997648759816315,0.3277620564851256,0.19149510015259344,1,6
SAM000235_tp1,0.31161823414454864,2.110547431630917,0.8907575827234546,0.7330353611717717,0.28571339000232354,0.37240203113801534,0.2541026780024637,0.4915590354051912,0.4088477190961469,0.6286641735123762,0.34449716964294114,0.17230240675328415,0,6
SAM000232_tp1,0.35854879602695944,2.2356062446457057,0.9233305002299069,0.764838869754985,0.2834567763588904,0.39855185040261276,0.32924377312869896,0.49770414304449284,0.4066654291137558,0.6336314436270125,0.4015239821431142,0.2158979107719159,0,6
SAM000216_tp3,0.5440901669586649,2.99290598955252,0.9566559976082836,0.8115607183383318,0.32358278389641854,0.5591596066632062,0.45121199058639716,0.6132581815792876,0.4373470494890577,0.6446937806849077,0.472663591426496,0.25561319467786237,1,6
SAM000209_tp3,0.41061004205936336,2.3572867800976636,0.8898460976178117,0.7466489813288223,0.3055653789624689,0.4694277141373137,0.3920223942252051,0.5637584841860681,0.4585370591336952,0.6420931713551492,0.46280556565241854,0.2533190824819537,0,6
SAM000220_tp3,0.30460965329230516,1.5908303532504482,0.9309632552957099,0.7059497326670626,0.293780884816936,0.3188071799284017,0.28808113653327705,0.5025231655294867,0.43065385796498645,0.626728677070018,0.31889243370559156,0.22383817319320237,0,6
SAM000238_tp2,0.22620226263905374,1.6531693339017308,0.6730814787825756,0.7520904484160756,0.2538093128946307,0.2538007404368473,0.19148413988773144,0.4269051778952071,0.37079786103080137,0.6119065115487737,0.28678036889361386,0.17893699686012313,0,6
SAM000340_tp1,0.3388609291783062,2.5120668950584113,1.175641730556962,0.7682269289748596,0.2866676201672236,0.40903243758050434,0.33286823926443615,0.5215740309541168,0.41687192916078053,0.609368038773672,0.4209287966923527,0.2406980913797399,1,6
SAM000286_tp1,0.2512523712697165,1.5404248724179022,0.909072680087694,0.7150598189647465,0.26580531363594306,0.32017795729402765,0.20292494388438828,0.36416397034698306,0.4288601823767233,0.6113006322137068,0.2718573983604577,0.15139357220562372,0,6
SAM000411_tp1,0.41333050715185776,2.379732619046981,0.8554334662086692,0.7809119133677362,0.28694088044442423,0.406871869763533,0.31235026422244716,0.5201117907575217,0.4233626350384535,0.6343029135917226,0.3841629991558617,0.22624368425551122,1,6
SAM000407_tp2,0.2744317057775975,1.5753496330776526,0.8910680916106131,0.610327819709402,0.2831708438876071,0.2914542292108,0.25992177142438416,0.4021693226810137,0.4068262137982385,0.6117474620009148,0.3221666777035164,0.20278610924262389,1,6
SAM000206_tp1,0.34101899370208955,1.834560517389377,0.852035966547185,0.791254594185294,0.269381639245693,0.34958608290942933,0.26208746240325687,0.4793355314507376,0.429707623180706,0.6347217722174371,0.3566305002519164,0.2248097731496366,1,6
SAM000448_tp2,0.47278265996489294,2.674055624079429,1.0873040713439086,0.7984083951444465,0.30790501443606566,0.5129379192204323,0.42040647419178334,0.6288592627118627,0.45496413006461117,0.6480799448823131,0.475527222777216,0.26481290241670197,1,7
SAM000476_tp1,0.5849244691438168,2.9871135721345223,1.1303193137104688,0.8397906123080199,0.32871896783751564,0.5461657728814573,0.5154938491931732,0.6796996795007211,0.4780282520487752,0.6538529639540073,0.5465715698753626,0.3092921160987745,1,7
SAM000285_tp1,0.2539365947968004,1.653809608382265,0.8489111555502226,0.7471939369093745,0.2697602320360757,0.28084129074659014,0.24115407641248285,0.44703192571127626,0.395520470451593,0.613091622394306,0.33056296972317595,0.1769617470090886,0,7
SAM000257_tp1,0.22663833452514845,1.542001112986933,0.6811258023076278,0.738256518144236,0.2396921888121829,0.25337834127566017,0.20760310885300207,0.3535272503219019,0.3964641934478198,0.6177023360475211,0.28009758976260185,0.13174338778048303,0,7
SAM000282_tp1,0.3809362808548555,2.4045750874106533,0.747200901545459,0.8133799931026284,0.28798796266832094,0.3870817428236793,0.3417958413951151,0.5299254774015436,0.4511808291135964,0.6511193877747248,0.3391536983770658,0.2266440261342344,1,7
SAM000203_tp2,0.477450037576309,2.948812714888057,0.966664595177906,0.840085465687697,0.3077642180338758,0.5120542163639822,0.33505345761986893,0.5731680761862398,0.4525017387656344,0.6390492587415765,0.42222340043605455,0.24187831109152466,1,7
SAM000515_tp2,0.39253741714243146,2.5379245795968184,0.8201021549226517,0.8020480559861412,0.3277712612652832,0.4335503087356935,0.3881371207414416,0.4992987693486276,0.4040269770719624,0.6529387571575143,0.4433278643426092,0.2843380259829503,0,7
SAM000314_tp2,0.4125327176224964,2.2617589432943186,1.1047919275416027,0.7886187927487821,0.3023507450000902,0.4454676748120609,0.40260527135828644,0.554425895243103,0.4303158916303345,0.6353728459419873,0.46415989419122283,0.24599309382926043,1,7
SAM000221_tp1,0.3567694938547596,2.477324767987751,1.144490489964156,0.8460922039786146,0.3320567879426275,0.4425069665729152,0.3545987638320243,0.567282830932197,0.44401331784983583,0.6516260840753938,0.4400667705634214,0.2646763991936698,1,7
SAM000398_tp2,0.37999957801471757,2.0398126540228567,0.9716694555918726,0.7110099328073466,0.27582315418945247,0.397799991095632,0.2971153719493246,0.49617410127788397,0.4487526224391325,0.6269380985505761,0.39714417446815586,0.22728396660932113,1,7
SAM000212_tp4,0.41699894488403527,2.2908085589699168,1.2587886239019834,0.6744400603826284,0.35195115111876385,0.4695961179899521,0.38465885310569575,0.5875201054228535,0.45115295967202085,0.643093289207946,0.47005176654155184,0.2466255034884863,1,7
SAM000351_tp2,0.23633467776195924,1.4128071486625404,0.9505606866724132,0.7455253182106617,0.31656805949205147,0.26307153686993995,0.22063189764390287,0.4081651933155805,0.4077752652397095,0.6144998715128447,0.35018878478423154,0.17289612731825243,1,7
SAM000271_tp1,0.5890346588908727,2.991298750189444,1.2519156921206451,0.7915976970621245,0.32081448295240983,0.5967831517771345,0.38554636677426324,0.6569858965415599,0.477235671562812,0.6601231940208916,0.5309102819313074,0.3366418492830153,1,7
SAM000481_tp2,0.4948343335147941,2.5180640977303996,1.1369937657030416,0.720368513481333,0.3161852420419084,0.47114026750034926,0.41942919210563173,0.5957008911984283,0.46778593485783465,0.6471795073464789,0.4840671340325494,0.24506593441216096,1,7
SAM000323_tp1,0.45696203322020773,2.8254041931768303,1.0584071891203466,0.7918835336719977,0.3185366169480343,0.5232244360654261,0.38000678024137585,0.6068115906267202,0.4520456328388962,0.6500934331859171,0.48342268945434536,0.2694809934040958,0,7
SAM000447_tp2,0.45676720585119385,2.4428728884281568,0.9616409682343147,0.7782937175615046,0.33958782863886605,0.5271678922676621,0.3960446967112901,0.5613531249667073,0.4415289768187838,0.6346980750243724,0.49323273741407697,0.20750634728045877,0,7
SAM000325_tp1,0.1891975066015283,1.0667264442480329,0.6212166271295442,0.694201409148436,0.2709370125774274,0.22694849386330007,0.17714304594060837,0.33595936051208364,0.3883711550348887,0.6079682266937279,0.28758625181847774,0.17994062812008932,0,7
SAM000367_tp1,0.5515279169985181,3.002494964256534,1.169940539682449,0.7942951779428271,0.3130339910789583,0.5640078787390389,0.4658854498711862,0.6473187924044275,0.48416995078725505,0.6591048517766869,0.516466487269431,0.29609819282511357,0,7
SAM000250_tp3,0.2500966935480271,2.230854646471128,1.0527357293373425,0.7005035126617409,0.2878367383505927,0.33628825542378726,0.3042616321473556,0.4842672047181123,0.43096007917474133,0.6129171314474404,0.4266729585890377,0.22941557010442132,1,7
SAM000498_tp3,0.31129475143615853,2.2441007415815144,1.2665525127108008,0.7530384314201342,0.3154732793214982,0.37359412125083724,0.3674536928640788,0.5093067334351431,0.42838555582460003,0.6220766399691747,0.4542381793570715,0.19632868936700845,1,7
SAM000210_tp3,0.45165524876228597,2.6726821945897425,0.8008298512018102,0.7801185931990863,0.2845224457911722,0.4258540259300737,0.3688307865878037,0.5445995597939022,0.4426943508325076,0.6388601293827968,0.4556899052016419,0.2504339386449835,1,7
SAM000211_tp2,0.14977305546033207,0.9908416623976027,0.8734043907885953,0.7474731184649535,0.2662000133982445,0.20485400023883252,0.17356690713470055,0.3286592620724905,0.4000788953756209,0.5984274963000265,0.33451772230902627,0.1294140746930989,0,7
SAM000485_tp2,0.2961184633069065,1.598618003225876,0.9358563152458045,0.6578274941247179,0.3089119041303504,0.2826732341475255,0.28444815326669315,0.43670786240560366,0.4048707014988458,0.6210350788300703,0.3436743262287423,0.15664063917596635,1,7
SAM000253_tp1,0.307951943427431,2.4243494421020486,0.8287531795452843,0.7837102199089485,0.298222515057836,0.35888922793060507,0.27309760092991964,0.5148654579066723,0.41504895832199096,0.6196822171746011,0.3849419135345832,0.1968899982503959,1,7
SAM000484_tp3,0.3639867528737914,2.5433335921244495,1.3168042758871348,0.7514222914790714,0.29414068081072603,0.46036741479891014,0.33362665390298707,0.5440281197477846,0.4209803551436172,0.6532485394144174,0.36516088142675684,0.22100087186775447,1,7
SAM000445_tp1,0.196822058012213,1.2267548117560256,0.8530292971594541,0.6776568862819525,0.27569720543549936,0.2338844092530853,0.21617477369359644,0.4184187841154853,0.42469275777608717,0.6392056305665555,0.33831278678000387,0.19058301182473503,0,7
SAM000245_tp2,0.4276456965254157,2.614426826021035,0.9938902502563365,0.7885410121386272,0.317000536823339,0.48022764820161434,0.3973649752475484,0.5653623780850162,0.45416073316472316,0.6132195650202725,0.4730254141773355,0.24298654590916002,1,7
SAM000384_tp2,0.1882672144711692,1.4756550271325621,0.9905356772536668,0.6166587627137846,0.28505175112321096,0.2624439935101385,0.24541227213035377,0.3931702710107722,0.4221495624198102,0.6142499921240249,0.35313234126513393,0.1572042566918579,0,7
SAM000356_tp3,0.667557952834926,3.3617070823430515,0.8192707820262592,0.884471217607924,0.3133790940749903,0.6022881025259258,0.4858280271800867,0.7018670948771255,0.4926299795545678,0.659567737163501,0.5097241576165432,0.30313203952021245,1,7
SAM000248_tp1,0.16393407281493322,0.792688373831797,0.4736964532507345,0.650204995555966,0.262631993869196,0.19559001230257883,0.17126910800893025,0.34267489487635266,0.39402762686940984,0.6192423457386461,0.25206665834653547,0.13472145944311742,0,7
SAM000243_tp1,0.5120470641751771,3.0393260287964443,1.3031504388944992,0.866304581525779,0.324424944331274,0.5802032997998982,0.43120220173208024,0.6572604387909655,0.46530684606028266,0.6676935590500825,0.5136215493715349,0.279262150119821,1,7
SAM000276_tp1,0.24479807889913008,1.8237943534324887,0.94957467566623,0.7264300531936836,0.26882876282173074,0.3029119821066308,0.2449680136466273,0.4736064837914748,0.4129176974288219,0.6171713403725805,0.38060198589629607,0.1588319510359191,1,7
SAM000354_tp3,0.43612221615883123,2.941735207908838,0.8996784549492582,0.8202452021757136,0.2968597325878555,0.4803604925402956,0.3817879329568317,0.5754462565494362,0.44185488446857674,0.6492574683718786,0.4602841858525079,0.2242973264072798,1,7
SAM000424_tp3,0.30155004129699614,2.1577275772204403,1.0769515219029904,0.7754292535040438,0.29777832506625657,0.339592060431293,0.23620355640103383,0.47436175433847716,0.4143223966460543,0.6267125942814018,0.34212672821362994,0.22495209050102327,1,7
SAM000236_tp2,0.33716847585131504,2.5766603124123835,1.2985034221000524,0.7949974302975826,0.3182224917429355,0.43259446699238474,0.31949550710684194,0.5441284050923568,0.41894232983446555,0.6362616080552155,0.40609472221949006,0.2417887996054854,1,7
SAM000366_tp1,0.43645868117481207,2.4590737152817153,0.8346290718237644,0.7602608719065571,0.30022514058637506,0.4375795097138625,0.3502099598266166,0.5210040320530654,0.4189807178448882,0.6389570979509825,0.4017067624799834,0.24643385859050884,1,7
SAM000446_tp1,0.14408307261339887,0.8293406706559455,0.5998727274088176,0.6496103731639011,0.2451170980426626,0.18059972978406083,0.17970297507345281,0.33850559701435573,0.38845954544469047,0.6097847638225155,0.2375229749969839,0.12306757086100006,0,7
SAM000299_tp1,0.292258157455234,2.0099340668371766,0.764113974439001,0.7471447274370052,0.3010945514217604,0.3227392754624502,0.2742361115982584,0.43421176485578195,0.39844399775152295,0.6122164142650535,0.38180425887554104,0.16249716249434853,1,7
SAM000332_tp1,0.17232128016429274,1.1197810680272717,0.5816306829804646,0.6426313654407312,0.255161538150784,0.28324249486369313,0.20312333724458437,0.36101843472585804,0.39651466319769624,0.6212017530189322,0.2871374122534938,0.1462759951740521,0,7
SAM000247_tp1,0.15244214196405456,1.1429903265261638,0.9646178013921852,0.704704495391781,0.31450242484274243,0.24951894534973826,0.20385630363517998,0.38509213386227237,0.4029353681207299,0.5935129732158054,0.3944631443224194,0.15648488215654419,0,7
SAM000251_tp1,0.38800367952103165,2.3176356375354317,1.02206512196083,0.7884308273360975,0.2918488405124581,0.407236671227293,0.3530365934471913,0.5524847597263186,0.44616036754703947,0.6418865766763379,0.41488246282517577,0.26742188968402153,1,7
SAM000487_tp1,0.5229200485200326,2.7236758578190914,1.1339024548826133,0.7433617769409424,0.3452841082329037,0.5602527563470991,0.47890835137479654,0.6506164069113294,0.4696370768144225,0.6520830987492632,0.5236050205925598,0.29007288900135036,1,7
SAM000307_tp1,0.3650409510223116,2.4798363993339256,1.1465807417962597,0.7799827300033982,0.3217262514325136,0.4500529114059129,0.34303923757293653,0.5618854601388069,0.439726795628581,0.6195581108408714,0.41085167758605323,0.23164432642213678,1,8
SAM000501_tp2,0.24081825729237252,1.4638830319552145,0.9197417507878294,0.6940616304645434,0.24008528216112904,0.3165913295702762,0.23564747109536466,0.39530491804379764,0.4210024831931917,0.635264812659382,0.31843936490619973,0.16459545057665348,0,8
SAM000496_tp2,0.16416049865270413,0.828037975011004,0.7138441421594344,0.6976569117183893,0.27714148754030044,0.18308691397269286,0.18012087301510646,0.3379834306328112,0.3958579123464222,0.6024321713895099,0.3115566321004767,0.16305485005618867,0,8
SAM000476_tp3,0.5125522585272156,2.5628170716274457,1.0862845751621037,0.8267216001941924,0.3190493314347936,0.5136781436762305,0.43090645208495204,0.5400534468426806,0.4514224733919264,0.6354338340661939,0.47147643727991984,0.23289744012247662,1,8
SAM000348_tp1,0.5030480710095229,2.8193934029000065,1.1149925336904682,0.852001225322629,0.32220959500002194,0.571596353695109,0.4350355929576637,0.6484089925577605,0.4627741936284198,0.6500621492032631,0.5223785279552324,0.28706285024111394,1,8
SAM000217_tp1,0.145100488768097,0.9178286705768477,0.5536473849922049,0.7055486238565947,0.26337533290895965,0.2186958256658382,0.16789712222048486,0.31799422620399226,0.42083549592068353,0.5956778961863453,0.28163515154941754,0.12205005565181332,0,8
SAM000246_tp2,0.33683530366592457,1.9819446965883651,0.970538137024576,0.7289332830314074,0.30946869406401256,0.40614408460971646,0.3631543780408883,0.49890703618469573,0.4204930194493808,0.632788292673641,0.4055808604810084,0.1938812563471168,1,8
SAM000342_tp2,0.36784537737680556,2.2684819965772984,1.1827951123250144,0.7397127147999539,0.32468864688817023,0.40313697332225956,0.31649586297530713,0.5417674256286298,0.42953043413832015,0.632999021300959,0.4222695773085274,0.20462395009052606,1,8
SAM000523_tp2,0.3124286176019087,1.959985579349512,0.7518654018994309,0.7174305212748091,0.2774286866454299,0.3270467635257297,0.28387567223095544,0.4878540238451382,0.4333935044388857,0.632029746116945,0.3696281622451432,0.19257754181227235,0,8
SAM000388_tp1,0.5053646365118157,2.917772295722889,1.3112091449390804,0.8148877293740191,0.3532807455661207,0.5554333796584207,0.3813130684026666,0.6533870940016233,0.4573679418681572,0.642535858634246,0.4893511747758978,0.2360147426530033,0,8
SAM000228_tp2,0.33443669467560255,1.7917905365605618,1.0313269629362807,0.730971115290209,0.3240015199830167,0.42630667646905607,0.35270127879419816,0.5989724301125352,0.429549756046886,0.6522405063396773,0.4561829666508564,0.24596433679997587,0,8
SAM000350_tp1,0.34808479845368157,2.1407307433564573,0.8181945016775717,0.7781413996438384,0.27546475289136585,0.3518717066443501,0.2901235647122299,0.5490016222038357,0.4148609718146523,0.6274301528014855,0.40348821487798153,0.20426100529164803,1,8
SAM000307_tp2,0.43293313496350355,2.717722364432618,1.130010748880914,0.8208603967874393,0.3273000131182059,0.46620633989384996,0.37529823760416947,0.6244521465484025,0.45256162795714844,0.6444627353950335,0.4660795929126163,0.2638885570581375,1,8
SAM000277_tp1,0.24505144215241695,1.658745580760859,0.8053139703200923,0.7494228231169734,0.24101625014600003,0.2894346501882028,0.19495760648520616,0.3921468223516387,0.4164944700541984,0.6215972732147449,0.28478109096254967,0.1569716374278195,1,8
SAM000397_tp2,0.2764760734377316,2.0183028868528514,0.8756571908783713,0.7418444386399127,0.27599613535943784,0.3557967947704044,0.2763863409673148,0.5183892949791041,0.4331240036773725,0.6436254031640138,0.3765764683593818,0.21144245869894746,1,8
SAM000421_tp1,0.5098917320009585,2.7974839454090032,1.1916825093824612,0.8322477734433816,0.34221680399943344,0.5938911533279145,0.48716202252406865,0.6556955347707644,0.46289835259630374,0.6764980445025535,0.5196229002427043,0.31896611777165396,1,8
SAM000440_tp1,0.19695119187405769,1.4312075740732706,0.8872084859638332,0.6991695196201368,0.27974305199459865,0.25691051537976195,0.23749743177584673,0.39787428153964555,0.4015018892329029,0.6098092767108678,0.30814719142541264,0.1342868708504231,0,8
SAM000319_tp1,0.29156223305961054,2.037439379322575,0.7745357182722897,0.7884533637818888,0.2858794425542136,0.36598175392419535,0.27833436174382714,0.5165350154698304,0.42236678838661446,0.6137754773808412,0.39642085120361875,0.23643156485924322,1,8
SAM000495_tp1,0.22162354586816607,1.2870134717766049,0.694736593773861,0.703809320431464,0.28376144986964236,0.23640961183960954,0.19983702175379597,0.3699114867329402,0.4041979082453641,0.6142780222655418,0.3415648992969155,0.14947484635979882,0,8
SAM000396_tp1,0.3560936371472064,2.043343871965349,0.7674621884723267,0.7007416119966406,0.2537797723939971,0.3445505875234275,0.2955822907461857,0.4135270021778276,0.44306839681711957,0.6270559394867117,0.3729527481139715,0.22078791858281338,0,8
SAM000527_tp1,0.16452887982899053,1.1195850549705617,0.6121838550567464,0.7080018083254348,0.24240727683028174,0.20175800587935855,0.22922501005862103,0.3232108526700614,0.4059394201796237,0.6209034095059474,0.2919081242349107,0.13118904716679433,0,8
SAM000209_tp1,0.34907867011623467,1.7590777372875894,0.8283643864521696,0.6994188356300761,0.27570261015882574,0.3885798319797336,0.2448366182200724,0.44333459128659053,0.4527568145927167,0.6322721128150879,0.40506167193234605,0.187531036619823,0,8
SAM000273_tp2,0.5453320256541413,2.9159477511916583,0.9309471300955746,0.8255825049273027,0.31769612606690273,0.5790788050501883,0.479335033076731,0.6361412562093842,0.4395332167807544,0.6296816066399891,0.5065103946770775,0.2548577353321887,1,8
SAM000253_tp2,0.31588577150995834,2.1197689349541933,0.9375618746145844,0.7407561187755641,0.28697359758491514,0.36789064365446433,0.28637343791969266,0.5026221365240278,0.4276005792632169,0.6263870137199151,0.38651693008667437,0.2533072151025788,1,8
SAM000202_tp3,0.25756500394488974,1.4333519765704532,0.7005042432884775,0.7257814517537995,0.24583935903030657,0.2568008674312784,0.2410337573254556,0.417288998178644,0.3941998300093977,0.6300696780382994,0.3533628363024169,0.19056179313748609,1,8
SAM000319_tp2,0.3250031003214955,2.423600769546408,1.1014631954610967,0.7345639970208003,0.3244481774580402,0.38245379700314275,0.2898804909309711,0.5518066020517558,0.4130134337792133,0.6123280573659845,0.4105293791477668,0.2649731774012522,1,8
SAM000498_tp2,0.32078147809826724,2.0349446523382184,1.2186270898064107,0.6434677504162454,0.3413254543538497,0.38367638964908446,0.3749978315956631,0.4823030971519768,0.4301648067267433,0.615411067031002,0.45606427322075827,0.21129968412253017,1,8
SAM000265_tp1,0.504314970099315,2.685764455614654,1.0499204962192452,0.8367782101403951,0.3093311906310129,0.47685919070293786,0.41485088287851435,0.583046673534745,0.4436549134933333,0.6447354622473782,0.46397876826017437,0.2804727182484888,1,8
SAM000347_tp1,0.12156286622251657,1.1164707483799967,0.6835765187394172,0.6983434708881979,0.24975338286753568,0.19358892031037864,0.13839426722971931,0.3026272069579055,0.4040299409029672,0.6043929588418633,0.290667568529388,0.13253939542472412,0,8
SAM000368_tp1,0.2544250692985607,1.8644412799401382,1.0872677187712403,0.7417846084814029,0.27298345488515585,0.29738163519692523,0.2739645470337619,0.44017678526925863,0.42693741193542323,0.6428097235935798,0.33786724925208683,0.1830109044494411,0,8
SAM000314_tp1,0.2875812757861722,1.679099673404441,0.816277862431142,0.7745673696663754,0.2950366215489559,0.3294501094421694,0.30352529207748347,0.42463718516520077,0.4151716601232568,0.5735011700624569,0.3806669332182529,0.1995468168760382,1,8
SAM000422_tp2,0.5289257084397682,2.824121701300237,1.113036208906833,0.7821738923996268,0.33396325581277386,0.5555281879722491,0.44435888157699105,0.6515607730442836,0.46394471235064566,0.6334732164871911,0.5155234441926808,0.3098501213988281,1,8
SAM000500_tp1,0.26383337764284726,1.5430562733514233,0.7253303198291546,0.7356033764524079,0.27912090935848693,0.2942505069017226,0.2763938971060022,0.4263484686191968,0.4280572721842424,0.6436240087702774,0.3692959939952945,0.17821626888965864,1,8
SAM000408_tp1,0.3704912050093401,2.4386866132175844,1.0848681974928163,0.8032847889599343,0.30464156784767416,0.44053781633637695,0.3030475849518109,0.5861684649817609,0.43562896729694556,0.6397561767147568,0.39997102309848537,0.23385626153012432,1,8
SAM000276_tp3,0.2085142931806244,1.4097175792270387,0.7029481050696783,0.6714071967909299,0.28269766352366593,0.2624806982763888,0.20800822946429243,0.41654566069139887,0.4187815864658419,0.6064386776414645,0.35178264362839357,0.18757253261375811,1,8
SAM000434_tp1,0.5802078422522325,2.945404156171283,0.8311069000300623,0.8619486061664341,0.300016787238857,0.5611722803000729,0.4817762690131835,0.6207900492110228,0.4613292535251759,0.6475479847782369,0.4857523561901392,0.2995927333767769,1,8
SAM000313_tp2,0.30318454834001424,2.2856106610300437,0.8798959295990987,0.7577410569881775,0.31441115176271145,0.3745022796378249,0.2977637967179297,0.48508862102595673,0.4130025266307631,0.6401604294387582,0.3778213718881915,0.1728790520488199,1,8
SAM000315_tp2,0.530217171859728,2.639147516851861,1.183533244804414,0.8345888639941123,0.3441026932219301,0.546947336913695,0.45123643762157334,0.6176015510644837,0.46009988346380043,0.649030903822122,0.5115786690048955,0.281589352104605,1,8
SAM000484_tp1,0.41882631088682026,2.2169161259994286,1.135445102111413,0.7893006682597995,0.2978378602100339,0.41522723309647425,0.359827065001932,0.5575421254597004,0.4252610868236912,0.6453143267642879,0.4267742577722202,0.2116243013697168,1,8
SAM000283_tp2,0.3069395852563459,2.2258375347867645,0.7546871286290395,0.7454117028717799,0.30748069028636665,0.3835878986566739,0.2757849319637042,0.447662538588649,0.40878905525065595,0.5842291195117221,0.41341970550389695,0.15168352094541993,1,8
SAM000268_tp1,0.2846342269795023,1.9205551393907998,0.7804888366245915,0.7141492144131883,0.2649798837847737,0.2762860276543048,0.22260993496947276,0.43106131260162356,0.4082964016224663,0.596766225823273,0.3827140809853738,0.18914854505475695,1,8
SAM000361_tp1,0.45940034558650267,2.658399371855548,1.0864906310604492,0.8031341718947091,0.2985225896388567,0.4846226564226409,0.3346799415550109,0.5920291633975941,0.4571015013981222,0.6488269433395463,0.42098398547255267,0.2622505163703285,0,8
SAM000363_tp1,0.36150379361086027,1.882894145968299,0.8339344024899976,0.8054439852003774,0.3059111509269398,0.39289636841912823,0.3378374999768539,0.5020611396104613,0.41872699879577346,0.6315923075580032,0.418425267877898,0.22665915430927822,1,9
SAM000250_tp1,0.48389467000410585,2.5241797695638843,1.0014444947243222,0.8156609816947283,0.2949112503675969,0.45782827775519086,0.4425431627587531,0.6065132544917886,0.4485410694538858,0.6413613664489286,0.48576519090547954,0.2548631255379213,1,9
SAM000246_tp1,0.40356170748379633,2.2828682079167404,0.8260778803107115,0.8165325246831817,0.2861901981479717,0.43019768973804995,0.38805324623267157,0.5350138109937184,0.42638647861747436,0.6407801382127309,0.41735042927076044,0.2206955837864336,1,9
SAM000436_tp1,0.3224801711618339,1.9207387811598822,0.9711312412643112,0.779532451509465,0.2996013419486116,0.33165419300721055,0.2668910574187816,0.45585549313149754,0.4162520745624867,0.6251895483982622,0.35474272839552357,0.21217048072714303,0,9
SAM000418_tp2,0.3556494969638995,2.0416774579904398,1.0386556386844217,0.7298949368161698,0.30008446114936893,0.39410476255655874,0.3138743632867007,0.4999469016232048,0.4239163578736204,0.6215142213134355,0.40004899760417806,0.19843461231750958,1,9
SAM000240_tp1,0.3930844166075608,2.213381129275923,1.2762171125780397,0.8073876125083753,0.3245573099336035,0.40759561314372655,0.3364949996996446,0.5368751505841292,0.42610462690524054,0.6357147740795154,0.47876882612677235,0.27040131407530393,1,9
SAM000428_tp2,0.42116809963098023,2.162755245289694,1.1394679438816946,0.7280091142169439,0.31002295441426364,0.3884443304907594,0.3524083871388852,0.4975760847920572,0.42586125425817295,0.6295967255669916,0.38910962075621386,0.21418653770750862,0,9
SAM000241_tp2,0.4703738442456436,2.888264394517048,1.2071084662160623,0.8153418406567031,0.3040499693288223,0.4643306049404844,0.37755463463961825,0.5503670384294956,0.4210274442603685,0.6286104557771327,0.4525609648506764,0.23585261870400426,1,9
SAM000529_tp1,0.15060505263820573,1.0350063193317738,1.2021631269660977,0.6716512794160135,0.27062063611933995,0.27321863444668926,0.1860235920162188,0.37711430019188014,0.40418097741050263,0.6012347316720036,0.32948083088320096,0.17126104553411253,0,9
SAM000422_tp3,0.5430252180524993,3.3416336700688056,1.3581833640187495,0.8274219112998383,0.3474215058674637,0.6099476739930033,0.5201263767776705,0.7170317712209356,0.473896699515208,0.6474750859534723,0.5163226842686476,0.3230878311046307,1,9
SAM000373_tp1,0.24745393574215618,1.239451722074424,0.7195510237594621,0.6837854017726755,0.25946532377279946,0.28791712251288953,0.23812602803860272,0.39740267187423656,0.40748300813229243,0.6422787752702054,0.30476462910567437,0.18491506272059183,0,9
SAM000336_tp1,0.25545012703670983,1.6041105941444547,0.9436779174375579,0.7476093502206446,0.2793452165195627,0.2867377260194155,0.28455682465734955,0.39407291653550724,0.42232857939379115,0.6162097230246922,0.3380657496329769,0.16639602763401615,0,9
SAM000329_tp2,0.203469800509476,1.537983597007053,0.7665474258354972,0.7458121423358856,0.28757887813213007,0.2718181001382851,0.2443581448721832,0.3468525572112287,0.41136396750862775,0.6038517974197424,0.33936005295897476,0.15331660193997196,0,9
SAM000253_tp3,0.2722933783092845,1.9655453194086663,0.8774824336160659,0.7125552683191779,0.2769218151555087,0.351368606316612,0.22752364440677578,0.42293553636755987,0.42249330201400026,0.6015849666420108,0.34195003262730433,0.20484200444515635,1,9
SAM000263_tp3,0.38543496717051035,2.3678156914650406,1.0469974066981853,0.7358093645671879,0.3181844993808258,0.43324890260371013,0.3752793403615995,0.5337173639812351,0.42119533575516244,0.6324963594859111,0.41192169912376414,0.16448408385657923,1,9
SAM000305_tp2,0.4261975769524647,2.3640616254633953,1.13052385923993,0.7447474164579243,0.3178738580502103,0.48014639795107605,0.383608570562144,0.5979893331294243,0.43979891566899476,0.6371833274237849,0.4747952366992782,0.23324563952696198,1,9
SAM000214_tp2,0.4380604961822641,2.5737722937051455,1.151861596133549,0.7962956221127538,0.3205997588662582,0.5106310141288055,0.3720056261370842,0.6206582626178995,0.44203023216069726,0.6440122386186428,0.48545582376356505,0.2640413317859178,1,9
SAM000364_tp1,0.44221293174603077,2.7042598909812905,0.8785637801916559,0.7943415311473793,0.2997179035523499,0.4518934346319349,0.3673073665892005,0.5664812661731968,0.4356482483883822,0.6400237274295734,0.47296528803254256,0.2439872802764899,1,9
SAM000271_tp2,0.45498529215290356,2.4514199477082856,1.2583553273470105,0.8048383611898828,0.3420102121343237,0.4964717592715332,0.36329882479396036,0.5811968855222223,0.4531881064722072,0.6559640797030386,0.4842300862397164,0.3181750201213726,1,9
SAM000417_tp2,0.47076524821708743,2.7034486143594325,1.2047758916127405,0.745878464027901,0.3421254506754768,0.5048916011000133,0.3726457589006056,0.5806962397977243,0.4347105329667215,0.6393117092717063,0.5223459566951578,0.24818756795833363,0,9
SAM000378_tp1,0.2069127737164983,1.5143258758992133,0.6868912245739565,0.742773260906961,0.24705345887047567,0.2716084425665201,0.22241913757125828,0.3334151917782875,0.40163044491865646,0.6163173316219587,0.31215001054592106,0.13705236709349689,0,9
SAM000291_tp1,0.4210460771858049,2.2826540215629483,1.0116870274434406,0.7959866628534384,0.2851167495550798,0.4501010218361378,0.3706727080069298,0.5481532891904967,0.4378988616103749,0.646754676240675,0.4374128645287357,0.21751566622008592,1,9
SAM000218_tp1,0.18898214078357037,1.3935519683965873,0.9070950662357963,0.7227070519369844,0.272768101083871,0.27525230959024033,0.1793131851377459,0.3697150456284441,0.40746994104609063,0.6031261857306852,0.3033903615039291,0.1540738698011283,0,9
SAM000251_tp3,0.46889004372810555,2.6840737176720983,1.2495073085522455,0.796972283419395,0.3540064917032498,0.5075796933825725,0.41334528765565715,0.6183126408703148,0.45757381089222293,0.6535674040190722,0.5043084208026648,0.2926099012380601,1,9
SAM000536_tp2,0.2530886952662103,1.6651889673059077,0.9621159775984154,0.7227586785934205,0.29915185857732834,0.34272327167853456,0.25076273758310935,0.4225279235157709,0.41532719341552443,0.5981726562280865,0.3400367563009712,0.1557837412333631,0,9
SAM000418_tp3,0.29565025432625924,1.9372354472982727,1.0641608700653435,0.7708181855494354,0.30353053674447233,0.3381182578146385,0.23176037454598242,0.4513860591122456,0.40613056123456276,0.6189607635794618,0.3440469931601667,0.19529259023516635,1,9
SAM000418_tp1,0.31879446668724976,1.9249886205594735,1.0433078717143882,0.7410646846653435,0.29833239433736153,0.34821215577450126,0.2771606376241066,0.46153611643351394,0.42361720312227596,0.637571393556468,0.3765508245864209,0.22184472258190474,1,9
SAM000376_tp1,0.5029377886395152,2.9937964980619025,1.0885359573542785,0.8301018445011452,0.3164176424668463,0.5656378174116911,0.43479308076373313,0.6419062020271185,0.453076397435466,0.6702254803297495,0.49776503488210627,0.27505723534662796,1,9
SAM000305_tp3,0.44382388940745854,2.266553378242145,1.19345599795434,0.7828060405632915,0.32410148306842407,0.47706234466956166,0.3677506319933,0.5902833545166039,0.43517624288222323,0.6417838414420493,0.4946014712275575,0.2250784646742516,1,9
SAM000426_tp1,0.3340022933717783,2.0120241716889025,0.982561075837996,0.8110237100328274,0.27004301990025964,0.323347337735765,0.330150159308917,0.43627994931488845,0.43510457573382916,0.6537699221407829,0.3895696645448002,0.21679916212162842,0,9
SAM000283_tp3,0.3454357073962068,2.15537172189471,0.7957614891347303,0.7389152028474447,0.30342266605314994,0.38035479123356597,0.3003058668859887,0.43337777582849873,0.3985336005972144,0.5964234980175531,0.3802701986997283,0.15977902006710182,1,9
SAM000309_tp1,0.544280386104987,3.3933112551556017,1.2473008364620572,0.8693045681826312,0.32981016309969585,0.6306329474952724,0.44357023969897247,0.7178241555651291,0.45304897647949216,0.6536175987475997,0.5110543767281172,0.27556335370804597,1,9
SAM000299_tp2,0.27826002530056454,1.687811904694196,0.954686323533317,0.7752633938449709,0.30250252157158963,0.27691274977749114,0.2744877944233728,0.4088414686870624,0.4160025712062246,0.6120232610613883,0.3518348460425703,0.15809620709564423,1,9
SAM000202_tp1,0.31776383494541593,2.275845083178019,0.8839215724512183,0.7686700390034211,0.25869055706197525,0.3648212292153126,0.28175126559950175,0.4979641604312932,0.38974583112773187,0.6172387800638659,0.397356282620853,0.20629340281117098,1,9
SAM000464_tp1,0.38440266202515927,2.170754239941019,1.0713396052283486,0.6733464884930177,0.3118664614841746,0.4101676774772405,0.37025818469719846,0.4981802999517699,0.4407945608881271,0.6386419282681881,0.4330462017956514,0.19815267433094197,0,9
SAM000320_tp3,0.23552168513848698,1.232087316911987,0.8724106714555978,0.6177092844635252,0.2715638680215211,0.2801726010655168,0.22469961115860634,0.37736942098757204,0.42114717689164216,0.6140974777055992,0.28143413233317777,0.16836600493847192,0,9
SAM000476_tp2,0.48509155005982696,2.385934436460136,0.9721302767875999,0.7313436186952313,0.28890466017476546,0.44459576205368384,0.39291894451941667,0.5533257375906127,0.4469677374532449,0.641060854141399,0.4256179994727332,0.2151748483101459,1,9
SAM000395_tp2,0.4152638706080534,2.3621267278681364,1.0568641762802982,0.7133486284686485,0.31635580402042024,0.44473874092978105,0.35259514091129573,0.5487216203752773,0.41175565431184324,0.6273676098553514,0.4206202027427497,0.1912745568580826,1,9
SAM000406_tp1,0.3525298742404454,2.1146998631729157,0.8995992298546152,0.7850742338796745,0.277310972747467,0.3931598936591831,0.3340639790665346,0.4852783204977923,0.4313400856949551,0.6272301998415959,0.3991000276641945,0.20864195013493295,1,9
SAM000316_tp2,0.48809231844249656,2.75178099259848,1.0508051370172529,0.8293172531396671,0.3344681638171218,0.5247850524969955,0.4751135188206945,0.6262702346390648,0.4531376324175879,0.6575175445533625,0.5108611305042536,0.27124827462380724,1,9
SAM000408_tp3,0.4475722908254037,2.4633711346081224,1.1502034219696018,0.8149329610637808,0.31771431272414563,0.45526070560856274,0.36197571328302947,0.6245873973714277,0.44276752514701123,0.6277248967417401,0.4620598994413476,0.2392951275025482,1,9
SAM000450_tp1,0.1990606926653733,1.283286764026964,0.5691390413663518,0.7347330174232829,0.2593452380061423,0.2484777288562932,0.1619173844596518,0.32186263196204584,0.3917563909065018,0.6006026886691157,0.2657467224176232,0.15746239145694266,0,9
SAM000407_tp1,0.24267295037926773,1.4956243322392953,0.7909645636665626,0.7100184180898477,0.26849053981633036,0.26529388136448534,0.20801217792375337,0.3948039866692706,0.4038019269365439,0.6246449715030717,0.3094332679281921,0.1625198849294529,1,10
SAM000358_tp1,0.46868095874902294,2.410109037123004,1.0545724780967531,0.8262735050330002,0.36961768800201433,0.4765715300365223,0.3190471608861758,0.5285210499963736,0.4177096119352112,0.652486508932147,0.46632560553566693,0.25340951597771433,1,10
SAM000304_tp3,0.5267777344821456,2.7430024944135294,1.0268333465545356,0.7252691127296097,0.30517446000429393,0.4800625050226628,0.38755434925963356,0.5964178704572597,0.45546452569037144,0.6479058857440597,0.4722703297766049,0.3180910250961344,1,10
SAM000233_tp2,0.34528786472200457,1.7223593896021836,0.7583304655825088,0.8139607808314041,0.27228379578553485,0.30649267621302706,0.2834442919743555,0.48286797493700684,0.40628310159560527,0.6263568248629189,0.37362920662665183,0.21919626779329893,0,10
SAM000260_tp3,0.42682190970109646,2.381401793813982,0.9158496891723756,0.7541202074940575,0.33636857178528545,0.4917788301707145,0.38139006344999793,0.5461369235151717,0.4251604282810129,0.6505192300159617,0.39633038094860606,0.29692944205898625,1,10
SAM000526_tp2,0.3603509161899219,2.0967093790636118,1.0365091080021551,0.695319939071342,0.32472428432043543,0.3985359794627771,0.3632809287410696,0.5399288880581335,0.44101326467415203,0.6304037883784284,0.4273706404530702,0.20588280109433604,0,10
SAM000345_tp1,0.12515051988168563,0.8536075490057843,0.5717522077561656,0.7679995176881778,0.22750454067614334,0.20340710768608802,0.1776480608243458,0.3134877848548574,0.4007030254037771,0.6027582345780528,0.2309892234163809,0.1367540078514054,1,10
SAM000327_tp2,0.3937465585696295,2.307217516077616,1.1167400126001636,0.7337247057519164,0.32177283271179674,0.4520597526474803,0.4389084815606299,0.5895980974627468,0.442124996126591,0.6417875851951392,0.4611700805854656,0.29235041955280316,1,10
SAM000287_tp3,0.4870575815379501,2.718151003285267,0.9745687771867421,0.8354012915131145,0.29401346587248256,0.49824482336287845,0.40704209055675256,0.6431396038929185,0.44968261406481314,0.6514758126562618,0.4751591186866533,0.28821956154066336,1,10
SAM000224_tp1,0.3901863403121256,2.3479466638081488,0.914838927383084,0.8109369947639098,0.30247005962042567,0.39980105982944963,0.3473247510286963,0.518825979479211,0.43536105640367334,0.6336225169400769,0.4387330374567101,0.2298411111136312,1,10
SAM000222_tp1,0.48888423867310465,3.0419968329238998,1.1536982399868838,0.8390607670710427,0.3229338939150013,0.5300730939546723,0.40689161211625113,0.6585288127492575,0.44870334344613744,0.6407746257707215,0.48428181143715165,0.2877930413992697,1,10
SAM000382_tp1,0.16479937223112642,1.1670858998229958,0.5232138139866516,0.6742215592925628,0.2382192097893215,0.20545531802393718,0.17149664256949254,0.341570428076163,0.39671791901092646,0.5799938132688581,0.2649751885195509,0.17025558047212488,0,10
SAM000308_tp1,0.2736111387561524,1.872724465234752,0.7897194271993743,0.7141303455057527,0.2653804916665775,0.3319715478655639,0.22088504695757571,0.4140773717997639,0.41351613392354136,0.6308714290519758,0.33378628538200256,0.18133527114631287,1,10
SAM000444_tp1,0.200908604518221,1.0598132052010931,0.6561094673365969,0.6832889089985072,0.25119965228305463,0.22517749748007737,0.19563754591271626,0.3607793080879019,0.40900509841956506,0.6140444516928611,0.2535208118719108,0.14714813582020475,0,10
SAM000553_tp1,0.35404623260957896,1.9925556568992826,0.6895889474370728,0.7680653321280825,0.2598080427590575,0.3417695957864475,0.3039071192116671,0.49280182261303224,0.4272368906561736,0.6018435781932722,0.35781215829003776,0.18514264351971932,0,10
SAM000351_tp3,0.29376228104765667,1.7710036357085983,1.003110916890953,0.807369211839825,0.3214196216037488,0.34875827954490796,0.23320918563010473,0.5018957185652038,0.4160484525240393,0.6437885255283217,0.39750459782779535,0.17912149516010506,1,10
SAM000475_tp1,0.5446471579837987,3.1235691825367464,1.165290849457989,0.8420841750392369,0.299694361395905,0.5555296912359057,0.4923509208823457,0.6309452452491593,0.4630966080137149,0.6425600835768717,0.4776847977471638,0.26955725969838223,1,10
SAM000210_tp2,0.5116706918096051,2.65811558225405,1.1142720743014818,0.7921222063206605,0.29749917016567357,0.4949563431038053,0.4424886223988835,0.5891298453227741,0.445125515493435,0.6396483398523475,0.4962789742913822,0.2612061997891511,1,10
SAM000275_tp2,0.43953964251159683,2.5561028101499144,1.0339036907520043,0.7940566525819915,0.29044173593118283,0.47028784973296306,0.3833478085477779,0.5662346555230442,0.4583502749066858,0.6338977712844162,0.44488486985088294,0.21788591712075273,1,10
SAM000261_tp2,0.4794584783725414,2.640316664139129,0.7405916262170131,0.8053881944941506,0.28503051265213847,0.42491960008969637,0.3785661962651915,0.5472824500856485,0.43742873644926744,0.6336052535117555,0.391426190890822,0.19056689478140473,1,10
SAM000327_tp3,0.3947662061412271,2.304010386071098,1.2823427005944723,0.7164671745216719,0.35283904469806904,0.48237114195207975,0.39787254922800364,0.582316404986034,0.4524003098629684,0.6393264315614394,0.4795449722298195,0.2579886238536233,1,10
SAM000256_tp1,0.46193857551359196,2.684388907135361,0.9606940299219429,0.8540013046323306,0.29143595620131796,0.4578579369442754,0.38874914901370866,0.6152100724508386,0.44485698209227853,0.6452357300274869,0.5112833159702009,0.26853054308737545,1,10
SAM000433_tp1,0.3003542159778326,2.185719454115588,0.9139581164619477,0.7893423513070867,0.28986282554505227,0.34292919620411716,0.3005285654641656,0.4144893668255491,0.42037044530439543,0.6336607939293453,0.3468522718026428,0.18708497638523292,1,10
SAM000286_tp3,0.21938438659694373,1.2452314207738677,0.9209851913444528,0.626101019250149,0.25733826945997423,0.28277134279924493,0.20835895192724346,0.4026624729889333,0.41839711420254333,0.6364004000527559,0.2873035284482841,0.13520316571567423,0,10
SAM000430_tp1,0.12362110235450262,0.9256234392013448,0.5800814541988727,0.7114025005818695,0.25187384392353007,0.1679549800221438,0.1661944426036529,0.3195518068782658,0.4027017560661804,0.5990908287203005,0.23397114634910726,0.12689359646235793,0,10
SAM000538_tp2,0.295200033382381,1.98544355061545,1.1180905769969687,0.7143203599891433,0.3231477679783577,0.3781262096319633,0.3092443120969832,0.5077723617997758,0.41032237328888416,0.583909116232617,0.40935038981173777,0.2327375252763487,0,10
SAM000247_tp2,0.17650219204058953,1.0332689607500347,0.773807829934694,0.7817779165805622,0.26831508506384816,0.2856367459598972,0.2314319241240962,0.35817246751674786,0.40819032340728517,0.5999719918682248,0.3888785705706715,0.14086719883019985,0,10
SAM000332_tp2,0.23863765025040604,1.540575722203334,0.7670019619765661,0.7043691580773209,0.2654059201072017,0.3188758418622715,0.2850445628577055,0.39479757308742897,0.43355982561734024,0.5940786050470511,0.2906587556843019,0.14965966270391626,0,10
SAM000340_tp2,0.3811872557815706,2.574772245611743,0.8702587196211118,0.7705780044131112,0.27966358965407034,0.40100908807468094,0.34444549869938723,0.5464037117812258,0.43548925878492556,0.6297471962249421,0.44591104375185475,0.2538510672432162,1,10
SAM000537_tp2,0.2471700747823377,1.6633134319331915,1.0083977153763697,0.8356282383687035,0.2612563396454814,0.29345449628667697,0.30496961040627235,0.4312974630372175,0.4328934398805008,0.6369730485177949,0.362576417347777,0.20582803413017398,0,10
SAM000273_tp1,0.5735839416464067,2.8182449516992176,0.8604181791890524,0.7958112428556663,0.2984067340218562,0.5551251093540938,0.488716240258652,0.6424430781686427,0.45373476807635266,0.6545283509573667,0.4888884505311626,0.2661494799512504,1,10
SAM000291_tp2,0.3358010798548661,2.0526123654539465,0.8381152591599452,0.8108939325510187,0.2772400882086932,0.38482877221149464,0.32081492903992465,0.47859847214892925,0.44427575794099106,0.6456895893727933,0.3828467298407241,0.20173177979036028,1,10
SAM000283_tp1,0.3498764598645823,2.337099959116518,0.8564359858901587,0.7794863670867833,0.29883405447454164,0.39756369651132156,0.2586985452496408,0.49676232709131213,0.4156310634961537,0.6140281741947504,0.3578525118348068,0.14859817848330487,1,10
SAM000447_tp1,0.4829977224275697,2.678615630397577,1.2515332984791925,0.8038543711066882,0.3561768119115451,0.5574325164543256,0.40043458694240597,0.6266242888914025,0.42360276651182943,0.6438147336606493,0.46084498091585757,0.25195567582781225,0,10
SAM000375_tp1,0.43313808022657485,2.215641440720685,0.9238729768387435,0.8045525983117432,0.3014892729417532,0.42537604224887526,0.3743838575310683,0.5818188678289676,0.44480890739425705,0.6343432845336242,0.447189646391551,0.2353738966287375,0,10
SAM000329_tp1,0.13959856961515613,1.168921584192188,0.8602766988005826,0.7333996471785733,0.29124315551020147,0.2528487910796606,0.20750779250105572,0.3470903804346597,0.4141408978799908,0.6117071058366711,0.3493232124736567,0.1682864741757699,0,10
SAM000280_tp1,0.4739247927225225,2.547455194486147,0.8570764690551377,0.842131218584751,0.2690036869474934,0.4620512629042836,0.44650351287171025,0.5994455105503157,0.4650018789605637,0.6466711793808823,0.4437822586446527,0.2308030480892187,1,10
SAM000226_tp2,0.43417142605982184,2.65977117851829,1.0017897789641184,0.8408064766533062,0.2892454975971805,0.42439839160145487,0.38644210339426266,0.5953511502968764,0.42922362975811396,0.643961698004655,0.4411361230073144,0.24893844799967735,1,10
SAM000497_tp3,0.3279457250776454,2.203258455444051,0.9971222546680086,0.6878366254040605,0.2712168810511241,0.37975538398923653,0.315023676517729,0.5089349622180999,0.44146099948757467,0.6063960421536982,0.37977978508513355,0.2276919087671194,1,10
SAM000398_tp3,0.44705452586905886,2.55203035486538,1.1473904377475188,0.7244045177827074,0.2897133528251051,0.46610521634117014,0.36308140925378773,0.5763418391477058,0.43339981413987966,0.6293466403146406,0.4628062802721155,0.26516210903453197,1,10
SAM000316_tp1,0.48758113127928,2.787145586803425,0.995426953528428,0.8414059169770794,0.2865617101100778,0.4784328162528007,0.4144393205459332,0.6040053433330111,0.4518986822961473,0.6429983923472032,0.4711172513173523,0.2693360596976224,1,10
SAM000404_tp1,0.4733313167692206,2.720096133725962,1.1013565448459424,0.8181448203132919,0.30125217441941926,0.4790070066849339,0.4577332205666578,0.5566806812966936,0.46040234057667134,0.6403496363223882,0.46241923919809486,0.27618407146083823,1,10
