feature,importance_sum,importance_mean,freq_top20,weighted_score,dataset,selected
% DN RO+ CCR6- INFg- TNFa+ d1,0.2682907281247411,0.022357560677061756,10.0,0.6433330687059495,immune,True
CD3+ gdTCR+ CD3hi,0.16134920240095843,0.013445766866746535,10.0,0.3868984897070457,immune,True
Total gd Cells (gdTCR CD3hi + CD3lo),0.1228431013697628,0.0102369251141469,10.0,0.2945648920704453,immune,True
total % DN d0,0.1270491080258616,0.010587425668821801,9.0,0.29254138221853915,immune,True
% CD4+ RO+ CCR6+ INFg- IL-17+ d1,0.1247931459945991,0.01039942883288326,9.0,0.2873468376749935,immune,True
% CD4+ RO+ CCR6- IL-17+ INFg+ d6,0.115127827644319,0.009593985637026584,11.0,0.28608190448901505,immune,True
% CD4+ RO+ CCR6- total IL-17+ d6,0.1119449847245921,0.009328748727049342,10.0,0.26843234968458524,immune,True
% CD4+ RO+ CCR6+ total IL-17+ d1,0.11049824685093809,0.009208187237578174,10.0,0.2649632237763719,immune,True
% DN RO+ CCR6- total INFg+ d1,0.10772008889989519,0.008976674074991265,9.0,0.24803467091689207,immune,True
total % CD4+ d0,0.10750761998238881,0.008958968331865734,9.0,0.24754544315471727,immune,True
% CD4+ RO+ CD161+ IL-17+ INFg- d6,0.10720270149640179,0.008933558458033482,9.0,0.24684334239430528,immune,True
% CD4+ RO+ CCR6- IL-17+ INFg- d6,0.10133902961367251,0.00844491913447271,9.0,0.2333417389269245,immune,True
% DN RO+ CCR6- INFg+ TNFa+ d1,0.1046062977905532,0.0087171914825461,8.0,0.22984352844955497,immune,True
% CD4+ CCR7+ RO- CD31+ CXCR3- d0,0.099613494265026,0.0083011245220855,9.0,0.22936854695569675,immune,True
% CD8+ IL-17+ IL-22+ d6,0.1096932479910084,0.009141103999250699,6.0,0.21345320454854458,immune,True
% CD8+ INFg+ IL4+ d1,0.09029797271296809,0.007524831059414008,9.0,0.20791876589646346,immune,False
% Dcs CD1c+ d0,0.0968129864691555,0.008067748872429625,7.0,0.2013169458380498,immune,False
% CD4+ N Treg (FOXP3+ HELIOS+) d1,0.08138289022276231,0.006781907518563526,9.0,0.1873910298517034,immune,False
% CD4+ N FOXP3+ d1,0.0840912065729598,0.00700760054774665,8.0,0.18476726581996433,immune,False
DN % RO- CD27+ d0,0.0790021040246433,0.006583508668720275,9.0,0.18190906704230858,immune,False
total % CD8+ d0,0.07824146229755861,0.006520121858129884,9.0,0.18015762474041414,immune,False
% CD4+ M CD25+ CD27- d0,0.08415235439425259,0.007012696199521049,7.0,0.1749899015575725,immune,False
CD4:CD8 d0,0.08347532284038468,0.00695627690336539,7.0,0.17358205401943153,immune,False
% viable CD3- CCR6- GzA+ INFg+ d1,0.08090478631453699,0.006742065526211416,7.0,0.16823677358317846,immune,False
% CD8+ MAIT INFg+ GzA+ d1,0.0756418336189342,0.006303486134911183,8.0,0.16620209590229934,immune,False
% CD4+ M CD25- CD27+ d0,0.07346454512452588,0.0061220454270438235,8.0,0.161418104110434,immune,False
NK Cells (% CD3- 2B4+),0.07584593506436631,0.006320494588697192,7.0,0.1577171881403946,immune,False
% CD4+ RO+ CCR6+ IL-22+ IL-17+ d1,0.0753924560894499,0.006282704674120825,7.0,0.15677420512167503,immune,False
% CD4+ RO+ CCR6- INFg+ TNFa- d1,0.0746674464741405,0.0062222872061783755,7.0,0.15526659000948334,immune,False
% CD8+ RO+ Va7.2- total TNFa+ d6,0.078769837180537,0.006564153098378083,6.0,0.1532790256090415,immune,False
% CD4+ M Treg (FOXP3+ HELIOS+) d1,0.069203130165195,0.00576692751376625,8.0,0.15205481842756396,immune,False
% CD4+ RO+ INFg+ TNFa- d1,0.06360996833476651,0.0053008306945638755,8.0,0.13976538578872766,immune,False
% CD8+ MAIT total INFg+ d1,0.0658360596310786,0.005486338302589883,7.0,0.13690223733737567,immune,False
% CD4+ RO+ INFg- IL-17+ d1,0.0672977685756989,0.005608147381308242,6.0,0.13095541088022822,immune,False
% CD14+ d0,0.07091747687467401,0.0059097897395561675,5.0,0.12706706072395876,immune,False
DN % RO+ CD27- d0,0.0699276717947515,0.005827305982895958,5.0,0.12529356809931758,immune,False
% CD19+ CD3- CD27+ IgG+ d0,0.0590961699084104,0.004924680825700867,6.0,0.114995836795073,immune,False
% CD4+ RO+ CD27- (TEM) d0,0.06117529415479721,0.005097941179566434,5.0,0.10961141258466958,immune,False
% CD4+ RO- CD27- (TEMRA) d0,0.0560077191011301,0.0046673099250941754,6.0,0.10898598902432818,immune,False
% CD4+ M CXCR5+ CCR7- d0,0.055977064765267405,0.004664755397105617,6.0,0.10892633844106042,immune,False
%DN CD161+ Va7.2- d0,0.0556701998092727,0.0046391833174393915,6.0,0.10832920680880091,immune,False
% CD8+ RO+ CCR6- IL4- GMCSF+ d1,0.0556384817945119,0.004636540149542658,6.0,0.10826748640196998,immune,False
%CD8+ CD161+ Va7.2- d6,0.06041261675719391,0.005034384729766159,5.0,0.10824487813554766,immune,False
% CD8+ RO+ CCR6- total INFg+ d1,0.055402880745707095,0.004616906728808924,6.0,0.10780902792997264,immune,False
% viable CD3- CCR6- CD161+ INFg- d1,0.0553081608867586,0.004609013407229883,6.0,0.10762471159512767,immune,False
% DN RO+ CCR6+ d1,0.059832787299750695,0.004986065608312558,5.0,0.10720596321463641,immune,False
% CD4+ RO+ CD161+ total IL-17+ d6,0.0544314942783688,0.004535957856530733,6.0,0.10591879714452405,immune,False
% CD8+ RO+ CCR6- INFg+ TNFa+ d1,0.0541636507081538,0.004513637559012817,6.0,0.10539759762288348,immune,False
DN % RO- CD27- d0,0.0650573853748001,0.005421448781233342,4.0,0.10470582250603905,immune,False
% viable CD3- CCR6- d1,0.058426514832898103,0.004868876236074842,5.0,0.10468626120583858,immune,False
% CD4+ RO+ CCR6+ IL-22- IL-17+ d1,0.0524640687711907,0.004372005730932558,6.0,0.10209036388259589,immune,False
% CD4+ RO+ CCR6+ total INFg+ d1,0.05246086056164241,0.004371738380136867,6.0,0.10208412099507559,immune,False
% CD8+ MAIT total TNFa+ d6,0.055579880701520507,0.004631656725126709,5.0,0.099585777545515,immune,False
% CD8+ RO- CCR6- IL4- GMCSF+ d1,0.05497218058909011,0.004581015049090842,5.0,0.09849692511461688,immune,False
% CD8+ INFg- IL4+ d1,0.05307722083847161,0.004423101736539301,5.0,0.09510161303764016,immune,False
% CD8+ RO+ CCR6+ d1,0.0579669717414787,0.004830580978456558,4.0,0.09329424198973196,immune,False
% viable CD3+ of total CD3+,0.050362058467099596,0.004196838205591633,5.0,0.09023669514824265,immune,False
% CD4+ RO+ CCR6+ INFg+ IL-17- d1,0.0495229956898689,0.004126916307489075,5.0,0.08873329647186275,immune,False
% CD4+ RO+ INFg+ IL4+ d1,0.04939792860077161,0.004116494050064301,5.0,0.08850920633068389,immune,False
% viable CD3- CCR6- CD161- INFg+ d1,0.0492704743190555,0.004105872859921291,5.0,0.08828083891452539,immune,False
% CD8+ and DN,0.04921143599964369,0.004100952999970308,5.0,0.08817505644667198,immune,False
% CD4+ CCR7+ RO- CD31- CXCR3+ d0,0.053626552393298305,0.004468879366108192,4.0,0.08630860653490793,immune,False
% CD4+ CCR7+ RO- CD31+ CXCR3+ d0,0.047838787982187395,0.003986565665182283,5.0,0.08571560136347754,immune,False
% DN RO- CCR6- INFg- TNFa+ d1,0.0477390866645413,0.003978257222045108,5.0,0.08553696058349063,immune,False
% CD4+ RO+ CCR6+ CD161- d6,0.051152708614251904,0.004262725717854326,4.0,0.0823271085674714,immune,False
% DN d6,0.050868973525642305,0.004239081127136859,4.0,0.08187045455877527,immune,False
% CD8+ M CCR6+ CXCR3- d0,0.05080271321386661,0.0042335594344888846,4.0,0.08176381270091376,immune,False
% CD4+ RO+ CCR6+ INFg+ IL4+ d1,0.049713879963726997,0.004142823330310583,4.0,0.08001140318782023,immune,False
% CD8+ RO+ Va7.2- INFg+ TNFa- d6,0.049452830129561406,0.004121069177463451,4.0,0.07959125968767948,immune,False
% CD4+ RO+ FOXP3+ INFg- d1,0.049321136589304294,0.004110094715775358,4.0,0.07937930711116703,immune,False
CD8+ DN+ MAIT % RO- CD27+ d0,0.04896693018566829,0.004080577515472358,4.0,0.07880923389632831,immune,False
% CD4+ RO+ CCR6+ IL-22+ IL-17- d1,0.048660306869637696,0.004055025572469808,4.0,0.07831574270667241,immune,False
% CD4+ RO- CCR7- d0,0.047890917913440405,0.0039909098261200334,4.0,0.07707745895116039,immune,False
total % CD4+ d6,0.047226944268155595,0.003935578689012966,4.0,0.07600883459358194,immune,False
% CD3- CD19- DR+ d0,0.0450173629189253,0.003751446909910442,4.0,0.07245265059952341,immune,False
CD8+ MAIT % RO+ CD27+ d0,0.0438281175826235,0.0036523431318852915,4.0,0.07053863406809385,immune,False
% CD8+ RO- CCR6- INFg+ TNFa+ d1,0.0501322315159207,0.0041776859596600584,3.0,0.06949802986087773,immune,False
% CD4+ M FOXP3+ d1,0.0496346545347063,0.004136221211225525,3.0,0.06880824169759715,immune,False
% CD4+ RO+ INFg- IL4+ d1,0.042316220937321396,0.003526351744776783,4.0,0.06810533028746271,immune,False
% CD4+ RO+ CCR6- d6,0.049087615337406,0.0040906346114505,3.0,0.06804988434306819,immune,False
% CD8+ MAIT total IL-17+ d6,0.040031396708396394,0.0033359497256996995,4.0,0.0644280475501828,immune,False
% CD8+ INFg- TNFa+ d1 P8,0.0400084988411463,0.0033340415700955253,4.0,0.06439119485451662,immune,False
% CD8+ IL-17- IL-22+ d6,0.03998395648585319,0.0033319963738210993,4.0,0.06435169545744747,immune,False
% CD4+ RO+ FOXP3+ INFg- TNFa+ IL-17+ d1,0.039165968701920795,0.0032638307251600662,4.0,0.06303519490607871,immune,False
% CD8+ RO- Va7.2- INFg+ TNFa+ d6,0.0389452853380937,0.003245440444841142,4.0,0.0626800187336919,immune,False
CD8+ MAIT % RO+ CD27- d0,0.0383250981490369,0.0031937581790864086,4.0,0.06168186595881795,immune,False
% viable CD3+ d6,0.04410459522904381,0.003675382935753651,3.0,0.06114195166549866,immune,False
%DN MAIT d0,0.04380503870977251,0.0036504198924810424,3.0,0.06072667815199616,immune,False
% CD4+ RO+ CCR6- INFg- TNFa+ d1,0.0359027933094898,0.002991899442457483,4.0,0.057783316714578245,immune,False
% CD4+ RO+ total IL-17+ d1,0.0407317355142247,0.0033943112928520587,3.0,0.056466175261996494,immune,False
% CD4+ RO+ INFg- TNFa+ d1,0.034941790693734494,0.0029118158911445413,4.0,0.056236642670833316,immune,False
% CD8+ RO+ CCR6- IL4+ GMCSF- d1,0.0404865943983328,0.003373882866527733,3.0,0.05612633751535691,immune,False
% CD8+ RO- Va7.2- total INFg+ d6,0.04035165315456131,0.0033626377628801093,3.0,0.055939269230033985,immune,False
% CD4+ RO+ total INFg+ d1 P8,0.0402351527608808,0.0033529293967400667,3.0,0.05577776539120645,immune,False
% CD8+ RO+ CCR6- INFg- TNFa+ d1,0.03914996926108699,0.003262497438423916,3.0,0.05427338162466194,immune,False
% CD4+ RO+ CD161+ IL-17- INFg+ d6,0.039060111249609605,0.0032550092708008003,3.0,0.0541488119700494,immune,False
% CD8+ MAIT INFg+ TNFa+ d1,0.0382185499925906,0.0031848791660492163,3.0,0.05298216034490698,immune,False
% CD4+ M CCR6+ CXCR3- d0,0.0374634419486819,0.0031219534957234916,3.0,0.05193535832160008,immune,False
CD3+ gdTCR+ CD3lo,0.037100835764893404,0.003091736313741117,3.0,0.05143267941370689,immune,False
CD8+ MAIT % RO- CD27+ d0,0.0370714489829489,0.003089287415245742,3.0,0.051391940683605766,immune,False
% CD8+ RO- CCR6- total INFg+ d1,0.0462142053550105,0.0038511837795842086,2.0,0.05077149391404609,immune,False
% CD8+ MAIT INFg+ TNFa- d1,0.04284905818623131,0.003570754848852609,2.0,0.04707450188124858,immune,False
% CD8+ RO- CCR6- INFg- TNFa+ d1,0.0428397109600038,0.00356997591333365,2.0,0.047064232903650076,immune,False
% CD8+ MAIT INFg+ GzA- d1,0.042513758605954195,0.0035428132171628495,2.0,0.046706137641970874,immune,False
% CD4+ RO+ INFg+ GzA- d1,0.032831299196186804,0.0027359415996822335,3.0,0.045513844943913764,immune,False
% viable CD3- CCR6- CD161+ INFg+ d1,0.0411508695439409,0.0034292391286617416,2.0,0.04520885097035172,immune,False
% CD4+ CD161+ Va7.2- d0,0.0411320271867475,0.0034276689322289586,2.0,0.045188150525191574,immune,False
% CD19+ CD3- CD27+ IgG- d0,0.0407896524711288,0.0033991377059274,2.0,0.04481201345528362,immune,False
% CD4+ RO+ CD161- IL-17+ INFg+ d6,0.04070629761858251,0.003392191468215209,2.0,0.04472043878995614,immune,False
CD8+ DN+ MAIT % RO+ CD27+ d0,0.0406918950316517,0.0033909912526376416,2.0,0.04470461593096535,immune,False
% CD4+ RO+ IL-22+ IL-17+ d1,0.03929022768985559,0.0032741856408212994,2.0,0.043164726964643386,immune,False
% CD8+ RO+ CCR6+ IL4- GMCSF+ d1,0.0390219777567645,0.003251831479730375,2.0,0.04287002429171511,immune,False
% CD4+ M total CCR6+ d0,0.030547152811722003,0.0025455960676435004,3.0,0.04234734569115782,immune,False
% viable CD3- CCR6- GzA+ INFg- d1,0.038444905932193595,0.003203742161016133,2.0,0.042236046093797386,immune,False
% CD4+ RO+ INFg+ IL-17- d1,0.0379852228967928,0.0031654352413994,2.0,0.04173103266221381,immune,False
% DN MAIT d6,0.0371037572834306,0.0030919797736192168,2.0,0.04076264370733573,immune,False
% CD8+ M CCR4+ CXCR3- d0,0.0370305652975565,0.003085880441463042,2.0,0.04068223409222242,immune,False
% Dcs d0,0.03632579872552261,0.0030271498937935507,2.0,0.03990796887554349,immune,False
% CD4+ RO+ CCR6+ CD161+ IL-17+ INFg- d6,0.035511622285074894,0.0029593018570895743,2.0,0.03901350463292357,immune,False
CD8+ DN+ MAIT % RO+ CD27- d0,0.0354565275060567,0.002954710625504725,2.0,0.038952976831652726,immune,False
% CD4+ RO+ CCR6+ CD161+ IL-17+ INFg+ d6,0.035352970888887406,0.0029460809074072837,2.0,0.03883920825945764,immune,False
% DR+ CD3- d0,0.0347738917532088,0.0028978243127674003,2.0,0.038203024804889824,immune,False
% DN RO- CCR6- INFg+ TNFa- d1,0.034634882128565705,0.0028862401773804753,2.0,0.03805030712301378,immune,False
viable total CD8+ d6,0.0335066980771052,0.0027922248397587667,2.0,0.036810870260199885,immune,False
% CD4+ M CCR4- CXCR3+ d0,0.033220399969879404,0.002768366664156617,2.0,0.03649633964137921,immune,False
% CD8+ total INFg+ d6,0.0329756781286235,0.0027479731773852917,2.0,0.03622748521926999,immune,False
% CD19+ CD3- d0,0.032459035137480406,0.0027049195947900337,2.0,0.03565989488034593,immune,False
% CD4+ IL-17+ IL-22- d6,0.031680906343295706,0.0026400755286079755,2.0,0.034805033024888125,immune,False
% pDcs d0,0.0315889061660848,0.0026324088471737332,2.0,0.03470396049964458,immune,False
% CD4+ RO+ INFg+ GzA+ d1,0.031388267056327204,0.0026156889213606004,2.0,0.034483535908077456,immune,False
% CD4+ CD161+ Va7.2- d6,0.031210844849774603,0.002600903737481217,2.0,0.034288617691676154,immune,False
% CD4+ RO+ INFg+ IL4- d1,0.0306347013937454,0.0025528917828121166,2.0,0.033655659410846764,immune,False
% CD8+ INFg+ GzA+ d1,0.030564049907086097,0.0025470041589238414,2.0,0.03357804081939018,immune,False
% CD4+ RO+ CCR6+ CD161+ total IL-17+ d6,0.0303678573833837,0.002530654781948642,2.0,0.03336250130190592,immune,False
% CD8+ RO+ Va7.2- INFg- TNFa+ d6,0.030279700677051803,0.002523308389754317,2.0,0.033265651261001186,immune,False
% CD8+ M CCR4+ CXCR3+ d0,0.0302264917586171,0.0025188743132180916,2.0,0.03320719528934209,immune,False
% CD8+ RO+ CD31- CD27+ d0,0.0302160038442024,0.0025180003203502,2.0,0.033195673137683596,immune,False
% CD8+ RO- CCR6- INFg+ TNFa- d1,0.0298707813121304,0.002489231776010867,2.0,0.03281640742162418,immune,False
% CD4+ CCR7+ RO- CCR4+ d0,0.029475623587536703,0.0024563019656280586,2.0,0.032382282289423414,immune,False
% CD4+ RO+ total INFg+ d1 P13,0.028760933378378598,0.0023967444481982165,2.0,0.031597114843051534,immune,False
% CD4+ RO+ CD161+ IL-17+ INFg+ d6,0.0287506628456213,0.0023958885704684417,2.0,0.0315858315095532,immune,False
% CD8+ INFg+ TNFa+ d1 P8,0.028508042986276405,0.0023756702488563672,2.0,0.03131928635060197,immune,False
NK % CD56hi CD16-,0.028178853716223702,0.0023482378096853084,2.0,0.030957634973224384,immune,False
% CD4+ RO+ d0,0.027772507950558196,0.0023143756625465164,2.0,0.03051121852161601,immune,False
% CD4+ IL-17+ IL-22+ d6,0.027737130160069602,0.0023114275133391334,2.0,0.030472352046239312,immune,False
% CD8+ MAIT IL-17+ INFg+ d6,0.0272947489182368,0.002274562409853067,2.0,0.02998634657768554,immune,False
% CD8+ RO- Va7.2- INFg- TNFa+ d6,0.0262794466232737,0.0021899538852728083,2.0,0.028870922999726146,immune,False
% CD8+ M total CCR4+ d0,0.0414791301224041,0.003456594176867008,1.0,0.028751142096423498,immune,False
%CD8+ MAIT d6,0.025913326643289703,0.0021594438869408086,2.0,0.0284686990905888,immune,False
% CD4+ RO+ CCR6+ INFg+ IL4- d1,0.0396286248590239,0.0033023854049186586,1.0,0.027468469590500175,immune,False
% CD8+ MAIT INFg+ TNFa- d6,0.039032994815623896,0.003252749567968658,1.0,0.027055610305260665,immune,False
% CD4+ RO+ CCR6+ CD161+ IL-17- INFg+ d6,0.0377415606152921,0.003145130051274342,1.0,0.026160456330421994,immune,False
% CD8+ M CCR7+ CXCR5- d0,0.023521138991803303,0.0019600949159836087,2.0,0.02584061233986574,immune,False
% CD4+ M CD25+ CD27+ d0,0.0369880501907586,0.00308233751589655,1.0,0.02563816270413407,immune,False
% CD8+ RO- CD27+ d0,0.036617311351763396,0.00305144261264695,1.0,0.02538118612316048,immune,False
% CD4+ RO+ IL-22- IL-17+ d1,0.0363025087358719,0.0030252090613226584,1.0,0.025162981577522392,immune,False
% CD3- CD19- CD14+ CD16+,0.035244729000638,0.0029370607500531667,1.0,0.024429784536391566,immune,False
% CD4+ RO+ INFg- GzA+ d1,0.035188626484281595,0.0029323855403567997,1.0,0.02439089723535681,immune,False
% CD4+ RO+ CCR6+ d6,0.0348445985057504,0.0029037165421458666,1.0,0.02415243521200417,immune,False
% CD4+ RO+ INFg- GMCSF+ d1,0.03484015126689,0.0029033459389075002,1.0,0.024149352620926812,immune,False
total % CD3 d0,0.0344800451092495,0.0028733370924374584,1.0,0.02389974605305602,immune,False
%CD4+ MAIT d0,0.034236017501014,0.0028530014584178336,1.0,0.0237305990044288,immune,False
% CD8+ IL-17- INFg+ d6,0.033121002424876,0.0027600835354063334,1.0,0.02295772944812191,immune,False
% CD8+ MAIT total Granzyme+ d1,0.033074103294232,0.0027561752745193335,1.0,0.02292522144794531,immune,False
CD8+ % RO+ CD27- d0,0.0328211118463716,0.0027350926538642997,1.0,0.022749861139155093,immune,False
% CD8+ RO+ CCR6- INFg+ TNFa- d1,0.032413745500855996,0.0027011454584046665,1.0,0.022467496305305944,immune,False
% CD8+ INFg+ GzA- d1,0.0323608796427387,0.0026967399702282247,1.0,0.02243085248480406,immune,False
% CD8+ MAIT INFg- GzA+ d1,0.0322913276340649,0.002690943969505408,1.0,0.022382642706089535,immune,False
% CD4+ M CCR6- CXCR3+ d0,0.0320319967202089,0.0026693330600174084,1.0,0.022202888214318213,immune,False
% CD8+ INFg+ TNFa- d1 P13,0.0313584617019842,0.0026132051418320166,1.0,0.02173602931542737,immune,False
% CD8+ nonMAIT INFg+ GzA+ d1,0.030375347804507,0.0025312789837089165,1.0,0.02105458668922175,immune,False
% CD4+ RO+ CD161- IL-17- INFg+ d6,0.0298176978572059,0.0024848081547671585,1.0,0.020668053200510593,immune,False
% CD8+ M CCR7+ CXCR5+ d0,0.0296021978594633,0.0024668498216219416,1.0,0.020518679984664633,immune,False
% CD4+ MAIT d6,0.029567784682271003,0.002463982056855917,1.0,0.020494826587919682,immune,False
CD8+ MAIT % RO- CD27- d0,0.029428439019910196,0.0024523699183258496,1.0,0.020398239534931032,immune,False
% CD8+ M CCR7- CXCR5+ d0,0.029385089127449898,0.0024487574272874916,1.0,0.0203681916791946,immune,False
% CD4+ RO+ total TNFa+ d1,0.0290775953380474,0.002423132944837283,1.0,0.020155053226030565,immune,False
total % CD8+ d6,0.0290522611795257,0.002421021764960475,1.0,0.020137492925479387,immune,False
% CD3- CD19- DR+ CD14+ d0,0.0287289340458904,0.0023940778371575335,1.0,0.019913379634401554,immune,False
% CD8+ MAIT IL-17+ INFg- d6,0.0286516402272005,0.002387636685600042,1.0,0.019859803641901937,immune,False
% CD8+ RO- CCR6- IL4+ GMCSF+ d1,0.0285685606055233,0.0023807133837936085,1.0,0.0198022172363744,immune,False
% CD8+ RO+ CD27+ d0,0.028231375780568998,0.00235261464838075,1.0,0.019568498525629724,immune,False
% CD8+ RO- CCR7+ d0,0.0277937799946239,0.0023161483328853253,1.0,0.019265180240376968,immune,False
CD8+ DN+ MAIT % RO- CD27- d0,0.0277450014224938,0.002312083451874483,1.0,0.01923136951063325,immune,False
% CD8+ IL-17+ INFg- d6,0.027114428778751004,0.0022595357315625835,1.0,0.0187942898604847,immune,False
% CD4+ M total CCR4+ d0,0.0266320956912815,0.0022193413076067917,1.0,0.01845996204081444,immune,False
% CD4+ IL-17- IL-22+ d6,0.0265898066852584,0.002215817223771533,1.0,0.018430649535520843,immune,False
% CD4+ CCR7+ RO- CXCR5+ d0,0.026453122137334795,0.0022044268447778998,1.0,0.018335907026501487,immune,False
% CD8+ MAIT d1,0.026321906483957602,0.002193492206996467,1.0,0.018244955266317756,immune,False
% CD4+ RO+ CCR7- d0,0.026184951574450697,0.0021820792978708915,1.0,0.0181500253569292,immune,False
% DN in total MAIT d6,0.026128131461130497,0.0021773442884275413,1.0,0.018110640655582207,immune,False
% CD8+ RO+ CCR7+ d0,0.0260610680998656,0.0021717556749888,1.0,0.01806415587580257,immune,False
% CD8+ RO+ Va7.2- total INFg+ d6,0.026019375511441598,0.002168281292620133,1.0,0.018035256775686227,immune,False
% CD4+ RO+ IL-22+ IL-17- d1,0.0259289956013717,0.0021607496334476416,1.0,0.017972610195842016,immune,False
viable CD8+ MAIT d6,0.0257495781740888,0.0021457981811740666,1.0,0.017848247511977555,immune,False
% CD4+ M total CXCR3+ d0,0.025606415820273398,0.002133867985022783,1.0,0.017749014930068086,immune,False
% CD8+ in total MAIT d6,0.025605763674552195,0.0021338136395460164,1.0,0.01774856289710012,immune,False
% CD8+ INFg+ TNFa+ d1 P13,0.0255776883999161,0.0021314740333263416,1.0,0.017729102599642665,immune,False
% DN RO- CCR6- total INFg+ d1,0.025352641646441798,0.002112720137203483,1.0,0.01757311207697778,immune,False
% CD8+ RO+ CCR6+ IL-17+ INFg- d1,0.0252548433439271,0.0021045702786605916,1.0,0.01750532345932617,immune,False
% viable CD3- CCR6- GzA- INFg+ d1,0.0251773316009839,0.0020981109667486584,1.0,0.017451596413244803,immune,False
% CD8+ M CCR6+ CXCR3+ d0,0.024926408063302596,0.002077200671941883,1.0,0.01727766947056488,immune,False
% CD8+ RO- CCR6- IL4+ GMCSF- d1,0.024808087422242,0.002067340618520167,1.0,0.017195655851811684,immune,False
% CD8+ MAIT total INFg+ d6,0.0247452769913264,0.0020621064159438668,1.0,0.01715211897871278,immune,False
% CD8+ RO- CCR6- total TNFa+ d1,0.024543942173664096,0.002045328514472008,1.0,0.017012564317501602,immune,False
% CD8+ M CCR6- CXCR3+ d0,0.0242858519901642,0.00202382099918035,1.0,0.01683366983447845,immune,False
% CD8+ INFg- TNFa+ d1 P13,0.0233545546556518,0.0019462128879709833,1.0,0.01618814371279819,immune,False
% CD8+ M CCR4- CXCR3+ d0,0.0233118535339898,0.0019426544611658167,1.0,0.016158545550711428,immune,False
%CD8+ MAIT d0,0.0232855409662183,0.0019404617471848584,1.0,0.01614030706854732,immune,False
% CD8+ MAIT INFg+ TNFa+ d6,0.023282458119501,0.0019402048432917499,1.0,0.016138170202037123,immune,False
% CD4+ RO+ FOXP3+ INFg- TNFa+ IL-17- d1,0.0231895837762704,0.0019324653146891998,1.0,0.016073794612880474,immune,False
% CD4+ INFg+ TNFa- d6,0.0228534570976777,0.0019044547581398084,1.0,0.015840809353302968,immune,False
% CD8+ RO+ CCR6+ IL-17- INFg+ d1,0.022330527631121495,0.0018608773025934578,1.0,0.015478342267927818,immune,False
% CD8+ and DN MAIT,0.0223126001627666,0.0018593833468972167,1.0,0.015465915893783046,immune,False
% CD4+ RO+ total IL-17+ d6,0.0222207936940224,0.0018517328078352,1.0,0.015402280498815838,immune,False
% CD8+ total TNFa+ d1,0.0218923053982538,0.0018243587831878166,1.0,0.015174589762756891,immune,False
% DN RO- CCR6- INFg+ TNFa+ d1,0.0216385468421533,0.0018032122368461083,1.0,0.014998697735052868,immune,False
% CD4+ RO+ CD161- total IL-17+ d6,0.0215513816145659,0.0017959484678804916,1.0,0.014938279403307794,immune,False
% CD4+ RO+ d6,0.020646681351245602,0.0017205567792704668,1.0,0.014311188966535491,immune,False
% CD4+ RO+/- CD27+ CD161- INFg+ d1,0.0202941851839372,0.0016911820986614335,1.0,0.014066857242007486,immune,False
% CD4+ RO+ CD27+ (TCM) d0,0.019207314962142,0.0016006095801785,1.0,0.013313496212135581,immune,False
% CD4+ RO+ CCR7+ d0,0.0189223100411923,0.0015768591700993583,1.0,0.013115945854733585,immune,False
% CD8+ RO+ CCR6+ IL-17+ INFg+ d1,0.0177630692606417,0.0014802557717201415,1.0,0.012312421376104825,immune,False
% CD4+ M CXCR5+ CCR7+ d0,0.0172370432057032,0.0014364202671419335,1.0,0.011947807899223135,immune,False
NK % CD56+ CD16+,0.03188729604804599,0.0026572746706704994,0.0,0.0,immune,False
% CD8+ M total CCR6+ d0,0.0318326938179051,0.002652724484825425,0.0,0.0,immune,False
NK % CD56lo CD16-,0.0287906373073439,0.002399219775611992,0.0,0.0,immune,False
% CD4+ RO+ INFg+ TNFa+ d1,0.0282682644022008,0.0023556887001834003,0.0,0.0,immune,False
CD4:CD8 d6,0.026306621278071197,0.0021922184398392663,0.0,0.0,immune,False
% DN RO+ CCR6- INFg+ TNFa- d1,0.0258346508688736,0.0021528875724061334,0.0,0.0,immune,False
% CD8+ MAIT IL-17- INFg+ d6,0.0254833504899618,0.0021236125408301497,0.0,0.0,immune,False
% CD8+ RO- Va7.2- total TNFa+ d6,0.025404009285683298,0.0021170007738069417,0.0,0.0,immune,False
CD4+ CCR6+ as % of RO+,0.0251725865393754,0.00209771554494795,0.0,0.0,immune,False
% CD4+ RO+ FOXP3+ INFg- TNFa- IL-17+ d1,0.0249370239688791,0.002078085330739925,0.0,0.0,immune,False
% CD8+ RO+ CCR6- total TNFa+ d1,0.0248001992199887,0.0020666832683323916,0.0,0.0,immune,False
% CD8+ RO- CCR7- d0,0.024178032963001,0.0020148360802500834,0.0,0.0,immune,False
% CD4+ RO+ CCR6- total INFg+ d1,0.023744511729344504,0.0019787093107787087,0.0,0.0,immune,False
% CD8+ nonMAIT INFg+ GzA- d1,0.023431677629795603,0.001952639802482967,0.0,0.0,immune,False
% CD8+ RO+ CD27- d0,0.023382257203027803,0.0019485214335856502,0.0,0.0,immune,False
% CD4+ M CXCR5- CCR7+ d0,0.0233616292484982,0.00194680243737485,0.0,0.0,immune,False
% CD8+ RO+ CD31+ CD27+ d0,0.023137269614189507,0.001928105801182459,0.0,0.0,immune,False
% CD4+ RO+ CCR6+ CD161- IL-17+ INFg- d6,0.022617558870272,0.0018847965725226666,0.0,0.0,immune,False
% CD8+ IL-17+ IL-22- d6,0.0226006431861024,0.0018833869321752,0.0,0.0,immune,False
% CD4+ RO+ CCR6+ INFg- IL4+ d1,0.0218305587652831,0.0018192132304402583,0.0,0.0,immune,False
% CD8+ IL-17+ INFg+ d6,0.021795614336402203,0.0018163011947001835,0.0,0.0,immune,False
% CD4+ RO+ CCR6- INFg+ TNFa+ d1,0.021785377211825697,0.0018154481009854749,0.0,0.0,immune,False
% CD4+ RO+ CCR6+ INFg+ IL-17+ d1,0.0217730910371556,0.0018144242530963,0.0,0.0,immune,False
% CD4+ M CCR4+ CXCR3+ d0,0.021591612944926897,0.001799301078743908,0.0,0.0,immune,False
% CD4+ RO+ INFg+ GMCSF+ d1,0.0215837887493899,0.0017986490624491583,0.0,0.0,immune,False
% CD4+ RO+ CCR6+ CD161+ d6,0.021100807170381895,0.0017584005975318246,0.0,0.0,immune,False
% CD4+ RO+ CCR6+ total INFg+ d6,0.020722135790459402,0.0017268446492049502,0.0,0.0,immune,False
% DN RO- CCR6- total TNFa+ d1,0.0205669081493465,0.0017139090124455416,0.0,0.0,immune,False
% CD8+ total IL-17+ d6,0.0205492825879079,0.0017124402156589917,0.0,0.0,immune,False
% CD8+ MAIT INFg- TNFa+ d1,0.0202223230583193,0.001685193588193275,0.0,0.0,immune,False
CD8+ % RO+ CD27+ d0,0.0201950835860544,0.0016829236321712,0.0,0.0,immune,False
% CD4+ RO+ CCR6+ d0,0.020187789725312003,0.001682315810442667,0.0,0.0,immune,False
% CD4+ RO+ INFg+ IL-17+ d1,0.020170617261821303,0.001680884771818442,0.0,0.0,immune,False
% CD4+ RO+ CD161- IL-17+ INFg- d6,0.020134189907788702,0.0016778491589823918,0.0,0.0,immune,False
% CD4+ RO+ CCR6- IL-17- INFg+ d6,0.019995216152470102,0.0016662680127058418,0.0,0.0,immune,False
DN % RO+ CD27+ d0,0.0197112311333871,0.001642602594448925,0.0,0.0,immune,False
% CD8+ INFg+ TNFa- d1 P8,0.0197037615380889,0.001641980128174075,0.0,0.0,immune,False
% CD4+ M CCR6+ CXCR3+ d0,0.0196515270298686,0.0016376272524890499,0.0,0.0,immune,False
% CD4+ RO+/- CD27+ CD161+ INFg- d1,0.0194947648197685,0.0016245637349807083,0.0,0.0,immune,False
% CD8+ RO+ CCR7- d0,0.019433484121538797,0.001619457010128233,0.0,0.0,immune,False
% CD8+ total INFg+ d1 P8,0.019291249220089002,0.0016076041016740835,0.0,0.0,immune,False
% CD8+ nonMAIT INFg+ TNFa- d1,0.019279609274246098,0.0016066341061871747,0.0,0.0,immune,False
% CD8+ non-MAIT total INFg+ d1,0.018967547269013698,0.0015806289390844748,0.0,0.0,immune,False
% CD4+ RO+ INFg+ GMCSF- d1,0.018871602675911,0.0015726335563259165,0.0,0.0,immune,False
% CD8+ M total CXCR3+ d0,0.0186902126065221,0.0015575177172101752,0.0,0.0,immune,False
% CD4+ RO+ CCR6+ IL-17- INFg+ d6,0.0186274553087007,0.001552287942391725,0.0,0.0,immune,False
% CD4+ RO+ CCR6+ CD161- IL-17- INFg+ d6,0.0186125998794567,0.0015510499899547248,0.0,0.0,immune,False
% CD8+ RO+ Va7.2- INFg+ TNFa+ d6,0.018535201710785702,0.0015446001425654752,0.0,0.0,immune,False
% CD8+ nonMAIT total INFg+ d1,0.0183604956733649,0.0015300413061137416,0.0,0.0,immune,False
% CD4+ RO- CCR7+ d0,0.018129928818410298,0.0015108274015341915,0.0,0.0,immune,False
% CD8+ RO- Va7.2- INFg+ TNFa- d6,0.0179986978831696,0.0014998914902641335,0.0,0.0,immune,False
% DN CD161+ Va7.2- d6,0.017950893999025202,0.0014959078332521002,0.0,0.0,immune,False
% CD4+ RO+ IL-17+ INFg- d6,0.0179426168303675,0.0014952180691972915,0.0,0.0,immune,False
%CD8+ CD161+ Va7.2- d0,0.017890305650469996,0.001490858804205833,0.0,0.0,immune,False
% CD4+ RO+ CCR6- total INFg+ d6,0.0170137532356136,0.0014178127696344667,0.0,0.0,immune,False
% CD4+ RO+ IL-17- INFg+ d6,0.0167317505203152,0.0013943125433596001,0.0,0.0,immune,False
% CD4+ M CCR4+ CXCR3- d0,0.016716095439588602,0.00139300795329905,0.0,0.0,immune,False
% CD4+ RO+/- CD27+ CD161+ INFg+ d1,0.0166842052011169,0.0013903504334264085,0.0,0.0,immune,False
% CD8+ total INFg+ d1 P13,0.016674951108754398,0.0013895792590628666,0.0,0.0,immune,False
% CD4+ RO+ CCR6+ IL-17+ INFg- d6,0.0165884425736813,0.0013823702144734416,0.0,0.0,immune,False
CD8+ % RO- CD27- d0,0.0165322773315642,0.0013776897776303502,0.0,0.0,immune,False
% CD4+ RO+ CD161+ d6,0.016482548511638,0.0013735457093031667,0.0,0.0,immune,False
% CD4+ RO+ CCR6+ CD161- IL-17+ INFg+ d6,0.016366510757197,0.0013638758964330834,0.0,0.0,immune,False
% CD8+ RO- CD27- d0,0.016040001466816,0.0013366667889013334,0.0,0.0,immune,False
% CD4+ RO+ CCR6+ d1,0.0158816645944193,0.0013234720495349415,0.0,0.0,immune,False
% CD19- CD3- d0,0.015822468158874003,0.0013185390132395003,0.0,0.0,immune,False
% CD4+ RO+ CCR6+ IL-17+ INFg+ d6,0.0156822027910884,0.0013068502325907,0.0,0.0,immune,False
% CD19+ CD3- CD27- IgG+ d0,0.015545365758804702,0.0012954471465670585,0.0,0.0,immune,False
% CD8+ nonMAIT INFg+ TNFa+ d1,0.015533415709782901,0.001294451309148575,0.0,0.0,immune,False
% CD4+ RO+ IL-17+ INFg+ d6,0.015266156233790502,0.0012721796861492084,0.0,0.0,immune,False
% CD4+ RO+ total GzA+ d1,0.014941557675710601,0.0012451298063092169,0.0,0.0,immune,False
% CD8+ RO+ CD31+ CD27- d0,0.0148896144441438,0.00124080120367865,0.0,0.0,immune,False
% CD8+ nonMAIT INFg- TNFa+ d1,0.014877906910420298,0.0012398255758683582,0.0,0.0,immune,False
% CD8+ INFg+ IL4- d1,0.014686015238242,0.0012238346031868332,0.0,0.0,immune,False
% CD4+  RO- CD27+ (TN) d0,0.014551719213644301,0.0012126432678036918,0.0,0.0,immune,False
% CD4+ RO+ CCR6+ CD161- total IL-17+ d6,0.014105415452299298,0.0011754512876916083,0.0,0.0,immune,False
% CD4+ INFg- TNFa+ d6,0.014036382623344099,0.0011696985519453415,0.0,0.0,immune,False
% CD8+ total INFg+ d1,0.014015286837726102,0.0011679405698105086,0.0,0.0,immune,False
% CD4+ RO+ CCR6+ total IL-17+  d6,0.013533085364484198,0.0011277571137070165,0.0,0.0,immune,False
% CD8+ MAIT INFg- TNFa+ d6,0.0133624028420986,0.0011135335701748833,0.0,0.0,immune,False
% CD8+ INFg- GzA+ d1,0.013281993832514202,0.0011068328193761835,0.0,0.0,immune,False
% CD4+ INFg+ TNFa+ d6,0.0125906590393609,0.0010492215866134084,0.0,0.0,immune,False
% CD8+ total GzA+ d1,0.012573901643045999,0.0010478251369205,0.0,0.0,immune,False
% CD8+ nonMAIT total GzA+ d1,0.012322881023264402,0.0010269067519387,0.0,0.0,immune,False
% CD8+ nonMAIT INFg- GzA+ d1,0.012016215451547197,0.0010013512876289332,0.0,0.0,immune,False
% CD4+ RO+ total INFg+ d6,0.011841892686030303,0.0009868243905025254,0.0,0.0,immune,False
CD8+ % RO- CD27+ d0,0.010464725789424499,0.0008720604824520416,0.0,0.0,immune,False
Clostridium_sp_AM49_4BH,0.4489366773847882,0.037411389782065686,10.0,1.0765031364867907,specie,True
Dysosmobacter_welbionis,0.41724023295449064,0.03477001941287422,11.0,1.0368030294277082,specie,True
Alistipes_communis,0.27401448059799316,0.022834540049832763,10.0,0.6570580277042286,specie,True
Ruminococcus_bicirculans,0.25206250524890605,0.021005208770742172,10.0,0.6044194897860663,specie,True
Faecalibacterium_prausnitzii,0.2382104032633924,0.019850866938616034,10.0,0.5712035999166822,specie,True
Coprococcus_eutactus,0.2679195093083726,0.022326625775697717,7.0,0.5571229574823074,specie,True
Alistipes_finegoldii,0.24144416160307783,0.020120346800256487,8.0,0.5305070459286205,specie,True
Dialister_invisus,0.2274314674431615,0.018952622286930124,9.0,0.5236803066123844,specie,True
Ruminococcus_gnavus,0.2178061862668639,0.018150515522238658,10.0,0.5222764244355543,specie,False
Blautia_wexlerae,0.21571211367638166,0.017976009473031806,9.0,0.49669549732947343,specie,False
Bacteroides_ovatus,0.1977671685716437,0.016480597380970307,10.0,0.4742249586326629,specie,False
Roseburia_inulinivorans,0.20141499626575637,0.016784583022146363,7.0,0.4188307103523028,specie,False
Roseburia_faecis,0.1870177698435038,0.015584814153625316,8.0,0.410920040298755,specie,False
Odoribacter_splanchnicus,0.2079048111461032,0.017325400928841935,6.0,0.4045640820466304,specie,False
Bilophila_wadsworthia,0.19480483486394864,0.016233736238662387,6.0,0.379072705246802,specie,False
GGB9615_SGB15053,0.19361637753607078,0.016134698128005897,6.0,0.3767600740707653,specie,False
GGB9635_SGB15106,0.1884129511836737,0.01570107926530614,5.0,0.33759068940855064,specie,False
Blautia_faecis,0.1825603204281838,0.015213360035681982,5.0,0.32710418283250625,specie,False
Clostridium_fessum,0.15508512257861432,0.012923760214884526,7.0,0.32249044638648006,specie,False
Streptococcus_thermophilus,0.17149992668627878,0.014291660557189898,5.0,0.3072866176120572,specie,False
Clostridium_sp_AF36_4,0.15369952348185859,0.012808293623488216,6.0,0.29908546264831404,specie,False
Roseburia_sp_AF02_12,0.1529824875420178,0.012748540628501483,6.0,0.2976901751357404,specie,False
Clostridium_sp_AF15_49,0.14971789296905508,0.01247649108075459,6.0,0.2913375674236614,specie,False
GGB9602_SGB15031,0.16210968534288037,0.01350914044524003,5.0,0.2904615637666863,specie,False
Clostridiales_bacterium,0.1564007233025975,0.013033393608549791,5.0,0.28023247697154596,specie,False
Bifidobacterium_longum,0.1429719684668637,0.011914330705571975,5.0,0.2561713783346779,specie,False
Ruthenibacterium_lactatiformans,0.14988475531030998,0.012490396275859164,4.0,0.24123020769232123,specie,False
Candidatus_Cibiobacter_qucibialis,0.1425397201303276,0.011878310010860633,4.0,0.22940882960549533,specie,False
GGB9758_SGB15368,0.12621496772934818,0.010517913977445682,5.0,0.226146863587373,specie,False
Escherichia_coli,0.13851469177473788,0.011542890981228156,4.0,0.22293079637138696,specie,False
Flavonifractor_plautii,0.14117148280072958,0.011764290233394132,3.0,0.19570523055758504,specie,False
Parasutterella_excrementihominis,0.13367929513784288,0.011139941261486907,3.0,0.1853188530480732,specie,False
Lacrimispora_celerecrescens,0.12162423111528528,0.01013535259294044,3.0,0.16860698577066233,specie,False
Bacteroides_thetaiotaomicron,0.1144914485328675,0.009540954044405624,3.0,0.15871884949756238,specie,False
Roseburia_intestinalis,0.11298634633206739,0.009415528861005615,3.0,0.15663233480368405,specie,False
Lachnospira_sp_NSJ_43,0.14210746855322823,0.011842289046102352,2.0,0.15612101126409347,specie,False
Coprococcus_comes,0.1390102287280864,0.011584185727340534,2.0,0.1527183455312404,specie,False
Phocaeicola_dorei,0.1370950014126828,0.0114245834510569,2.0,0.15061425326694516,specie,False
GGB3746_SGB5089,0.10554134638260121,0.0087951121985501,3.0,0.14631137335520122,specie,False
Parabacteroides_merdae,0.10427784521154979,0.008689820434295815,3.0,0.14455978880650425,specie,False
Bacteroides_cellulosilyticus,0.1226894923080696,0.0102241243590058,2.0,0.13478818394009676,specie,False
Lachnospiraceae_bacterium_WCA3_601_WT_6H,0.12239722472310378,0.010199768726925315,2.0,0.13446709517967398,specie,False
Akkermansia_muciniphila,0.09687582319893479,0.008072985266577898,3.0,0.13429840742953078,specie,False
Bacteroides_finegoldii,0.1199118053194467,0.009992650443287225,2.0,0.13173658288032214,specie,False
Blautia_massiliensis,0.11742907322812829,0.009785756102344024,2.0,0.12900902289532906,specie,False
Gemmiger_formicilis,0.0917592504166567,0.007646604201388058,3.0,0.12720533143319915,specie,False
Clostridium_sp_AF34_10BH,0.11571159399785941,0.009642632833154951,2.0,0.1271221791074234,specie,False
Ruminococcaceae_unclassified_SGB15265,0.1075631901969238,0.008963599183076983,2.0,0.11817024255868562,specie,False
Alistipes_putredinis,0.10136871214327009,0.008447392678605841,2.0,0.11136491284705674,specie,False
Bacteroides_stercoris,0.09711033764156238,0.008092528136796865,2.0,0.10668661028972971,specie,False
Faecalibacterium_SGB15346,0.0936942998987863,0.007807858324898859,2.0,0.10293370924696185,specie,False
Bacteroides_caccae,0.0932735290482885,0.007772794087357375,2.0,0.10247144521989164,specie,False
Alistipes_shahii,0.0907381570244268,0.007561513085368899,2.0,0.09968605435813183,specie,False
Ruminococcus_torques,0.0891875558016212,0.007432296316801767,2.0,0.0979825447999338,specie,False
Ruminococcus_lactaris,0.076854719184444,0.006404559932037,2.0,0.0844335389381669,specie,False
Anaerostipes_hadrus,0.1081897071164941,0.009015808926374509,1.0,0.07499139045340414,specie,False
Anaerobutyricum_hallii,0.1061382661416779,0.008844855511806492,1.0,0.07356943992562513,specie,False
Collinsella_aerofaciens,0.10022870279653999,0.008352391899711665,1.0,0.0694732427546024,specie,False
Bacteroides_uniformis,0.0970166031438279,0.008084716928652326,1.0,0.06724678493664743,specie,False
Phocaeicola_massiliensis,0.09527548956909371,0.007939624130757808,1.0,0.06603993697128578,specie,False
Lachnospira_pectinoschiza,0.09492376957336689,0.007910314131113908,1.0,0.06579614324790117,specie,False
Bacteroides_fragilis,0.09441146161615982,0.007867621801346652,1.0,0.06544103843178467,specie,False
Ruminococcaceae_unclassified_SGB15234,0.0940781959548626,0.007839849662905216,1.0,0.06521003627827905,specie,False
Candidatus_Gastranaerophilales_bacterium,0.059122444724163004,0.004926870393680251,2.0,0.06495264431006652,specie,False
Rikenellaceae_bacterium,0.0860467168526953,0.007170559737724608,1.0,0.059643039182885674,specie,False
Lacrimispora_amygdalina,0.0851630579883287,0.007096921499027391,1.0,0.05903053353247316,specie,False
Barnesiella_intestinihominis,0.08373821078535859,0.006978184232113216,1.0,0.05804290471100571,specie,False
Clostridiaceae_bacterium,0.0815099134990699,0.006792492791589159,1.0,0.056498366729565326,specie,False
Bacteroides_xylanisolvens,0.07829869230304531,0.006524891025253776,1.0,0.05427251781138655,specie,False
Lachnospira_eligens,0.077530541362906,0.0064608784469088335,1.0,0.05374007615298452,specie,False
Blautia_obeum,0.0715265821922412,0.0059605485160201,1.0,0.04957844878164118,specie,False
Dorea_longicatena,0.07145125222347401,0.005954271018622834,1.0,0.049526234026178534,specie,False
Roseburia_hominis,0.0702900526729692,0.0058575043894141,1.0,0.048721351831678646,specie,False
Ruminococcaceae_unclassified_SGB15260,0.058226952781810594,0.004852246065150883,1.0,0.04035984815330908,specie,False
Parabacteroides_distasonis,0.0960682631088444,0.008005688592403701,0.0,0.0,specie,False
Phocaeicola_vulgatus,0.0866438639254313,0.007220321993785942,0.0,0.0,specie,False
Alistipes_ihumii,0.08314947411392819,0.006929122842827349,0.0,0.0,specie,False
Eubacterium_siraeum,0.0720301100955538,0.006002509174629483,0.0,0.0,specie,False
Clostridium_sp_AF34_13,0.0694699449605356,0.005789162080044634,0.0,0.0,specie,False
Sutterella_wadsworthensis,0.0666344223101984,0.005552868525849866,0.0,0.0,specie,False
Bifidobacterium_adolescentis,0.05868738445565419,0.004890615371304516,0.0,0.0,specie,False
Ruminococcus_bromii,0.0572087048617407,0.004767392071811725,0.0,0.0,specie,False
Prevotella_copri_clade_A,0.051397906527469,0.004283158877289083,0.0,0.0,specie,False
GGB9342_SGB14306,0.0497506628547721,0.004145888571231008,0.0,0.0,specie,False
Parasutterella_SGB9260,0.0473537630985182,0.003946146924876517,0.0,0.0,specie,False
Paraprevotella_clara,0.043822722585023094,0.0036518935487519243,0.0,0.0,specie,False
Bacteroides_eggerthii,0.042080040363664695,0.0035066700303053914,0.0,0.0,specie,False
GGB9176_SGB14114,0.0418440223897697,0.0034870018658141413,0.0,0.0,specie,False
Bacteroides_faecis,0.0409660498756175,0.0034138374896347918,0.0,0.0,specie,False
Lachnospira_SGB5077,0.0401806956701026,0.0033483913058418835,0.0,0.0,specie,False
GGB6613_SGB9347,0.039112966124037,0.00325941384366975,0.0,0.0,specie,False
GGB1266_SGB1699,0.0377283262995962,0.003144027191633017,0.0,0.0,specie,False
Pseudoruminococcus_massiliensis,0.036301169125839694,0.003025097427153308,0.0,0.0,specie,False
Bacteroides_intestinalis,0.032613392246183204,0.0027177826871819335,0.0,0.0,specie,False
Phocaeicola_plebeius,0.031100058539928997,0.002591671544994083,0.0,0.0,specie,False
Bacteroides_salyersiae,0.0289439138076675,0.002411992817305625,0.0,0.0,specie,False
Acidaminococcus_intestini,0.027742964231262997,0.002311913685938583,0.0,0.0,specie,False
Ruminococcaceae_unclassified_SGB4191,0.024672458617834403,0.002056038218152867,0.0,0.0,specie,False
GGB3293_SGB4348,0.024172894838422696,0.0020144079032018915,0.0,0.0,specie,False
Clostridia_unclassified_SGB4367,0.0233917191218755,0.0019493099268229584,0.0,0.0,specie,False
Akkermansia_sp_KLE1605,0.0229656833283998,0.0019138069440333167,0.0,0.0,specie,False
Phocaeicola_coprocola,0.020881867193964797,0.0017401555994970665,0.0,0.0,specie,False
GGB6612_SGB9346,0.0196628531872772,0.0016385710989397669,0.0,0.0,specie,False
GGB6601_SGB9333,0.018712991894892297,0.0015594159912410248,0.0,0.0,specie,False
Parabacteroides_johnsonii,0.015732241244380902,0.0013110201036984086,0.0,0.0,specie,False
Bacteroidaceae_bacterium,0.014347133124039802,0.001195594427003317,0.0,0.0,specie,False
Prevotella_sp_885,0.010418173199789068,0.0008681810999824224,0.0,0.0,specie,False
GGB6608_SGB9342,0.009793740631273098,0.0008161450526060916,0.0,0.0,specie,False
Ruminococcus_sp_NSJ_71,0.009093985194447398,0.0007578320995372832,0.0,0.0,specie,False
GGB9059_SGB13976,0.0082989011251114,0.0006915750937592833,0.0,0.0,specie,False
Odoribacter_laneus,0.00819098169520817,0.0006825818079340142,0.0,0.0,specie,False
Prevotella_stercorea,0.007734393832945524,0.000644532819412127,0.0,0.0,specie,False
Prevotella_copri_clade_C,0.0065339420008827375,0.0005444951667402282,0.0,0.0,specie,False
Akkermansia_sp_BIOML_A40,0.005674206981533158,0.0004728505817944298,0.0,0.0,specie,False
GGB1681_SGB2313,0.0039663557759125855,0.00033052964799271545,0.0,0.0,specie,False
Clostridia_unclassified_SGB13972,0.0037789790602137953,0.0003149149216844829,0.0,0.0,specie,False
Prevotella_marseillensis,0.001943924318010977,0.00016199369316758142,0.0,0.0,specie,False
Sutterella_SGB9281,0.0015872475244279962,0.00013227062703566634,0.0,0.0,specie,False
K17398,0.0561195798841694,0.004676631657014116,12.0,0.14394388036491168,kegg,True
K21417,0.0555279942242087,0.004627332852017391,12.0,0.142426493106512,kegg,True
K21023,0.0383978614970211,0.0031998217914184254,9.0,0.08841434348589083,kegg,True
K01910,0.033979985690879205,0.002831665474239934,12.0,0.08715694246437283,kegg,True
K01607,0.033363051600723705,0.002780254300060309,12.0,0.08557453776623236,kegg,True
K19092,0.03448862910578178,0.002874052425481815,10.0,0.08270012069805042,kegg,True
K22424,0.03447012872016222,0.0028725107266801848,9.0,0.07937040454463146,kegg,True
K10241,0.028319711772527636,0.00235997598104397,11.0,0.07037184010363344,kegg,True
K01821,0.030293611830996096,0.002524467652583008,9.0,0.06975361901499967,kegg,True
K08722,0.027984028559960558,0.002332002379996713,11.0,0.0695376986565033,kegg,True
K02744,0.028383079352391698,0.002365256612699308,10.0,0.0680596518065611,kegg,True
K18866,0.0262794281331972,0.0021899523444331,12.0,0.0674054023047008,kegg,True
K18119,0.0288377042885839,0.002403142024048658,9.0,0.06640126801106375,kegg,True
K18344,0.02759720559652317,0.0022997671330435977,10.0,0.06617520884234765,kegg,True
K21948,0.029220149013531826,0.002435012417794319,8.0,0.06420322956595882,kegg,True
K02510,0.027732998223821997,0.0023110831853185,9.0,0.06385758829420288,kegg,True
K09469,0.02769242120766321,0.0023077017673052676,9.0,0.06376415626167749,kegg,True
K01040,0.024835327462322296,0.0020696106218601913,12.0,0.06370135721683043,kegg,True
K16951,0.026477096097894094,0.0022064246748245077,10.0,0.06348930357056844,kegg,True
K22405,0.023908348073199196,0.0019923623394332663,11.0,0.05941001311253881,kegg,True
K11733,0.0258010785211849,0.002150089876765408,9.0,0.05940917878604921,kegg,True
K17204,0.0237176963571037,0.0019764746964253082,11.0,0.05893626139541962,kegg,True
K01198,0.022466188248924497,0.0018721823540770414,12.0,0.057624635113688816,kegg,True
K01281,0.0229173993977638,0.0019097832831469833,11.0,0.05694759815935078,kegg,True
K02517,0.022421148135587605,0.0018684290112989672,10.0,0.05376356512503752,kegg,True
K18889,0.0214510558993674,0.00178758799161395,11.0,0.053303871449312167,kegg,True
K23547,0.022032569215214907,0.0018360474346012423,10.0,0.05283179356876673,kegg,True
K21578,0.0217461127819164,0.0018121760651597,10.0,0.05214490104149756,kegg,True
K17319,0.020893346340270395,0.001741112195022533,11.0,0.05191801525726169,kegg,True
K21579,0.020567701414263197,0.0017139751178552665,11.0,0.05110881801515668,kegg,True
K16248,0.020530325276721,0.0017108604397267498,11.0,0.051015941802434676,kegg,True
K18427,0.021168188546213704,0.0017640157121844753,10.0,0.050759099248670454,kegg,True
K00567,0.021731670184661604,0.001810972515388467,9.0,0.050039019813064974,kegg,True
K22605,0.019889796916076872,0.0016574830763397394,11.0,0.04942428861969228,kegg,True
K15924,0.020294376995913303,0.0016911980829927753,10.0,0.048663790662888506,kegg,True
K18979,0.020275059808434602,0.0016895883173695502,10.0,0.04861747007034957,kegg,True
K01560,0.021081585188123798,0.0017567987656769831,9.0,0.04854214379085794,kegg,True
K07319,0.018954215285342,0.0015795179404451667,11.0,0.047099455604059697,kegg,True
K00459,0.0186146396805663,0.001551219973380525,11.0,0.046255641925646775,kegg,True
K02055,0.0194519321406184,0.0016209943450515333,9.0,0.04478972897691969,kegg,True
K01546,0.019325828997352145,0.0016104857497793454,9.0,0.044499365759055116,kegg,True
K15515,0.0178821012501082,0.0014901751041756833,11.0,0.044435352308576176,kegg,True
K17320,0.0176244946299343,0.0014687078858278584,11.0,0.04379522390507665,kegg,True
K19405,0.018206755332070276,0.0015172296110058563,10.0,0.04365789254376784,kegg,True
K22607,0.0188538098177152,0.0015711508181429333,9.0,0.04341250143241581,kegg,True
K06013,0.018060740565471998,0.0015050617137893332,10.0,0.043307764425183075,kegg,True
K07704,0.017482835125392598,0.0014569029271160499,10.0,0.04192200770229222,kegg,True
K09924,0.0168143705340628,0.0014011975445052333,11.0,0.04178214115209206,kegg,True
K07149,0.0174069988376028,0.0014505832364669,10.0,0.04174016022629449,kegg,True
K07746,0.017385415440335,0.0014487846200279166,10.0,0.0416884055000151,kegg,True
K02793,0.01790910540712124,0.0014924254505934368,9.0,0.04123723913929643,kegg,True
K01299,0.0171007408508487,0.001425061737570725,10.0,0.04100578564760009,kegg,True
K03602,0.017045145093340607,0.001420428757778384,10.0,0.04087247284348378,kegg,True
K19540,0.0169501026779817,0.001412508556498475,10.0,0.04064457108497932,kegg,True
K17818,0.016747994594387604,0.001395666216198967,10.0,0.0401599370667347,kegg,True
K07306,0.01732985703164835,0.0014441547526373626,9.0,0.03990347046479154,kegg,True
K21400,0.015918492833600698,0.0013265410694667248,11.0,0.039555968696817004,kegg,True
K03519,0.0158294517968941,0.0013191209830745083,11.0,0.039334710032600764,kegg,True
K23508,0.0163591047560606,0.0013632587296717165,10.0,0.03922741996177105,kegg,True
K02017,0.0170278036777692,0.0014189836398140999,9.0,0.03920796691486055,kegg,True
K01725,0.016750201224909805,0.0013958501020758171,9.0,0.03856876364512792,kegg,True
K23189,0.015398107484753143,0.0012831756237294287,11.0,0.03826285968301347,kegg,True
K08986,0.015904619574091446,0.0013253849645076205,10.0,0.038137612092370314,kegg,True
K10708,0.016213851436043102,0.0013511542863369251,9.0,0.03733377261665295,kegg,True
K05791,0.017848609530100323,0.0014873841275083602,7.0,0.037115140118113225,kegg,True
K01524,0.0167890542967202,0.0013990878580600167,8.0,0.036889322730985885,kegg,True
K03803,0.014837121023300481,0.0012364267519417067,11.0,0.036868860694508704,kegg,True
K17243,0.014773340789381598,0.0012311117324484665,11.0,0.03671037276711864,kegg,True
K15552,0.015258061093067701,0.0012715050910889752,10.0,0.03658723256713578,kegg,True
K17318,0.0141562377965957,0.0011796864830496416,12.0,0.03631003304045086,kegg,True
K19545,0.016459756931618098,0.0013716464109681749,8.0,0.03616578246713149,kegg,True
K11104,0.014501754664115973,0.0012084795553429976,11.0,0.03603550659845593,kegg,True
K19428,0.0150044767355502,0.00125037306129585,10.0,0.035979163834988954,kegg,True
K07552,0.014919269993545252,0.0012432724994621044,10.0,0.03577484699112474,kegg,True
K21576,0.01628113828331302,0.0013567615236094184,8.0,0.035773317183104995,kegg,True
K16328,0.013924220381827801,0.0011603516984856502,12.0,0.035714920121522054,kegg,True
K18331,0.0138454719166507,0.0011537893263875584,12.0,0.03551293429636496,kegg,True
K03337,0.015026220195189849,0.0012521850162658208,9.0,0.03459915062549023,kegg,True
K03665,0.014931851719353753,0.0012443209766128127,9.0,0.03438185917978147,kegg,True
K03650,0.014892783852757501,0.001241065321063125,9.0,0.034291902092541855,kegg,True
K19171,0.0142830511123792,0.0011902542593649334,10.0,0.03424926074351159,kegg,True
K20344,0.014651590552881002,0.0012209658794067502,9.0,0.03373653399571619,kegg,True
K00254,0.0144600936516478,0.0012050078043039834,9.0,0.033295596085582066,kegg,True
K01750,0.014368262179029399,0.0011973551815857833,9.0,0.03308414630566324,kegg,True
K20276,0.013792281576332803,0.0011493567980277336,10.0,0.03307244679299249,kegg,True
K13653,0.013558800742555,0.0011299000618795834,10.0,0.03251258420538767,kegg,True
K23149,0.0140737508678411,0.0011728125723200918,9.0,0.032406008950802936,kegg,True
K03324,0.013468386068239701,0.0011223655056866418,10.0,0.03229577928525541,kegg,True
K21472,0.0164090753190943,0.0013674229432578584,6.0,0.031930586200038656,kegg,True
K00113,0.0135669867270796,0.0011305822272566332,9.0,0.031239141394621566,kegg,True
K07485,0.013023851882330456,0.0010853209901942047,10.0,0.03122983286226636,kegg,True
K01151,0.0129711516464074,0.0010809293038672833,10.0,0.031103463215671107,kegg,True
K21672,0.012494256250099102,0.0010411880208415919,11.0,0.031047060440026544,kegg,True
K10709,0.012941422862207074,0.0010784519051839228,10.0,0.031032176704571104,kegg,True
K21577,0.012461708351751801,0.0010384756959793168,11.0,0.030966181950986712,kegg,True
K19049,0.0128564451260345,0.0010713704271695416,10.0,0.03082840899270978,kegg,True
K22736,0.012783511782995399,0.00106529264858295,10.0,0.030653522474206937,kegg,True
K18231,0.013296166437157201,0.0011080138697631,9.0,0.030615554632165927,kegg,True
K02009,0.013264269839182039,0.0011053558199318365,9.0,0.030542110001151094,kegg,True
K08364,0.012272324748236297,0.0010226937290196915,11.0,0.03049558137525022,kegg,True
K09760,0.013102722706118203,0.0010918935588431836,9.0,0.030170133980742378,kegg,True
K01972,0.011730702481163001,0.0009775585400969167,12.0,0.030088657791631494,kegg,True
K16874,0.01246259574179158,0.0010385496451492983,10.0,0.02988399941603913,kegg,True
K06199,0.012943153733688635,0.001078596144474053,9.0,0.029802712843521678,kegg,True
K16788,0.012890310900774499,0.0010741925750645416,9.0,0.029681037724182013,kegg,True
K06015,0.012331366702481094,0.0010276138918734244,10.0,0.02956932592302265,kegg,True
K19505,0.0122117224931619,0.001017643541096825,10.0,0.02928243163907845,kegg,True
K01846,0.013942814964561309,0.0011619012470467757,7.0,0.028993268645264053,kegg,True
K01779,0.0125757950906437,0.0010479829242203084,9.0,0.02895683830826389,kegg,True
K11741,0.013897701168608102,0.001158141764050675,7.0,0.028899457143856087,kegg,True
K02434,0.011960318094913902,0.0009966931745761585,10.0,0.02867959022095886,kegg,True
K01835,0.011913611851826201,0.0009928009876521834,10.0,0.02856759354144869,kegg,True
K00371,0.011910943485947399,0.00099257862382895,10.0,0.028561195079521814,kegg,True
K07460,0.012961702072128801,0.0010801418393440669,8.0,0.028479770356991205,kegg,True
K19115,0.011454958614473898,0.0009545798845394916,11.0,0.028464502834152527,kegg,True
K07455,0.0118527290638606,0.0009877274219883833,10.0,0.02842160299199119,kegg,True
K01640,0.011383393235444699,0.0009486161029537249,11.0,0.02828666954790827,kegg,True
K01729,0.011773093926949696,0.0009810911605791413,10.0,0.028230646273643883,kegg,True
K00874,0.011299565382251199,0.0009416304485209332,11.0,0.02807836515807029,kegg,True
K00688,0.012126289136164776,0.001010524094680398,9.0,0.027921812598268658,kegg,True
K01430,0.0116218057544873,0.0009684838128739417,10.0,0.027867873080065997,kegg,True
K06120,0.0133351846824206,0.0011112653902017168,7.0,0.027729736994598027,kegg,True
K21416,0.010726999610312898,0.0008939166341927415,12.0,0.027514210757962225,kegg,True
K09859,0.012511761136445698,0.0010426467613704749,8.0,0.027491149074758636,kegg,True
K23148,0.0114043336712374,0.0009503611392697834,10.0,0.02734639779967545,kegg,True
K18831,0.0118670081309626,0.0009889173442468834,9.0,0.02732479602079362,kegg,True
K03111,0.0109707142214987,0.0009142261851248917,11.0,0.027261200721925907,kegg,True
K02054,0.012383417773327599,0.0010319514811106332,8.0,0.02720914988297756,kegg,True
K06962,0.011784836119678,0.0009820696766398333,9.0,0.02713558797254836,kegg,True
K01646,0.01128883226382089,0.0009407360219850742,10.0,0.027069437520829843,kegg,True
K13919,0.011704716629207102,0.0009753930524339251,9.0,0.02695110602813179,kegg,True
K21900,0.012264923302164901,0.0010220769418470752,8.0,0.026948790918660426,kegg,True
K07217,0.0121977410684408,0.0010164784223700666,8.0,0.026801176463561484,kegg,True
K22230,0.010694779725071398,0.0008912316437559498,11.0,0.0265755292568478,kegg,True
K02020,0.0110301407519653,0.0009191783959971084,10.0,0.02644912236743826,kegg,True
K07307,0.0114743027455577,0.0009561918954631416,9.0,0.026420558454421813,kegg,True
K08963,0.011413379572182601,0.0009511149643485501,9.0,0.02628027766359042,kegg,True
K05946,0.0113336913850169,0.0009444742820847417,9.0,0.026096788831734954,kegg,True
K23393,0.0125062903376856,0.0010421908614738,7.0,0.02600609966049258,kegg,True
K03116,0.010798229229504963,0.0008998524357920803,10.0,0.025893022824023143,kegg,True
K03187,0.0123481443595733,0.0010290120299644417,7.0,0.02567724434395627,kegg,True
K00048,0.0106208091901012,0.0008850674325084334,10.0,0.02546758815023716,kegg,True
K07800,0.0104344829507932,0.0008695402458994333,10.0,0.025020797341802205,kegg,True
K21279,0.0119289165381163,0.0009940763781763583,7.0,0.024805484596590648,kegg,True
K18910,0.010316242833118501,0.0008596869027598751,10.0,0.024737269922574925,kegg,True
K17865,0.0106883093406323,0.0008906924450526916,9.0,0.024610741757048953,kegg,True
K10560,0.00988846355741,0.0008240386297841667,11.0,0.024571908849994415,kegg,True
K01046,0.010632693582857499,0.0008860577985714582,9.0,0.02448268174226113,kegg,True
K19172,0.011708737237370297,0.0009757281031141915,7.0,0.02434763461200139,kegg,True
K23536,0.010148985656233102,0.0008457488046860919,10.0,0.024336204728779825,kegg,True
K13921,0.010565504175663801,0.0008804586813053167,9.0,0.024327972414849814,kegg,True
K03325,0.0105038706156243,0.000875322551302025,9.0,0.024186055898274706,kegg,True
K20345,0.0110049547656396,0.0009170795638033,8.0,0.024180357083536684,kegg,False
K19114,0.010386275535302799,0.0008655229612752332,9.0,0.02391528321931698,kegg,False
K01176,0.010860230228319744,0.0009050191856933119,8.0,0.023862364773193884,kegg,False
K18221,0.009813669847186698,0.0008178058205988915,10.0,0.023532152535372892,kegg,False
K01547,0.01017791194335309,0.0008481593286127575,9.0,0.023435508318570886,kegg,False
K03601,0.0101515874963529,0.000845965624696075,9.0,0.023374894039326934,kegg,False
K13012,0.0097232981132821,0.0008102748427735084,10.0,0.023315450581848467,kegg,False
K01939,0.010436819316835239,0.0008697349430696032,8.0,0.0229320359121678,kegg,False
K02197,0.010412786760718025,0.0008677322300598354,8.0,0.022879230989210846,kegg,False
K17837,0.009538758980560553,0.0007948965817133794,10.0,0.022872945067849156,kegg,False
K00065,0.010340463550219855,0.0008617052958516546,8.0,0.022720320653592405,kegg,False
K01903,0.009845357127601005,0.0008204464273000837,9.0,0.022669772557216753,kegg,False
K19158,0.008776506248044401,0.0007313755206703668,12.0,0.02251129406167865,kegg,False
K09812,0.009639542981972,0.0008032952484976667,9.0,0.0221958679735641,kegg,False
K00560,0.010060738287703501,0.0008383948573086251,8.0,0.022105701431889647,kegg,False
K01818,0.0095820270345336,0.0007985022528778,9.0,0.022063432610383012,kegg,False
K03367,0.012273505304985027,0.0010227921087487522,5.0,0.021991169350827688,kegg,False
K02340,0.009510816229866501,0.0007925680191555417,9.0,0.021899463673096437,kegg,False
K15582,0.008514851469186601,0.0007095709557655501,12.0,0.021840162804770594,kegg,False
K21405,0.009095776103206457,0.0007579813419338714,10.0,0.021810718520311148,kegg,False
K03186,0.010474204114061199,0.0008728503428384332,7.0,0.021780495150812696,kegg,False
K03490,0.009911821552897188,0.0008259851294080989,8.0,0.021778497922196556,kegg,False
K11707,0.011190535992744355,0.0009325446660620296,6.0,0.021775777561650014,kegg,False
K16907,0.009904797473381199,0.0008253997894484333,8.0,0.02176306444205086,kegg,False
K01218,0.0094395345943784,0.0007866278828648666,9.0,0.0217353316418173,kegg,False
K03522,0.0087412383171942,0.00072843652643285,11.0,0.021721161221777537,kegg,False
K07443,0.009798734335373182,0.0008165611946144318,8.0,0.021530019908470244,kegg,False
K22293,0.0086472373138776,0.0007206031094897999,11.0,0.021487577503549373,kegg,False
K19421,0.009759199395816699,0.0008132666163180582,8.0,0.021443152767613233,kegg,False
K01035,0.0093086374309242,0.0007757197859103501,9.0,0.021433929784532457,kegg,False
K00768,0.009281602710576903,0.0007734668925480753,9.0,0.021371680040467505,kegg,False
K07722,0.010274298536993277,0.0008561915447494397,7.0,0.02136480318944418,kegg,False
K07029,0.008886021819589699,0.0007405018182991416,10.0,0.021307749715177314,kegg,False
K09696,0.010223792715748801,0.0008519827263124001,7.0,0.02125977928665176,kegg,False
K01932,0.009211588209533366,0.0007676323507944472,9.0,0.021210465694071243,kegg,False
K01890,0.0088146581131606,0.0007345548427633834,10.0,0.021136627020881607,kegg,False
K07173,0.008496144680908401,0.0007080120567423668,11.0,0.021112126415150236,kegg,False
K00598,0.010073768401236943,0.0008394807001030786,7.0,0.020947812494793765,kegg,False
K12990,0.009532345313833799,0.0007943621094861499,8.0,0.020944703403211362,kegg,False
K01507,0.009008410047980133,0.0007507008373316778,9.0,0.020742630688056832,kegg,False
K09137,0.00900572777619733,0.0007504773146831109,9.0,0.02073645452903439,kegg,False
K11710,0.010577224598019621,0.0008814353831683017,6.0,0.020582328694123887,kegg,False
K01216,0.008243615412641899,0.0006869679510534916,11.0,0.020484614757168704,kegg,False
K18814,0.009312568848300985,0.0007760474040250821,8.0,0.02046180515162258,kegg,False
K16698,0.0104941001021474,0.0008745083418456166,6.0,0.020420575893971022,kegg,False
K05851,0.008853936464176676,0.0007378280386813896,9.0,0.020386942116729624,kegg,False
K00012,0.009277005431323801,0.00077308378594365,8.0,0.020383664337786253,kegg,False
K15520,0.009238433334470676,0.000769869444539223,8.0,0.020298912778581174,kegg,False
K03366,0.009721241094383942,0.0008101034245319951,7.0,0.02021475256834712,kegg,False
K01735,0.009707564067070601,0.0008089636722558834,7.0,0.020186311989585065,kegg,False
K02121,0.008748710108954793,0.0007290591757462328,9.0,0.020144649479805623,kegg,False
K07089,0.0103384297098907,0.0008615358091575583,6.0,0.020117655297771292,kegg,False
K21571,0.009114721026644993,0.0007595600855537494,8.0,0.020027089055307597,kegg,False
K12206,0.0086484322015684,0.0007207026834640333,9.0,0.019913751065101074,kegg,False
K03664,0.008638620813578501,0.0007198850677982084,9.0,0.019891159509373955,kegg,False
K19118,0.0086216096800854,0.00071846747334045,9.0,0.019851989926977807,kegg,False
K23351,0.00855788899048325,0.0007131574158736042,9.0,0.019705267616984597,kegg,False
K14188,0.0094299250439545,0.0007858270869962083,7.0,0.01960897787132604,kegg,False
K09967,0.008482050906692457,0.0007068375755577048,9.0,0.019530643975766683,kegg,False
K02688,0.008802022299411062,0.0007335018582842551,8.0,0.01934001972652745,kegg,False
K14048,0.0087724978875806,0.0007310414906317167,8.0,0.01927514796322216,kegg,False
K10120,0.0087630107982288,0.0007302508998524001,8.0,0.019254302697331003,kegg,False
K02531,0.008712599671701,0.00072604997264175,8.0,0.019143538131152917,kegg,False
K01034,0.009063750038032461,0.0007553125031693718,7.0,0.01884753835248689,kegg,False
K01715,0.0078522290121739,0.0006543524176811583,10.0,0.018828822829222013,kegg,False
K02233,0.0090464742939646,0.0007538728578303833,7.0,0.01881161445260875,kegg,False
K23535,0.009045347502944799,0.0007537789585787333,7.0,0.018809271356553386,kegg,False
K06879,0.008558279956906,0.0007131899964088334,8.0,0.018804463061037828,kegg,False
K03273,0.009661570219731599,0.0008051308516442999,6.0,0.01880054754638629,kegg,False
K03800,0.008149059600777582,0.0006790883000647985,9.0,0.01876390315867047,kegg,False
K01361,0.0085189960576847,0.0007099163381403917,8.0,0.018718147512175185,kegg,False
K21759,0.008507847610065601,0.0007089873008388001,8.0,0.018693651869067355,kegg,False
K04047,0.008081970212050501,0.0006734975176708751,9.0,0.01860942413228941,kegg,False
K07078,0.008062688711887376,0.0006718907259906146,9.0,0.018565026837443238,kegg,False
K00313,0.01035507967653923,0.0008629233063782692,5.0,0.018553812065050152,kegg,False
K03641,0.0084333400843648,0.0007027783403637334,8.0,0.018529942102401047,kegg,False
K01056,0.008006881540260599,0.0006672401283550499,9.0,0.01843652607597326,kegg,False
K16149,0.008859836475279229,0.000738319706273269,7.0,0.01842351201918588,kegg,False
K22300,0.0083642981454448,0.0006970248454537333,8.0,0.018378241457339076,kegg,False
K02852,0.0083407697039401,0.0006950641419950083,8.0,0.01832654418739853,kegg,False
K03841,0.0083240560233988,0.0006936713352832333,8.0,0.01828982047773544,kegg,False
K16881,0.0087850399220371,0.0007320866601697582,7.0,0.01826797695919973,kegg,False
K18214,0.0079178505413173,0.0006598208784431084,9.0,0.018231524624992054,kegg,False
K02794,0.007889066876557965,0.0006574222397131638,9.0,0.01816524778759547,kegg,False
K22522,0.008730394416032971,0.0007275328680027476,7.0,0.01815434482394863,kegg,False
K17103,0.0075527760113626,0.0006293980009468833,10.0,0.018110765894151313,kegg,False
K16926,0.0075129950392338,0.00062608291993615,10.0,0.01801537528913634,kegg,False
K07474,0.007506859339800299,0.0006255716116500249,10.0,0.018000662524469434,kegg,False
K00863,0.008159441480011853,0.0006799534566676544,8.0,0.01792812535721866,kegg,False
K17716,0.0086192570668603,0.0007182714222383584,7.0,0.0179232412032468,kegg,False
K15898,0.008104392642169101,0.0006753660535140918,8.0,0.01780717069775677,kegg,False
K19789,0.009106015401318803,0.0007588346167765669,6.0,0.01771948778688025,kegg,False
K06218,0.007655858117007,0.00063798817641725,9.0,0.017628264774297783,kegg,False
K21583,0.007074343410673399,0.0005895286175561166,11.0,0.01757908298406625,kegg,False
K01771,0.0076169279325523,0.0006347439943793584,9.0,0.017538624711904885,kegg,False
K02011,0.007612631979123983,0.0006343859982603319,9.0,0.017528732913580643,kegg,False
K01879,0.007053564496086443,0.0005877970413405369,11.0,0.01752744932103375,kegg,False
K22994,0.007967491028842501,0.0006639575857368751,8.0,0.017506367108278586,kegg,False
K13016,0.0075457374004969,0.0006288114500414083,9.0,0.017374702454031804,kegg,False
K19286,0.007526818467571301,0.0006272348722976084,9.0,0.017331140001101968,kegg,False
K01902,0.007494975459023101,0.0006245812882519251,9.0,0.0172578187643028,kegg,False
K21473,0.007485568171028599,0.0006237973475857165,9.0,0.017236157683201157,kegg,False
K01208,0.007169253628566601,0.0005974378023805501,10.0,0.01719111938543242,kegg,False
K16213,0.007465026441761901,0.0006220855368134917,9.0,0.01718885860360734,kegg,False
K23546,0.0078051820532740995,0.0006504318377728416,8.0,0.01714973783803743,kegg,False
K07005,0.007398726382730099,0.0006165605318941749,9.0,0.017036197076016085,kegg,False
K00054,0.0071040840047255,0.0005920070003937916,10.0,0.017034849452493794,kegg,False
K09705,0.0073598970858258,0.0006133247571521501,9.0,0.01694678931579281,kegg,False
K18216,0.008057316383593622,0.0006714430319661352,7.0,0.01675471840250212,kegg,False
K14414,0.010387807042782912,0.000865650586898576,4.0,0.016718530481704772,kegg,False
K08094,0.007586981377978599,0.0006322484481648833,8.0,0.016670301951486798,kegg,False
K02548,0.007979996902093212,0.000664999741841101,7.0,0.016593937060689023,kegg,False
K00561,0.0075455705147194,0.0006287975428932833,8.0,0.016579312984964973,kegg,False
K00150,0.007972182760840218,0.0006643485634033516,7.0,0.016577688010754994,kegg,False
K00112,0.006897740686681578,0.0005748117238901315,10.0,0.016540059785582744,kegg,False
K01586,0.0079435206139039,0.0006619600511586584,7.0,0.016518086751741882,kegg,False
K00663,0.007124828013450199,0.0005937356677875165,9.0,0.01640552277391681,kegg,False
K02454,0.007107124071278,0.0005922603392731667,9.0,0.016364757940583875,kegg,False
K13931,0.0070969028389675,0.0005914085699139583,9.0,0.01634122268343369,kegg,False
K00869,0.006767551193038829,0.0005639625994199024,10.0,0.01622787901420878,kegg,False
K00171,0.007788632110298484,0.000649052675858207,7.0,0.016196005163016152,kegg,False
K22431,0.007028734494330901,0.0005857278745275751,9.0,0.016184259269259375,kegg,False
K02343,0.0065040422569722,0.0005420035214143501,11.0,0.016161937854852374,kegg,False
K01761,0.007011654092384601,0.0005843045076987167,9.0,0.01614493019035548,kegg,False
K02424,0.007000486667115901,0.0005833738889263251,9.0,0.016119216243404646,kegg,False
K01706,0.007321038515742863,0.0006100865429785719,8.0,0.016085965758415297,kegg,False
K00526,0.0073199170986127,0.0006099930915510584,8.0,0.016083501753135457,kegg,False
K15460,0.007723705170251625,0.0006436420975209688,7.0,0.016060993386708557,kegg,False
K03101,0.0069031540384367,0.0005752628365363917,9.0,0.015895099583545992,kegg,False
K21055,0.008166738150756513,0.0006805615125630428,6.0,0.015891738652234318,kegg,False
K02589,0.0072145860860913565,0.0006012155071742797,8.0,0.01585206586366785,kegg,False
K05979,0.007614254941852646,0.0006345212451543872,7.0,0.015833398035029374,kegg,False
K11312,0.006875622899647001,0.0005729685749705834,9.0,0.01583170679377568,kegg,False
K09793,0.007193927369463699,0.0005994939474553083,8.0,0.01580667402375734,kegg,False
K06928,0.006855643122897414,0.0005713035935747845,9.0,0.015785701657670733,kegg,False
K00275,0.006546443260809405,0.0005455369384007837,10.0,0.015697685348737625,kegg,False
K10556,0.007139566064055264,0.000594963838671272,8.0,0.015687230027457845,kegg,False
K20444,0.0070970995668608,0.0005914249639050667,8.0,0.01559392159610879,kegg,False
K11041,0.007484064918994499,0.0006236720765828749,7.0,0.015562675493185896,kegg,False
K20452,0.0064504077882885005,0.000537533982357375,10.0,0.01546740234315879,kegg,False
K04835,0.007421649705594699,0.0006184708087995582,7.0,0.01543288670560954,kegg,False
K00661,0.0066991972558917,0.000558266437990975,9.0,0.015425471736442847,kegg,False
K01420,0.0064202141571888995,0.0005350178464324083,10.0,0.015395001177876438,kegg,False
K02784,0.009565119196506837,0.0007970932663755697,4.0,0.015394465471809303,kegg,False
K07257,0.0078985538071867,0.0006582128172655583,6.0,0.015369876016264083,kegg,False
K00712,0.0069688188996399995,0.0005807349083033333,8.0,0.015312060161294157,kegg,False
K14665,0.0069568733382815,0.0005797394448567916,8.0,0.015285813080287184,kegg,False
K10819,0.013898119426920258,0.0011581766189100215,2.0,0.01526864479179158,kegg,False
K01173,0.006897795896325,0.00057481632469375,8.0,0.015156006672854208,kegg,False
K13015,0.006891685312809618,0.0005743071094008015,8.0,0.015142580348572346,kegg,False
K21030,0.0063080581586206,0.0005256715132183834,10.0,0.015126062839093532,kegg,False
K14155,0.007259434599320001,0.0006049528832766667,7.0,0.015095569874933924,kegg,False
K01261,0.007239301228007501,0.0006032751023339584,7.0,0.015053703706252647,kegg,False
K07657,0.006850838558133501,0.0005709032131777917,8.0,0.015052830855293558,kegg,False
K01941,0.0068339873594055085,0.0005694989466171257,8.0,0.015015804987290837,kegg,False
K05396,0.0071823847794033994,0.0005985320649502833,7.0,0.014935349278620391,kegg,False
K17910,0.006464784298652771,0.000538732024887731,9.0,0.01488571595549984,kegg,False
K18346,0.006455318444268,0.000537943203689,9.0,0.014863920020301012,kegg,False
K09764,0.007617759542051064,0.000634813295170922,6.0,0.01482347560594012,kegg,False
K05808,0.006428222772432152,0.0005356852310360126,9.0,0.01480152993024713,kegg,False
K02526,0.0061686522787821,0.000514054356565175,10.0,0.014791782138828494,kegg,False
K21681,0.007580479012116,0.000631706584343,6.0,0.01475093104437732,kegg,False
K07458,0.006698947182144199,0.0005582455985120166,8.0,0.014719091390884446,kegg,False
K00632,0.006128608237807901,0.0005107173531506584,10.0,0.014695760722272718,kegg,False
K02500,0.0075333245134914925,0.0006277770427909577,6.0,0.014659172626930275,kegg,False
K02072,0.006075817477994401,0.0005063181231662001,10.0,0.014569174008868492,kegg,False
K20489,0.0065980209272869005,0.0005498350772739083,8.0,0.014497333743213492,kegg,False
K01473,0.006581484162255926,0.0005484570135213272,8.0,0.0144609987566578,kegg,False
K22130,0.0065569432070902,0.0005464119339241833,8.0,0.01440707676681636,kegg,False
K07132,0.008003987125574,0.0006669989271311667,5.0,0.014341219723826655,kegg,False
K21011,0.006195843283044801,0.0005163202735870668,9.0,0.014266456382066247,kegg,False
K00433,0.0073065345717192,0.0006088778809766,6.0,0.014217859777531906,kegg,False
K02834,0.006168156274092926,0.0005140130228410771,9.0,0.014202704687984067,kegg,False
K07659,0.007874138437854427,0.0006561782031545356,5.0,0.014108562108038274,kegg,False
K16264,0.006773143775255099,0.000564428647937925,7.0,0.014084356534035647,kegg,False
K01623,0.0064099975368499,0.0005341664614041584,8.0,0.01408420412863123,kegg,False
K02106,0.006406883846051099,0.000533906987170925,8.0,0.01407736265068188,kegg,False
K15533,0.0067513631742069,0.0005626135978505749,7.0,0.014039065047413264,kegg,False
K04031,0.006076657225824,0.000506388102152,9.0,0.013992020343416896,kegg,False
K19310,0.006365674090620051,0.0005304728408850042,8.0,0.013986815563222767,kegg,False
K01892,0.006725662990610796,0.000560471915884233,7.0,0.013985623018014728,kegg,False
K08717,0.006717494480158801,0.0005597912066799001,7.0,0.013968637078047203,kegg,False
K03565,0.0063390996236027996,0.0005282583019668999,8.0,0.01392842549116285,kegg,False
K14652,0.006694755581344251,0.0005578962984453543,7.0,0.013921352867240173,kegg,False
K01883,0.0066852224344128176,0.0005571018695344015,7.0,0.013901529245488015,kegg,False
K21828,0.007745081479277967,0.0006454234566064973,5.0,0.01387732308043913,kegg,False
K04783,0.006256247351747001,0.0005213539459789167,8.0,0.013746380443153147,kegg,False
K07451,0.0062462712552415,0.0005205226046034584,8.0,0.013724460718725382,kegg,False
K16906,0.006548166758878199,0.0005456805632398499,7.0,0.013616529980258335,kegg,False
K02768,0.006149616976063471,0.0005124680813386226,8.0,0.0135120895610107,kegg,False
K12995,0.006922868216565479,0.0005769056847137899,6.0,0.01347127952318722,kegg,False
K20866,0.006919724792356999,0.0005766437326964166,6.0,0.013465162702117154,kegg,False
K15669,0.006467538898075306,0.0005389615748396089,7.0,0.01344886905708802,kegg,False
K11261,0.00646642336067947,0.0005388686133899558,7.0,0.013446549362285821,kegg,False
K03190,0.006118588838418292,0.0005098824032015243,8.0,0.013443913774387741,kegg,False
K01457,0.006891523416696743,0.0005742936180580619,6.0,0.01341028535900254,kegg,False
K01934,0.0058181457009501,0.000484845475079175,9.0,0.013396775559875096,kegg,False
K07084,0.006084430508283031,0.0005070358756902526,8.0,0.013368860251893783,kegg,False
K19701,0.0060781230835284,0.0005065102569607,8.0,0.013355001423203209,kegg,False
K00372,0.006077820507086594,0.0005064850422572162,8.0,0.01335433659480875,kegg,False
K01501,0.006068413153258894,0.0005057010961049079,8.0,0.013333666525770829,kegg,False
K04751,0.0060450538894049,0.0005037544907837417,8.0,0.013282340977122352,kegg,False
K01768,0.006780484325046399,0.0005650403604205333,6.0,0.013194213263618254,kegg,False
K01193,0.00630600596722839,0.0005255004972690325,7.0,0.013112970770335648,kegg,False
K12292,0.0073092282307417105,0.0006091023525618092,5.0,0.013096378895180482,kegg,False
K14988,0.006295483983841299,0.0005246236653201082,7.0,0.013091090920979665,kegg,False
K03748,0.006277312808555573,0.0005231094007129644,7.0,0.013053305024229382,kegg,False
K15871,0.008091437152246124,0.0006742864293538437,4.0,0.013022665718902723,kegg,False
K07246,0.0056536219869159675,0.0004711351655763306,9.0,0.013017945708496086,kegg,False
K07337,0.006258953856888933,0.0005215794880740778,7.0,0.013015128657472078,kegg,False
K04940,0.006253524552735319,0.0005211270460612766,7.0,0.013003838736872638,kegg,False
K12556,0.0059144867776086,0.00049287389813405,8.0,0.012995455710091716,kegg,False
K09014,0.0059135836990468005,0.0004927986415872333,8.0,0.012993471443680463,kegg,False
K23059,0.005629460440780092,0.000469121703398341,9.0,0.012962311692539932,kegg,False
K17234,0.0071906875245673005,0.0005992239603806083,5.0,0.012883982462403503,kegg,False
K01998,0.0055856825713338,0.00046547354761115005,9.0,0.012861509422949861,kegg,False
K18926,0.0058345508979565,0.00048621257482970833,8.0,0.012819818630709131,kegg,False
K02112,0.005825926227857393,0.0004854938523214494,8.0,0.012800868293595957,kegg,False
K02274,0.006560146361633353,0.0005466788634694461,6.0,0.012765455384390629,kegg,False
K19285,0.005806011560123093,0.0004838342966769244,8.0,0.012757111296200666,kegg,False
K01179,0.006554635949134999,0.0005462196624279166,6.0,0.0127547326167846,kegg,False
K03087,0.006133020334572534,0.0005110850278810445,7.0,0.012753257259677292,kegg,False
K11202,0.00551597766848342,0.00045966480570695166,9.0,0.012701007952737976,kegg,False
K00826,0.006086069555289024,0.000507172462940752,7.0,0.01265562585882092,kegg,False
K01958,0.0060794289042104994,0.000506619075350875,7.0,0.012641817013104436,kegg,False
K00100,0.006070535033820489,0.0005058779194850408,7.0,0.012623322729549132,kegg,False
K02243,0.005735815874188301,0.0004779846561823584,8.0,0.012602875609841769,kegg,False
K03709,0.005255629735988101,0.0004379691446656751,10.0,0.012602449699504416,kegg,False
K02039,0.005730391104307305,0.00047753259202560873,8.0,0.01259095617213285,kegg,False
K17108,0.0064698539556489396,0.0005391544963040783,6.0,0.012589754475202936,kegg,False
K22132,0.006467446470615801,0.0005389538725513167,6.0,0.012585069725643253,kegg,False
K03219,0.0064365900714412,0.0005363825059534333,6.0,0.012525025945326096,kegg,False
K02188,0.0056980482608873,0.0004748373550739417,8.0,0.01251989168166948,kegg,False
K21898,0.006002452026623,0.0005002043355519166,7.0,0.012481748096100186,kegg,False
K01809,0.0059815778303895,0.000498464819199125,7.0,0.012438341425303069,kegg,False
K11175,0.005976452852024147,0.0004980377376686789,7.0,0.012427684332389943,kegg,False
K01480,0.005601319430027861,0.0004667766191689884,8.0,0.012307356717168122,kegg,False
K06997,0.00591596274145752,0.00049299689512146,7.0,0.012301898683616893,kegg,False
K03975,0.00682828904713741,0.0005690240872614508,5.0,0.012234651558834667,kegg,False
K03230,0.006264313256963201,0.0005220261047469334,6.0,0.012189790743586438,kegg,False
K07082,0.0052924504841331994,0.0004410375403444333,9.0,0.012186317590174226,kegg,False
K22227,0.0055317026235259005,0.0004609752186271584,8.0,0.012154392958926353,kegg,False
K01338,0.006243065453566501,0.0005202554544638751,6.0,0.012148444427311667,kegg,False
K21636,0.0058387427136066,0.00048656189280055,7.0,0.012141324149854017,kegg,False
K19068,0.005522422360888901,0.00046020186340740843,8.0,0.012134002137776203,kegg,False
K02190,0.0052629833608341,0.00043858194673617503,9.0,0.012118467031332302,kegg,False
K12555,0.005499324215228286,0.00045827701793569047,8.0,0.012083250324439807,kegg,False
K05524,0.005495686676231601,0.00045797388968596675,8.0,0.012075257834355273,kegg,False
K19355,0.005803554184956399,0.00048362951541303323,7.0,0.012068151661588197,kegg,False
K02379,0.005482385592226987,0.0004568654660189156,8.0,0.012046032365675122,kegg,False
K02839,0.0054814403801587,0.00045678669834655836,8.0,0.012043955522487887,kegg,False
K03734,0.005216985461876234,0.00043474878848968613,9.0,0.012012552954882873,kegg,False
K08282,0.006152923283100079,0.0005127436069250066,6.0,0.011973035862943182,kegg,False
K00123,0.005749873887139804,0.0004791561572616504,7.0,0.011956526620338625,kegg,False
K19126,0.005422201609495997,0.0004518501341246664,8.0,0.01191379463965661,kegg,False
K01777,0.006634291445653405,0.0005528576204711171,5.0,0.011887054519368171,kegg,False
K07278,0.006100352934077056,0.0005083627445064213,6.0,0.011870738687239901,kegg,False
K22129,0.0053964908329300594,0.0004497075694108383,8.0,0.011857302289483533,kegg,False
K22933,0.005394808744817166,0.0004495673954014305,8.0,0.011853606364140639,kegg,False
K14623,0.005383262741017501,0.00044860522841812505,8.0,0.011828237200821996,kegg,False
K03503,0.006072316983513912,0.000506026415292826,6.0,0.011816183246500666,kegg,False
K02012,0.005665368429914908,0.00047211403582624235,7.0,0.011780802462086527,kegg,False
K16784,0.005634351884129299,0.0004695293236774416,7.0,0.011716305368300518,kegg,False
K11690,0.0050837656693308005,0.0004236471391109,9.0,0.011705803046475999,kegg,False
K01950,0.008426895490547096,0.0007022412908789247,3.0,0.011682157700292073,kegg,False
K02337,0.005999327239880401,0.0004999439366567001,6.0,0.011674151763587272,kegg,False
K12137,0.0056091214956124,0.00046742679130103333,7.0,0.011663840250305755,kegg,False
K18692,0.0059720409041303,0.0004976700753441917,6.0,0.01162105500592062,kegg,False
K03424,0.005037057099247099,0.0004197547582705916,9.0,0.011598252589286201,kegg,False
K01060,0.005947382625314791,0.0004956152187762325,6.0,0.011573072210915284,kegg,False
K13922,0.0052663967279449695,0.00043886639399541414,8.0,0.011571456324643735,kegg,False
K17466,0.005926992059386965,0.0004939160049489137,6.0,0.011533394001731347,kegg,False
K13019,0.0055391502941512,0.00046159585784593337,7.0,0.011518339227266089,kegg,False
K02395,0.005524324843758999,0.00046036040364658327,7.0,0.01148751056984643,kegg,False
K01621,0.0052140373549533995,0.0004345031129127833,8.0,0.011456411023452743,kegg,False
K19140,0.005503132168032599,0.00045859434733604994,7.0,0.011443441639561605,kegg,False
K04764,0.0058725947550679215,0.0004893828962556601,6.0,0.01142754173517567,kegg,False
K17213,0.006377752426225807,0.0005314793688521506,5.0,0.011427398302082292,kegg,False
K11924,0.006373252575221055,0.0005311043812684213,5.0,0.011419335651434413,kegg,False
K18471,0.0049564656146549,0.00041303880122124165,9.0,0.011412683838241944,kegg,False
K00364,0.006357111024470224,0.0005297592520391853,5.0,0.011390413875028585,kegg,False
K01295,0.006355733351771638,0.0005296444459809698,5.0,0.011387945416925397,kegg,False
K02302,0.0051825639010542,0.00043188032508785,8.0,0.011387256777011764,kegg,False
K00806,0.005181856235831601,0.0004318213529859668,8.0,0.011385701877592143,kegg,False
K11031,0.005467840603119401,0.00045565338359328337,7.0,0.01137005489341021,kegg,False
K20038,0.0063177142050338,0.0005264761837528167,5.0,0.011319824250745904,kegg,False
K03781,0.005434035867584306,0.00045283632229869216,7.0,0.011299759922033033,kegg,False
K08981,0.0047117317576415,0.00039264431313679166,10.0,0.011298239308342511,kegg,False
K09118,0.006298876878685199,0.0005249064065571,5.0,0.01128607229288586,kegg,False
K02111,0.005131377499680832,0.0004276147916400693,8.0,0.011274788757888803,kegg,False
K03976,0.005128981970122001,0.0004274151641768334,8.0,0.011269525241466405,kegg,False
K03048,0.005393738992787099,0.00044947824939892497,7.0,0.011215964926579851,kegg,False
K15977,0.00509828889184173,0.0004248574076534775,8.0,0.01120208565551489,kegg,False
K09940,0.0057474732663563,0.0004789561055296917,6.0,0.011184066560426816,kegg,False
K01971,0.005058179530920936,0.000421514960910078,8.0,0.01111395638191847,kegg,False
K00969,0.005050058502972197,0.00042083820858101643,8.0,0.011096112659716268,kegg,False
K02086,0.0053251774752503004,0.0004437647896041917,7.0,0.01107339525885322,kegg,False
K01597,0.006165698854407136,0.0005138082378672613,5.0,0.011047449306792556,kegg,False
K01703,0.005674148933830199,0.0004728457444858499,6.0,0.01104138399759157,kegg,False
K09935,0.0050233847936746266,0.00041861539947288555,8.0,0.011037504530078924,kegg,False
K03605,0.005287275569548801,0.00044060629746240005,7.0,0.010994580461628689,kegg,False
K10559,0.005003117123089399,0.00041692642692411664,8.0,0.010992971906143708,kegg,False
K21471,0.0056458524319881985,0.0004704877026656832,6.0,0.010986321547474458,kegg,False
K14083,0.005000039694862756,0.0004166699745718964,8.0,0.01098621010520914,kegg,False
K03969,0.0052813516846518995,0.0004401126403876583,7.0,0.010982262089285943,kegg,False
K07638,0.005273201053738908,0.000439433421144909,7.0,0.01096531332877457,kegg,False
K01520,0.0099790391413958,0.0008315865951163166,2.0,0.010963095029837487,kegg,False
K00694,0.005623274739838399,0.0004686062283198666,6.0,0.010942387387177916,kegg,False
K14983,0.004978870084221465,0.0004149058403517887,8.0,0.010939695716415456,kegg,False
K10558,0.005253397088107793,0.0004377830906756494,7.0,0.010924132139951229,kegg,False
K02906,0.00523667250032264,0.00043638937502688663,7.0,0.01088935433734331,kegg,False
K12217,0.006054458894637685,0.0005045382412198071,5.0,0.010848134055519093,kegg,False
K02342,0.0049241953091231,0.00041034960909359166,8.0,0.010819562956808998,kegg,False
K05795,0.00518845713294936,0.00043237142774578,7.0,0.010789093299479958,kegg,False
K02939,0.0046791599325496005,0.00038992999437913336,9.0,0.010774163908423735,kegg,False
K03072,0.0060097172259556,0.0005008097688296334,5.0,0.010767967746988905,kegg,False
K01523,0.0048994041376858,0.00040828367814048334,8.0,0.010765091185626007,kegg,False
K12240,0.0060072378299822,0.0005006031524985166,5.0,0.010763525265775599,kegg,False
K17076,0.0060045113103495,0.000500375942529125,5.0,0.010758639998405673,kegg,False
K01886,0.005498027648910416,0.00045816897074253465,6.0,0.0106986678018015,kegg,False
K20257,0.009726199676133692,0.0008105166396778076,2.0,0.010685322486240262,kegg,False
K19116,0.005127900340835135,0.0004273250284029279,7.0,0.010663168990326767,kegg,False
K18330,0.005122710836753,0.0004268925697294167,7.0,0.01065237771995766,kegg,False
K20073,0.004844779988240095,0.0004037316656866746,8.0,0.010645069661947818,kegg,False
K04090,0.0059324570246769275,0.0004943714187230773,5.0,0.010629536049753377,kegg,False
K10907,0.0051102111539308,0.00042585092949423334,7.0,0.010626385360239356,kegg,False
K18206,0.0050938341048493005,0.00042448617540410835,7.0,0.010592330244049155,kegg,False
K01069,0.005906760097245662,0.0004922300081038051,5.0,0.01058349333669834,kegg,False
K12209,0.005084085544375735,0.0004236737953646446,7.0,0.010572058682428845,kegg,False
K05349,0.0054297290596189,0.00045247742163490837,6.0,0.010565764883732981,kegg,False
K16905,0.004808221464823329,0.0004006851220686107,8.0,0.010564742375785377,kegg,False
K01814,0.004564742365238803,0.0003803951971032336,9.0,0.01051070772355725,kegg,False
K10231,0.005048865554363899,0.00042073879619699157,7.0,0.010498820772100684,kegg,False
K15725,0.004768894615376499,0.00039740788461470827,8.0,0.010478332455631602,kegg,False
K03708,0.005019635552804779,0.0004183029627337316,7.0,0.010438038692595285,kegg,False
K06320,0.005017660510439273,0.00041813837586993937,7.0,0.010433931707453872,kegg,False
K07126,0.0058034573486061,0.000483621445717175,5.0,0.010398399658626122,kegg,False
K22468,0.0049866925267452,0.0004155577105621,7.0,0.010369535595698353,kegg,False
K07341,0.004972954671274198,0.0004144128892728498,7.0,0.010340968528338358,kegg,False
K03074,0.004955229924286266,0.0004129358270238555,7.0,0.010304110953135888,kegg,False
K01817,0.0052925164049555,0.0004410430337462917,6.0,0.010298761386444649,kegg,False
K01081,0.004682581363715462,0.0003902151136429552,8.0,0.010288682857732165,kegg,False
K01997,0.004660541141728074,0.00038837842847733953,8.0,0.01024025554029153,kegg,False
K09961,0.005255031490799599,0.0004379192908999666,6.0,0.010225819111552212,kegg,False
K10561,0.005689476036857322,0.00047412300307144345,5.0,0.010194172563985212,kegg,False
K01153,0.0048826935042391596,0.0004068911253532633,7.0,0.010153275708005198,kegg,False
K16850,0.005205699956190543,0.00043380832968254525,6.0,0.010129824377687977,kegg,False
K02052,0.004609038181218999,0.00038408651510158325,8.0,0.010127091969655415,kegg,False
K01893,0.004866329178048899,0.00040552743150407497,7.0,0.01011924704832357,kegg,False
K05780,0.005193801953344526,0.00043281682944537717,6.0,0.010106671933196424,kegg,False
K00886,0.004591086388007001,0.00038259053233391673,8.0,0.010087647848402754,kegg,False
K02557,0.0056163976472253,0.000468033137268775,5.0,0.0100632336673661,kegg,False
K06956,0.005157659937625779,0.00042980499480214826,6.0,0.010036342818001998,kegg,False
K02585,0.004563654644071701,0.00038030455367264173,8.0,0.010027374146428918,kegg,False
K06281,0.0051502464250411445,0.000429187202086762,6.0,0.010021916788623407,kegg,False
K18856,0.0045594916258879,0.00037995763549065835,8.0,0.010018227060559574,kegg,False
K01770,0.004814845557815379,0.00040123712981794826,7.0,0.01001218986969392,kegg,False
K02499,0.004552827971017,0.00037940233091808334,8.0,0.010003585514302346,kegg,False
K16169,0.0051325269745227785,0.00042771058121023156,6.0,0.009987436330024036,kegg,False
K02245,0.00479921884184173,0.0003999349034868108,7.0,0.009979695027338283,kegg,False
K15531,0.0051244269042248,0.00042703557535206664,6.0,0.009971674321023137,kegg,False
K12065,0.005551785187037926,0.00046264876558649385,5.0,0.009947463679995253,kegg,False
K09861,0.0047799081172877995,0.00039832567644064996,7.0,0.009939539504500904,kegg,False
K21064,0.004779064736829054,0.0003982553947357545,7.0,0.009937785744139546,kegg,False
K12213,0.004521072765536055,0.0003767560637946712,8.0,0.009933812196361252,kegg,False
K11708,0.007148298057693211,0.0005956915048077676,3.0,0.009909645288984366,kegg,False
K12203,0.00508354521432942,0.000423628767860785,6.0,0.009892122225745186,kegg,False
K02474,0.0054914823701661,0.00045762353084717497,5.0,0.009839415536844032,kegg,False
K11180,0.0047310738799526,0.00039425615666271665,7.0,0.009837991562729837,kegg,False
K03179,0.004102063598808642,0.0003418386332340535,10.0,0.009836318912301514,kegg,False
K23537,0.005043597257910518,0.00042029977149254314,6.0,0.009814387091915625,kegg,False
K06163,0.004718729291615599,0.00039322744096796663,7.0,0.009812321712926942,kegg,False
K15553,0.0046764577937752,0.00038970481614793336,7.0,0.009724420604288585,kegg,False
K01647,0.004659122071952499,0.00038826017266270827,7.0,0.009688371984175456,kegg,False
K15726,0.0044076132353701005,0.0003673011029475084,8.0,0.009684516128147596,kegg,False
K01486,0.004406908004278437,0.0003672423336898698,8.0,0.009682966577060291,kegg,False
K05367,0.004944687395352401,0.00041205728294603337,6.0,0.009621917386522119,kegg,False
K07101,0.0049354467803089,0.00041128723169240835,6.0,0.009603935979925458,kegg,False
K18013,0.0053536668387259975,0.00044613890322716646,5.0,0.009592483253379532,kegg,False
K02404,0.004608132096132701,0.0003840110080110584,7.0,0.009582341310246517,kegg,False
K20492,0.0046014183147003,0.000383451526225025,7.0,0.009568380394234223,kegg,False
K21140,0.004910420041933953,0.00040920167016116277,6.0,0.009555236195723897,kegg,False
K15555,0.006892243525317232,0.0005743536271097693,3.0,0.009554678334612354,kegg,False
K12059,0.00489983942830187,0.0004083199523584892,6.0,0.009534647272273994,kegg,False
K17992,0.004573846216458135,0.00038115385137151123,7.0,0.009511045827758188,kegg,False
K02825,0.004325806816329427,0.00036048390136078564,8.0,0.009504769053647564,kegg,False
K00824,0.004114761884761201,0.00034289682373010006,9.0,0.009474589377071225,kegg,False
K12506,0.0048584181163715545,0.00040486817636429623,6.0,0.009454045121001606,kegg,False
K00758,0.005273393973857154,0.0004394494978214295,5.0,0.009448653587628718,kegg,False
K09819,0.004847075358934298,0.00040392294657785817,6.0,0.009431973134186176,kegg,False
K09988,0.004279810700197582,0.00035665089168313187,8.0,0.009403705256820664,kegg,False
K23541,0.005832963392215121,0.0004860802826845934,4.0,0.009387792425271232,kegg,False
K03667,0.0058309320549814,0.00048591100458178336,4.0,0.009384523114114343,kegg,False
K04767,0.004512561086839399,0.0003760467572366166,7.0,0.009383606983341756,kegg,False
K15342,0.004269206411252901,0.00035576720093774176,8.0,0.009380405252526234,kegg,False
K03584,0.0048198962080410225,0.0004016580173367519,6.0,0.009379084948620246,kegg,False
K01006,0.004503750916304117,0.0003753125763586764,7.0,0.009365286748741406,kegg,False
K23573,0.006744069857951783,0.0005620058214959819,3.0,0.009349266015077178,kegg,False
K04026,0.005211223441555544,0.00043426862012962866,5.0,0.00933725894767036,kegg,False
K20903,0.0047938936851876415,0.00039949114043230345,6.0,0.009328486375498808,kegg,False
K05770,0.004475463362798363,0.00037295528023319695,7.0,0.009306464434869051,kegg,False
K01843,0.0044705089994381,0.00037254241661984166,7.0,0.009296162125885143,kegg,False
K02455,0.00446314047861637,0.0003719283732180308,7.0,0.009280839717587704,kegg,False
K00287,0.004222761029134558,0.0003518967524278798,8.0,0.009278354317432038,kegg,False
K01838,0.00476552365594589,0.0003971269713288242,6.0,0.009273280847668288,kegg,False
K14170,0.004749476134470003,0.0003957896778725002,6.0,0.009242053812761176,kegg,False
K01092,0.0044294506665689005,0.0003691208888807417,7.0,0.009210783722884811,kegg,False
K08302,0.004191557026807499,0.00034929641890062493,8.0,0.009209792116607768,kegg,False
K03830,0.005137743912141,0.00042814532601175,5.0,0.009205601305047429,kegg,False
K06926,0.004713311103149926,0.0003927759252624938,6.0,0.009171679911274535,kegg,False
K21345,0.004711476703386445,0.00039262305861553705,6.0,0.009168110334157353,kegg,False
K16147,0.00440236931605,0.00036686410967083334,7.0,0.009154469637611016,kegg,False
K18332,0.004397157879579645,0.00036642982329830376,7.0,0.009143632760122734,kegg,False
K09989,0.005091196546886422,0.0004242663789072018,5.0,0.00912219962258492,kegg,False
K13927,0.0043749816213769,0.0003645818017814083,7.0,0.009097518527576927,kegg,False
K03756,0.005651881382976309,0.0004709901152480257,4.0,0.009096352174342546,kegg,False
K00798,0.004131363023404922,0.00034428025195041016,8.0,0.009077532372923365,kegg,False
K12270,0.004360348565395223,0.0003633623804496019,7.0,0.009067089943086902,kegg,False
K00691,0.004354266194824799,0.00036285551623539995,7.0,0.009054442009050872,kegg,False
K19123,0.0041198686794217,0.00034332238995180833,8.0,0.009052276717823073,kegg,False
K02040,0.0046490864637654,0.00038742387198045005,6.0,0.009046704533676769,kegg,False
K01581,0.005005646838700418,0.00041713723655836815,5.0,0.008968915122852953,kegg,False
K01739,0.004297968292623096,0.000358164024385258,7.0,0.008937373812503223,kegg,False
K01641,0.0045841457969202,0.00038201214974335003,6.0,0.008920335830976275,kegg,False
K09807,0.004584137061611364,0.000382011421800947,6.0,0.008920318832850155,kegg,False
K03742,0.004976509654763599,0.00041470913789696655,5.0,0.008916708297627517,kegg,False
K02372,0.004283396552098645,0.00035694971267488705,7.0,0.008907072729922099,kegg,False
K05352,0.008094265482146173,0.0006745221235121812,2.0,0.008892459526427888,kegg,False
K07127,0.004569389719696515,0.00038078247664137624,6.0,0.008891621830546462,kegg,False
K11529,0.0049395081823951,0.0004116256818662584,5.0,0.00885041055913588,kegg,False
K11615,0.0042388162615451,0.00035323468846209166,7.0,0.008814370621804901,kegg,False
K01783,0.0054646099253992395,0.0004553841604499366,4.0,0.008794950390601217,kegg,False
K12293,0.004508588236239457,0.00037571568635328805,6.0,0.008773307606809753,kegg,False
K22901,0.0054447308560637,0.00045372757133864167,4.0,0.008762956262748693,kegg,False
K15581,0.0042121507810981,0.0003510125650915083,7.0,0.008758921314034556,kegg,False
K01962,0.004204116034988535,0.0003503430029157112,7.0,0.008742213529197476,kegg,False
K22430,0.004867627806012448,0.0004056356505010373,5.0,0.008721618214100585,kegg,False
K09684,0.004465304102197701,0.0003721086751831417,6.0,0.008689080571084829,kegg,False
K03738,0.0044487552317277,0.000370729602643975,6.0,0.008656877956081853,kegg,False
K15922,0.004825569435384898,0.0004021307862820749,5.0,0.00864625973026837,kegg,False
K07075,0.004429620957904347,0.0003691350798253623,6.0,0.008619644378454187,kegg,False
K17828,0.004424304825316431,0.00036869206877636926,6.0,0.008609299662097638,kegg,False
K14415,0.004413245930244199,0.00036777049418701657,6.0,0.008587780045939243,kegg,False
K07250,0.0053200383192887925,0.00044333652660739936,4.0,0.008562271366665574,kegg,False
K01925,0.004778475001407988,0.00039820625011733235,5.0,0.008561877832242305,kegg,False
K01478,0.0038844580973936,0.00032370484144946665,8.0,0.008535026801225908,kegg,False
K02433,0.0040902692263919006,0.0003408557688659917,7.0,0.008505475746013963,kegg,False
K11144,0.0043686517269352,0.0003640543105779333,6.0,0.008501003733131226,kegg,False
K07768,0.0043591728869396,0.0003632644072449666,6.0,0.008482558762182516,kegg,False
K03735,0.0040665034397037066,0.00033887528664197555,7.0,0.00845605618190383,kegg,False
K02034,0.004343892325756405,0.00036199102714636706,6.0,0.008452824163092877,kegg,False
K08159,0.004717508712138718,0.00039312572601155987,5.0,0.008452640906140394,kegg,False
K10005,0.004338365081482101,0.00036153042345684174,6.0,0.008442068642363201,kegg,False
K01633,0.0043382491026274,0.00036152075855228337,6.0,0.008441842957932764,kegg,False
K07776,0.004048341595722329,0.0003373617996435274,7.0,0.008418289689055445,kegg,False
K05838,0.004319651482448087,0.00035997095687067393,6.0,0.008405653660077563,kegg,False
K04028,0.0046863027596350994,0.0003905252299695916,5.0,0.008396727345245755,kegg,False
K19334,0.004670738524020699,0.00038922821033505827,5.0,0.008368839978702356,kegg,False
K13628,0.004295061676261848,0.000357921806355154,6.0,0.008357804106656456,kegg,False
K12268,0.0042806113577663,0.0003567176131471917,6.0,0.008329685085238889,kegg,False
K00950,0.004280180091006623,0.0003566816742505519,6.0,0.008328845878874282,kegg,False
K18012,0.0051508909343177004,0.0004292409111931417,4.0,0.008290039152504012,kegg,False
K05823,0.0051473231584251156,0.0004289435965354263,4.0,0.008284297038719418,kegg,False
K02664,0.003973617613824141,0.0003311348011520118,7.0,0.008262905536936623,kegg,False
K23123,0.004603461856124651,0.0003836218213437209,5.0,0.0082482963719415,kegg,False
K06282,0.004600510902722055,0.0003833759085601712,5.0,0.008243008973239149,kegg,False
K22232,0.005938501540585504,0.0004948751283821253,3.0,0.008232511199215467,kegg,False
K06182,0.0042295531502954,0.00035246276252461664,6.0,0.008230330401128692,kegg,False
K00880,0.0045932760690043,0.00038277300575035835,5.0,0.00823004589141707,kegg,False
K01869,0.0042259152123166,0.00035215960102638334,6.0,0.008223251300694111,kegg,False
K01251,0.003949061552160204,0.000329088462680017,7.0,0.00821184264221258,kegg,False
K02226,0.0042147723165489,0.000351231026379075,6.0,0.008201568226729879,kegg,False
K01575,0.0042103973682401374,0.00035086644735334477,6.0,0.008193054970414265,kegg,False
K11606,0.004208500577002224,0.000350708381416852,6.0,0.00818936398509377,kegg,False
K23356,0.0039361404944917,0.0003280117078743083,7.0,0.00818497405813425,kegg,False
K00342,0.00392221986549265,0.00032685165545772083,7.0,0.008156026923907314,kegg,False
K18816,0.00506220332310383,0.00042185027692531914,4.0,0.008147301948653193,kegg,False
K12339,0.0041778053851597,0.00034815044876330834,6.0,0.008129633899760201,kegg,False
K06203,0.004532347988098103,0.00037769566567484196,5.0,0.0081208774255115,kegg,False
K09702,0.005851416769909745,0.00048761806415914544,3.0,0.008111786072688244,kegg,False
K01191,0.004524261329121475,0.00037702177742678956,5.0,0.008106388077715708,kegg,False
K00046,0.00450682179438828,0.00037556848286569004,5.0,0.008075140626218575,kegg,False
K07717,0.004505900417496303,0.0003754917014580253,5.0,0.008073489740447647,kegg,False
K03699,0.0038716992860755852,0.0003226416071729654,7.0,0.008050972332357735,kegg,False
K06191,0.004128384940959596,0.0003440320784132997,6.0,0.0080334661558204,kegg,False
K00009,0.0044691158810139285,0.0003724263234178274,5.0,0.008007580698884189,kegg,False
K07315,0.0049746975591362,0.0004145581299280167,4.0,0.00800646685456718,kegg,False
K01751,0.0041095619836049,0.00034246349863374165,6.0,0.00799683837206866,kegg,False
K09703,0.00410720176808905,0.00034226681400742085,6.0,0.00799224560474241,kegg,False
K20976,0.004102047072306539,0.00034183725602554495,6.0,0.007982215029903929,kegg,False
K02935,0.0072600664061317904,0.0006050055338443159,2.0,0.007975998170322903,kegg,False
K09144,0.005752878428501527,0.0004794065357084606,3.0,0.007975182925639925,kegg,False
K01695,0.0044355780270142,0.00036963150225118334,5.0,0.007947488931402586,kegg,False
K16925,0.005707250991550857,0.00047560424929590474,3.0,0.007911929867082857,kegg,False
K15771,0.0040628731308463995,0.00033857276090386664,6.0,0.007905986059638144,kegg,False
K08168,0.005702702425234684,0.0004752252021028903,3.0,0.007905624215247566,kegg,False
K09923,0.004411348573900049,0.0003676123811583374,5.0,0.007904075579351088,kegg,False
K21394,0.00490990784967799,0.00040915898747316586,4.0,0.007902191839829547,kegg,False
K04720,0.0040599977368414005,0.0003383331447367834,6.0,0.007900390801261283,kegg,False
K00926,0.004052615037909495,0.00033771791982579124,6.0,0.00788602473248227,kegg,False
K07308,0.003791276060314087,0.0003159396716928406,7.0,0.007883736935793379,kegg,False
K04518,0.0040407010099367925,0.0003367250841613994,6.0,0.007862841104534059,kegg,False
K10979,0.004037770844095614,0.00033648090367463453,6.0,0.007857139265085295,kegg,False
K18303,0.004858066805352243,0.00040483890044602024,4.0,0.007818756897671511,kegg,False
K15772,0.0040045066542494,0.00033370888785411667,6.0,0.0077924101404634434,kegg,False
K01210,0.0039834400228657,0.00033195333523880835,6.0,0.007751416368647495,kegg,False
K21065,0.0037240870091765,0.0003103405840980417,7.0,0.00774402123171183,kegg,False
K01653,0.003957938726997483,0.0003298282272497903,6.0,0.00770179313820347,kegg,False
K18118,0.004296796019378107,0.00035806633494817557,5.0,0.007698824955062136,kegg,False
K09803,0.004289821773130244,0.0003574851477608537,5.0,0.0076863287833068,kegg,False
K03224,0.0042885300369952944,0.0003573775030829412,5.0,0.007684014302855259,kegg,False
K07445,0.0042875092153617685,0.0003572924346134807,5.0,0.007682185236026997,kegg,False
K15727,0.0042825273748145,0.0003568772812345417,5.0,0.007673258976052245,kegg,False
K01195,0.003941003771463771,0.0003284169809553142,6.0,0.007668839236356618,kegg,False
K01804,0.0036871933918967226,0.00030726611599139357,7.0,0.0076673031113174235,kegg,False
K00936,0.0039397590620993,0.00032831325517494167,6.0,0.00766641714377167,kegg,False
K08299,0.004269933252012281,0.0003558277710010234,5.0,0.0076506933372647475,kegg,False
K19147,0.004261621569852202,0.00035513513082101686,5.0,0.007635800802049212,kegg,False
K02843,0.0036691192485613575,0.0003057599373801131,7.0,0.0076297189868355896,kegg,False
K00957,0.0039190588092491,0.00032658823410409163,6.0,0.007626136311662454,kegg,False
K18930,0.0039145859293163,0.00032621549410969167,6.0,0.007617432489205714,kegg,False
K18785,0.003662893494257766,0.0003052411245214805,7.0,0.00761677289470841,kegg,False
K07053,0.003908958076612647,0.0003257465063843873,6.0,0.007606481193512287,kegg,False
K13671,0.0039078831536914875,0.0003256569294742906,6.0,0.00760438949009055,kegg,False
K00831,0.004233945476277809,0.0003528287896898174,5.0,0.007586211899316052,kegg,False
K11329,0.004230813591097317,0.00035256779925810976,5.0,0.007580600314387369,kegg,False
K01147,0.004229080526492544,0.000352423377207712,5.0,0.007577495079470983,kegg,False
K18955,0.004217546910511249,0.0003514622425426041,5.0,0.0075568296138220584,kegg,False
K01754,0.0046927208255884,0.0003910600687990333,4.0,0.007552642809171022,kegg,False
K01738,0.004211614823880923,0.00035096790199007696,5.0,0.007546200741429892,kegg,False
K18302,0.00420846266761941,0.0003507052223016175,5.0,0.007540552835599838,kegg,False
K22906,0.0042076560938148,0.00035063800781790004,5.0,0.0075391076493477975,kegg,False
K04772,0.004207487748031055,0.0003506239790025879,5.0,0.007538806014195667,kegg,False
K21344,0.004680727780209201,0.00039006064835076675,4.0,0.007533340747252197,kegg,False
K03481,0.004204402244081501,0.00035036685367345843,5.0,0.007533277533276713,kegg,False
K19117,0.004193551535252427,0.00034946262793770225,5.0,0.0075138356729843835,kegg,False
K00549,0.0038604903753007,0.00032170753127505836,6.0,0.007512167401627987,kegg,False
K03606,0.003612347324712,0.000301028943726,7.0,0.007511665089982152,kegg,False
K08969,0.004192024418935112,0.0003493353682445927,5.0,0.007511099447862222,kegg,False
K03095,0.0038574296405312824,0.00032145247004427354,6.0,0.007506211486776611,kegg,False
K00986,0.004182320118371699,0.00034852667653097495,5.0,0.007493711675435492,kegg,False
K14088,0.0038480638092159712,0.00032067198410133094,6.0,0.007487986420565807,kegg,False
K13668,0.0046517520037109,0.0003876460003092417,4.0,0.007486706034013614,kegg,False
K16371,0.00384613811378331,0.00032051150948194247,6.0,0.007484239190279402,kegg,False
K17465,0.0038453555885158783,0.00032044629904298986,6.0,0.007482716466419614,kegg,False
K01666,0.0046458898788207595,0.00038715748990173,4.0,0.007477271307967998,kegg,False
K21147,0.0038411416379395534,0.0003200951364949628,6.0,0.007474516497225526,kegg,False
K00355,0.003589268818055,0.0002991057348379167,7.0,0.007463674684519651,kegg,False
K22579,0.0046358681030062,0.00038632234191718335,4.0,0.007461141882022132,kegg,False
K22212,0.004623541897214034,0.0003852951581011695,4.0,0.007441303619103754,kegg,False
K04761,0.004145660162413681,0.0003454716802011401,5.0,0.00742802585220623,kegg,False
K11709,0.0046103837716252516,0.0003841986476354376,4.0,0.007420126432924599,kegg,False
K03182,0.0041386681968695,0.0003448890164057916,5.0,0.007415497931733926,kegg,False
K02523,0.0037992650365998182,0.00031660541971665154,6.0,0.007393028393670592,kegg,False
K01266,0.0037985055470275003,0.00031654212891895836,6.0,0.007391550495203718,kegg,False
K10007,0.004121083779197726,0.00034342364826647716,5.0,0.007383990884859664,kegg,False
K19294,0.003793701540219765,0.00031614179501831375,6.0,0.007382202329600415,kegg,False
K07270,0.004586265131293807,0.00038218876094115063,4.0,0.00738130897877881,kegg,False
K13963,0.0041195301016004006,0.0003432941751333667,5.0,0.007381207068312529,kegg,False
K17836,0.0041188392399085,0.00034323660332570837,5.0,0.00737996921033414,kegg,False
K02397,0.0041089144506216,0.0003424095375518,5.0,0.007362186375149243,kegg,False
K01823,0.0041065938322473,0.000342216152687275,5.0,0.007358028385202627,kegg,False
K02428,0.0040965978423618404,0.0003413831535301534,5.0,0.007340117975671047,kegg,False
K02586,0.004096496144341896,0.000341374678695158,5.0,0.007339935757280809,kegg,False
K01214,0.0037716561128241996,0.0003143046760686833,6.0,0.007339303908691122,kegg,False
K01485,0.0040937004463887,0.000341141703865725,5.0,0.007334926539000069,kegg,False
K06201,0.0037675874110803995,0.0003139656175900333,6.0,0.0073313865806743815,kegg,False
K19005,0.005282325976040653,0.00044019383133672105,3.0,0.007322858714182279,kegg,False
K01989,0.004084200765521901,0.0003403500637934917,5.0,0.007317905395852337,kegg,False
K02401,0.004081026193920752,0.0003400855161600626,5.0,0.007312217327125235,kegg,False
K06020,0.0040778651272324,0.0003398220939360333,5.0,0.00730655345595352,kegg,False
K00325,0.004063599694468268,0.00033863330787235567,5.0,0.00728099323171575,kegg,False
K12992,0.0052424959016074,0.0004368746584672833,3.0,0.007267642506592475,kegg,False
K03088,0.004049254340336772,0.00033743786169473103,5.0,0.007255289807611213,kegg,False
K13920,0.004047658485845301,0.0003373048738204417,5.0,0.007252430420214609,kegg,False
K09969,0.004504408395327231,0.00037536736627726924,4.0,0.0072495656445260934,kegg,False
K20534,0.004041005246358,0.0003367504371965,5.0,0.007240509415362196,kegg,False
K23004,0.004498120865621692,0.0003748434054684743,4.0,0.007239446255842444,kegg,False
K01812,0.004496190301303656,0.00037468252510863804,4.0,0.007236339132436605,kegg,False
K03446,0.0052153766810582,0.0004346147234215167,3.0,0.0072300472840671525,kegg,False
K01649,0.0052148715646718235,0.00043457263038931864,3.0,0.007229347044069009,kegg,False
K13281,0.004034489566698658,0.0003362074638915548,5.0,0.007228834884634113,kegg,False
K22116,0.004022606102613941,0.00033521717521782843,5.0,0.00720754257533309,kegg,False
K21613,0.004013522003195485,0.00033446016693295706,5.0,0.007191266054180662,kegg,False
K06881,0.004012538343315165,0.0003343781952762637,5.0,0.007189503572275599,kegg,False
K07813,0.0044563811408502,0.00037136509507085003,4.0,0.00717226876034064,kegg,False
K02746,0.003998197210750874,0.0003331831008959062,5.0,0.007163807712204076,kegg,False
K06999,0.004440676761067106,0.0003700563967555922,4.0,0.007146993536126465,kegg,False
K02053,0.0036675935308574,0.00030563279423811664,6.0,0.007136807474305026,kegg,False
K03437,0.0039702302994224815,0.00033085252495187344,5.0,0.007113697734006367,kegg,False
K09131,0.004417537552257867,0.0003681281293548223,4.0,0.007109752416205147,kegg,False
K00042,0.003964965623571909,0.0003304138019643258,5.0,0.007104264701198688,kegg,False
K00939,0.003960804472545344,0.0003300670393787787,5.0,0.007096808919443952,kegg,False
K23107,0.003959351246778001,0.00032994593723150004,5.0,0.007094205088414388,kegg,False
K13277,0.004391273177231631,0.0003659394314359692,4.0,0.007067481535291535,kegg,False
K01246,0.003936901460105087,0.00032807512167542396,5.0,0.0070539804705610455,kegg,False
K00809,0.0039331205497243,0.00032776004581035835,5.0,0.007047205988583967,kegg,False
K01091,0.003916154976650256,0.000326346248054188,5.0,0.007016807762377669,kegg,False
K01114,0.0043575657108629404,0.00036313047590524504,4.0,0.007013231460985667,kegg,False
K08978,0.004350023497331165,0.0003625019581109304,4.0,0.007001092736583954,kegg,False
K11991,0.004345711397879199,0.00036214261648993324,4.0,0.006994152680243774,kegg,False
K06996,0.003902689027303356,0.000325224085608613,5.0,0.006992680020123216,kegg,False
K01929,0.0038996284859245996,0.00032496904049371665,5.0,0.006987196266126864,kegg,False
K17810,0.003589977545243773,0.0002991647954369811,6.0,0.006985773740170538,kegg,False
K03409,0.0038946040933237444,0.00032455034111031204,5.0,0.006978193763107162,kegg,False
K23170,0.005033690634742387,0.00041947421956186557,3.0,0.006978176942565373,kegg,False
K15580,0.003888824852115623,0.00032406873767630193,5.0,0.006967838752947558,kegg,False
K02193,0.0038853328822408563,0.00032377774018673805,5.0,0.006961581982858186,kegg,False
K15724,0.0035774982178757883,0.000298124851489649,6.0,0.006961490090391793,kegg,False
K06211,0.0038841023846643303,0.00032367519872202754,5.0,0.006959377227173583,kegg,False
K07051,0.004319777210178514,0.0003599814341815428,4.0,0.006952413215330109,kegg,False
K06897,0.0038770196621143787,0.0003230849718428649,5.0,0.006946686691976792,kegg,False
K16923,0.0035642703715622,0.0002970225309635167,6.0,0.006935749890000037,kegg,False
K22457,0.0038700977470235,0.0003225081455852917,5.0,0.006934284285067518,kegg,False
K21567,0.003867737700305452,0.00032231147502545434,5.0,0.0069300556490126345,kegg,False
K05351,0.003553647203401573,0.0002961372669501311,6.0,0.006915078159261152,kegg,False
K00170,0.0035513633524122926,0.00029594694603435773,6.0,0.006910633990442181,kegg,False
K11065,0.0038556473795988257,0.00032130394829990214,5.0,0.006908392702400533,kegg,False
K02338,0.0035475537762862997,0.0002956294813571916,6.0,0.006903220897595013,kegg,False
K10548,0.003851418194678113,0.0003209515162231761,5.0,0.00690081502027173,kegg,False
K02019,0.004281428051056972,0.0003567856709214144,4.0,0.006890692624729932,kegg,False
K01628,0.0038375378377848725,0.000319794819815406,5.0,0.006875944759372001,kegg,False
K00390,0.0035251738214976537,0.0002937644851248045,6.0,0.006859671516436387,kegg,False
K23303,0.0038244064287932342,0.0003187005357327695,5.0,0.006852416432966926,kegg,False
K02414,0.0038129786174052127,0.00031774821811710106,5.0,0.006831940543699887,kegg,False
K07712,0.004244343347009774,0.00035369527891748113,4.0,0.006831007096064972,kegg,False
K18285,0.0038121214830742194,0.00031767679025618495,5.0,0.006830404765145929,kegg,False
K23163,0.0035084706660560177,0.00029237255550466814,6.0,0.006827168676741259,kegg,False
K02238,0.0038082933756164,0.00031735778130136664,5.0,0.0068235457173591585,kegg,False
K01756,0.0038081676935730396,0.0003173473077977533,5.0,0.006823320525367856,kegg,False
K01226,0.0038067476253746822,0.0003172289687812235,5.0,0.006820776104726499,kegg,False
K02283,0.0037934470176940386,0.00031612058480783657,5.0,0.006796944614968219,kegg,False
K02564,0.0037915092898662428,0.0003159591074888536,5.0,0.006793472672783979,kegg,False
K18887,0.0042109248625168,0.0003509104052097333,4.0,0.006777222120145889,kegg,False
K02990,0.004205645062416199,0.00035047042186801656,4.0,0.0067687246096939085,kegg,False
K22226,0.0037765253318528995,0.00031471044432107494,5.0,0.0067666250241270555,kegg,False
K09697,0.004203434406015751,0.0003502862005013126,4.0,0.006765166695471663,kegg,False
K16950,0.0037733175308133,0.000314443127567775,5.0,0.006760877416238953,kegg,False
K01589,0.004197031483597,0.0003497526236330833,4.0,0.00675486158938055,kegg,False
K00613,0.0041875692299294,0.00034896410249411666,4.0,0.006739632679590846,kegg,False
K18014,0.0034588382931099214,0.0002882365244258268,6.0,0.006730588538503752,kegg,False
K23169,0.004169993259495828,0.000347499438291319,4.0,0.006711345246427235,kegg,False
K07343,0.004168138707246368,0.0003473448922705307,4.0,0.006708360459726365,kegg,False
K20511,0.003743750821538,0.00031197923512816665,5.0,0.006707900984921022,kegg,False
K03646,0.003736611470340862,0.00031138428919507186,5.0,0.006695108984809405,kegg,False
K07275,0.0037294183644499008,0.0003107848637041584,5.0,0.006682220669216115,kegg,False
K04562,0.0034325639722347185,0.0002860469976862265,6.0,0.0066794610708531595,kegg,False
K06894,0.003431551902223418,0.00028596265851861817,6.0,0.006677491673546615,kegg,False
K18220,0.0037242715575598,0.0003103559631299833,5.0,0.006672998829234489,kegg,False
K19302,0.0037121167170054,0.00030934305975045,5.0,0.006651220278574186,kegg,False
K21563,0.004131056689793891,0.00034425472414949097,4.0,0.006648679254968805,kegg,False
K03736,0.0037104239959805767,0.00030920199966504806,5.0,0.006648187329649197,kegg,False
K02836,0.0034146622270068545,0.00028455518558390456,6.0,0.006644625883128456,kegg,False
K16435,0.003705918182466892,0.00030882651520557433,5.0,0.006640113995619477,kegg,False
K01322,0.0037055803535151997,0.00030879836279293333,5.0,0.006639508687396303,kegg,False
K06950,0.003699275067287338,0.00030827292227394483,5.0,0.0066282111310913385,kegg,False
K12452,0.0036943851310781996,0.00030786542758984997,5.0,0.006619449541584693,kegg,False
K03828,0.0036875864532305703,0.00030729887110254753,5.0,0.0066072679461729724,kegg,False
K18474,0.0040884849187546,0.00034070707656288336,4.0,0.0065801626326587054,kegg,False
K06904,0.0036681417382224742,0.0003056784781852062,5.0,0.006572427693930775,kegg,False
K07192,0.00366567460264405,0.0003054728835536708,5.0,0.006568007180396265,kegg,False
K07214,0.004077069584268431,0.00033975579868903593,4.0,0.006561790360553549,kegg,False
K04075,0.0033691765566216765,0.00028076471305180637,6.0,0.006556114855489353,kegg,False
K01609,0.0033664619104073605,0.0002805384925339467,6.0,0.006550832397869822,kegg,False
K02035,0.0036555991299221,0.00030463326082684163,5.0,0.006549954356739761,kegg,False
K02171,0.005961875471549019,0.0004968229559624182,2.0,0.006549789656552733,kegg,False
K02236,0.0033630576926358775,0.0002802548077196565,6.0,0.006544208095958699,kegg,False
K01439,0.0036379197709257,0.00030315998091047497,5.0,0.006518277197848079,kegg,False
K03589,0.0036209490421793,0.00030174575351494165,5.0,0.006487869733917017,kegg,False
K01573,0.0036174041340167004,0.0003014503445013917,5.0,0.0064815181111491345,kegg,False
K19139,0.004025831116757196,0.000335485926396433,4.0,0.0064793252283659435,kegg,False
K00209,0.0040156855774531154,0.00033464046478775964,4.0,0.006462996612767866,kegg,False
K14379,0.004007771177501071,0.0003339809314584226,4.0,0.00645025887743088,kegg,False
K19242,0.004001526946749405,0.00033346057889578374,4.0,0.006440209175725161,kegg,False
K03531,0.003591126303445809,0.0002992605252871507,5.0,0.00643443455939297,kegg,False
K15921,0.0039944161861629,0.000332868015513575,4.0,0.006428764848050998,kegg,False
K07219,0.003990753011417751,0.00033256275095147923,4.0,0.006422869195736284,kegg,False
K04061,0.0035812112353755705,0.0002984342696146309,5.0,0.006416669142290079,kegg,False
K12685,0.0032969479949922,0.00027474566624935,6.0,0.0064155645643628875,kegg,False
K01488,0.0035724630955965794,0.0002977052579663816,5.0,0.006400994580002942,kegg,False
K02082,0.0035628532183847005,0.0002969044348653917,5.0,0.006383775991510438,kegg,False
K22723,0.004602436401396485,0.00038353636678304043,3.0,0.006380331630668869,kegg,False
K19997,0.003560222506275544,0.00029668520885629536,5.0,0.006379062388178045,kegg,False
K02010,0.003963324437537888,0.00033027703646149064,4.0,0.006378724609050032,kegg,False
K00045,0.003955798769287791,0.0003296498974406493,4.0,0.006366612513251926,kegg,False
K18120,0.004584402069679162,0.00038203350580659685,3.0,0.006355330738302578,kegg,False
K01807,0.0032636171666672997,0.00027196809722227497,6.0,0.006350705767249044,kegg,False
K22349,0.0039430164562925755,0.00032858470469104796,4.0,0.006346040174108826,kegg,False
K12554,0.00577342324104076,0.0004811186034200633,2.0,0.006342753720289444,kegg,False
K21399,0.0035379841782895386,0.00029483201485746153,5.0,0.00633921665342932,kegg,False
K03271,0.0035312373496139,0.0002942697791344917,5.0,0.006327127959262485,kegg,False
K15870,0.0035203293086150055,0.00029336077571791714,5.0,0.006307583373511988,kegg,False
K21012,0.003916942764443,0.0003264118970369167,4.0,0.006304076185928996,kegg,False
K03411,0.0032333977099066004,0.00026944980915888334,6.0,0.006291901419639461,kegg,False
K00073,0.0032308628063464208,0.00026923856719553505,6.0,0.006286968725074831,kegg,False
K07741,0.0039010309708248187,0.00032508591423540154,4.0,0.006278467142025068,kegg,False
K04095,0.00349798593901235,0.0002914988282510292,5.0,0.006267549429451968,kegg,False
K01479,0.004514966328850287,0.0003762471940708572,3.0,0.0062590723623313265,kegg,False
K07321,0.004498828648872493,0.0003749023874060411,3.0,0.006236700787576553,kegg,False
K00283,0.003872911243273089,0.0003227426036060907,4.0,0.006233210186415996,kegg,False
K00441,0.0034772621999858994,0.00028977184999882493,5.0,0.006230417473813514,kegg,False
K07505,0.0038658917004000186,0.00032215764170000157,4.0,0.00622191266798812,kegg,False
K02047,0.0034703686202227574,0.00028919738501856314,5.0,0.0062180658369960255,kegg,False
K11203,0.003469788369977867,0.00028914903083148894,5.0,0.006217026168125221,kegg,False
K07025,0.003856320404045768,0.00032136003367048066,4.0,0.006206508260764447,kegg,False
K00094,0.00385334334905001,0.00032111194575416754,4.0,0.006201716875586873,kegg,False
K22319,0.0038508592011134227,0.0003209049334261186,4.0,0.006197718793717634,kegg,False
K17218,0.0038332047107529,0.000319433725896075,4.0,0.006169304987606706,kegg,False
K15855,0.004447305384076046,0.00037060878200633715,3.0,0.006165274376122751,kegg,False
K03925,0.0034384092383803145,0.00028653410319835954,5.0,0.006160802311949153,kegg,False
K00031,0.003163205515770678,0.0002636004596475565,6.0,0.006155313716685909,kegg,False
K03394,0.0034328663672113,0.00028607219726760834,5.0,0.006150870820045361,kegg,False
K21063,0.0034233074456041716,0.0002852756204670143,5.0,0.006133743531740179,kegg,False
K10008,0.003420200554945049,0.0002850167129120874,5.0,0.00612817673098184,kegg,False
K04029,0.0034199721783470752,0.0002849976815289229,5.0,0.006127767535049871,kegg,False
K00197,0.0037998962534128004,0.00031665802111773337,4.0,0.006115697093558857,kegg,False
K03569,0.003406249830556194,0.0002838541525463495,5.0,0.006103180388455518,kegg,False
K09167,0.0043933855659108,0.00036611546382589997,3.0,0.006090525636247661,kegg,False
K14982,0.00378289810689645,0.00031524150890803747,4.0,0.006088339632114332,kegg,False
K17236,0.004384904752204894,0.0003654087293504078,3.0,0.006078768732029456,kegg,False
K10697,0.0037752409204006242,0.00031460341003338533,4.0,0.006076015865865372,kegg,False
K07313,0.0037731083728375875,0.0003144256977364656,4.0,0.0060725836629673515,kegg,False
K02619,0.0033866658566505886,0.00028222215472088237,5.0,0.006068090617765034,kegg,False
K15583,0.0031118649041249236,0.00025932207534374365,6.0,0.006055409499425728,kegg,False
K05568,0.0033779293375751,0.00028149411146459165,5.0,0.006052436876983436,kegg,False
K00547,0.0033772478646050654,0.00028143732205042213,5.0,0.006051215841336354,kegg,False
K16235,0.0043632972699800725,0.0003636081058316727,3.0,0.006048814401263187,kegg,False
K13953,0.003374232631235042,0.0002811860526029202,5.0,0.006045813268393682,kegg,False
K02420,0.0054847172785379645,0.00045705977321149706,2.0,0.006025577802072119,kegg,False
K02858,0.005477258837861298,0.0004564382364884415,2.0,0.0060173838674904305,kegg,False
K04014,0.0037312950908998024,0.00031094125757498355,4.0,0.0060052877817733845,kegg,False
K20480,0.0033512784267809383,0.0002792732022317449,5.0,0.006004684855204445,kegg,False
K18122,0.003723614815891121,0.0003103012346575934,4.0,0.005992926855996492,kegg,False
K20488,0.0037231951721919698,0.0003102662643493308,4.0,0.005992251465517365,kegg,False
K01760,0.0037222607292133002,0.00031018839410110833,4.0,0.005990747537560486,kegg,False
K00819,0.0037164642812282144,0.0003097053567690179,4.0,0.005981418514415836,kegg,False
K00057,0.00543769298163531,0.0004531410818029425,2.0,0.005973916331628885,kegg,False
K15633,0.0033275434396416934,0.00027729528663680776,5.0,0.005962157467245697,kegg,False
K17758,0.003695647508894542,0.00030797062574121185,4.0,0.005947915211807515,kegg,False
K01872,0.0030557857510074057,0.0002546488125839505,6.0,0.005946284506223923,kegg,False
K02492,0.0033132061676403994,0.0002761005139700333,5.0,0.00593646852437448,kegg,False
K01154,0.003046129364007756,0.000253844113667313,6.0,0.005927494044758099,kegg,False
K18234,0.0036829173386384003,0.0003069097782198667,4.0,0.00592742679316554,kegg,False
K01905,0.003044031024842863,0.0002536692520702386,6.0,0.005923410865280973,kegg,False
K22477,0.003303655317353463,0.00027530460977945526,5.0,0.0059193556979336825,kegg,False
K05566,0.0036763528480254,0.00030636273733545,4.0,0.005916861653097159,kegg,False
K21750,0.0053659922759035274,0.00044716602299196064,2.0,0.005895145055205772,kegg,False
K03491,0.0036604458033093652,0.00030503715027578045,4.0,0.005891260252256388,kegg,False
K02554,0.003282351837098631,0.00027352931975821925,5.0,0.005881184985459574,kegg,False
K23077,0.0032804690267673954,0.00027337241889728293,5.0,0.0058778114422198225,kegg,False
K03521,0.0042313240854351996,0.0003526103404529333,3.0,0.005865860719709595,kegg,False
K13075,0.003637840283762958,0.0003031533569802465,4.0,0.00585487807206813,kegg,False
K02590,0.003266397724273416,0.00027219981035611797,5.0,0.005852599052731862,kegg,False
K19424,0.003264477069398862,0.0002720397557832385,5.0,0.005849157701173262,kegg,False
K03405,0.0036157457711739147,0.00030131214759782625,4.0,0.005819318325850572,kegg,False
K03073,0.0032382725034631,0.00026985604195525835,5.0,0.005802205422020849,kegg,False
K03470,0.004184915200856099,0.0003487429334046749,3.0,0.005801524344711724,kegg,False
K11534,0.0035996933736331003,0.00029997444780275836,4.0,0.005793482988662921,kegg,False
K19427,0.004178778858528441,0.00034823157154403677,3.0,0.005793017567944991,kegg,False
K01476,0.0035959979296527,0.000299666494137725,4.0,0.005787535401017588,kegg,False
K06909,0.0032283262875740662,0.00026902719063117217,5.0,0.005784384195518686,kegg,False
K09770,0.003226233996861435,0.0002688528330717863,5.0,0.005780635313821951,kegg,False
K06153,0.004168262040538126,0.0003473551700448438,3.0,0.005778438162468092,kegg,False
K19803,0.0035850727421700675,0.00029875606184750564,4.0,0.0057699519900825886,kegg,False
K19134,0.003584116431229515,0.00029867636926912623,4.0,0.0057684128669987875,kegg,False
K06284,0.005241036434216165,0.0004367530361846804,2.0,0.005757867031987169,kegg,False
K07056,0.0032092834445514003,0.00026744028704595,5.0,0.005750264001211801,kegg,False
K02045,0.0041445953941861,0.0003453829495155083,3.0,0.00574562922408366,kegg,False
K02933,0.003567680840494868,0.0002973067367079057,4.0,0.0057419608041571965,kegg,False
K00681,0.0035585591101715925,0.00029654659251429936,4.0,0.005727279945547918,kegg,False
K12982,0.00521211029794698,0.000434342524828915,2.0,0.005726088423218155,kegg,False
K05816,0.003550246600911248,0.00029585388340927065,4.0,0.005713901477996859,kegg,False
K01857,0.0035484834128371064,0.0002957069510697589,4.0,0.005711063736263584,kegg,False
K01849,0.0035432697016006803,0.00029527247513339,4.0,0.005702672591735196,kegg,False
K16963,0.0031756543118255697,0.00026463785931879746,5.0,0.005690008684208367,kegg,False
K13288,0.003525881502480516,0.00029382345854004304,4.0,0.005674687364842251,kegg,False
K05569,0.003157745666408342,0.00026314547220069516,5.0,0.005657920699201002,kegg,False
K07148,0.003156044602542078,0.0002630037168785065,5.0,0.0056548728019108615,kegg,False
K20974,0.0031542854510868,0.0002628571209239,5.0,0.005651720825633061,kegg,False
K14977,0.0040712589717681125,0.00033927158098067604,3.0,0.005643963355220898,kegg,False
K12072,0.004069349538286108,0.00033911246152384234,3.0,0.005641316318351862,kegg,False
K00848,0.003143487057965235,0.00026195725483043627,5.0,0.00563237270250505,kegg,False
K07798,0.003141340922987377,0.0002617784102489481,5.0,0.005628527344836231,kegg,False
K18545,0.0031335429961368002,0.0002611285830114,5.0,0.005614555335561362,kegg,False
K07735,0.0034857480747319336,0.00029047900622766114,4.0,0.005610095104667747,kegg,False
K06907,0.0034813032834989997,0.00029010860695824996,4.0,0.005602941489144609,kegg,False
K08972,0.0034792105012373432,0.0002899342084364453,4.0,0.005599573286030229,kegg,False
K09825,0.003116819874962589,0.00025973498958021575,5.0,0.005584591524842421,kegg,False
K06117,0.004023421840845771,0.00033528515340381423,3.0,0.005577647010371101,kegg,False
K01126,0.003464530104293666,0.0002887108420244722,4.0,0.005575946098619494,kegg,False
K03727,0.0034630434825947045,0.00028858695688289206,4.0,0.005573553473295738,kegg,False
K07080,0.0050613252239972845,0.0004217771019997737,2.0,0.005560434088029289,kegg,False
K14086,0.0034513604261379458,0.0002876133688448288,4.0,0.005554750319301122,kegg,False
K07316,0.0034505059639812004,0.00028754216366510003,4.0,0.005553375115511316,kegg,False
K11145,0.0034487537086407513,0.0002873961423867293,4.0,0.005550554969334132,kegg,False
K02389,0.003440335183623274,0.0002866945986352728,4.0,0.005537005876004229,kegg,False
K15899,0.003438738720656274,0.0002865615600546895,4.0,0.005534436467979342,kegg,False
K20487,0.0030847295945642746,0.00025706079954702286,5.0,0.005527093461068558,kegg,False
K02426,0.0030845399160934536,0.0002570449930077878,5.0,0.005526753602872356,kegg,False
K13542,0.0034284111067486543,0.00028570092556238786,4.0,0.0055178148146114376,kegg,False
K01873,0.0034252838186190977,0.00028544031821825815,4.0,0.005512781638532624,kegg,False
K08167,0.003421624965299059,0.00028513541377492155,4.0,0.005506892941283318,kegg,False
K16214,0.003073348320361788,0.000256112360030149,5.0,0.005506700955244371,kegg,False
K22432,0.0039673217160709,0.00033061014300590834,3.0,0.005499875723737576,kegg,False
K11751,0.003413037561877529,0.00028441979682312745,4.0,0.005493072048647342,kegg,False
K01247,0.003403472854103714,0.00028362273784197613,4.0,0.00547767824533481,kegg,False
K11921,0.0033940084617704036,0.00028283403848086697,4.0,0.00546244589349543,kegg,False
K12214,0.00339375553324181,0.0002828129611034842,4.0,0.005462038820732376,kegg,False
K07017,0.0033881529506166997,0.0002823460792180583,4.0,0.005453021811847978,kegg,False
K01991,0.0030389853658272037,0.00025324878048560033,5.0,0.005445130806066377,kegg,False
K18672,0.0030387503445698,0.00025322919538081667,5.0,0.005444709704502954,kegg,False
K01990,0.003037303804311914,0.00025310865035932617,5.0,0.0054421178522982665,kegg,False
K16139,0.003378527446976593,0.0002815439539147161,4.0,0.005437530161363318,kegg,False
K19167,0.0049406488151631685,0.0004117207345969307,2.0,0.005427857502331792,kegg,False
K02863,0.0030282534990721576,0.00025235445825601315,5.0,0.005425901882185529,kegg,False
K01758,0.003025087992505763,0.0002520906660421469,5.0,0.005420230055820288,kegg,False
K16091,0.003365033365793768,0.00028041944714948065,4.0,0.005415812275514216,kegg,False
K02124,0.0039014124907184055,0.0003251177075598671,3.0,0.005408506136285633,kegg,False
K16960,0.003900072928336349,0.0003250060773613624,3.0,0.00540664910850902,kegg,False
K01150,0.0033542738650680255,0.0002795228220890021,4.0,0.005398495527127344,kegg,False
K01788,0.0030110475263317653,0.00025092062719431375,5.0,0.005395072917600652,kegg,False
K00981,0.004908374992967598,0.0004090312494139665,2.0,0.005392401084665449,kegg,False
K03471,0.0033461375800191997,0.0002788447983349333,4.0,0.005385400681503393,kegg,False
K17898,0.0030049909933425496,0.00025041591611187915,5.0,0.005384221067266532,kegg,False
K16650,0.0033452832270446796,0.0002787736022537233,4.0,0.0053840256534356,kegg,False
K00261,0.0038826822728134985,0.00032355685606779154,3.0,0.005382540540821513,kegg,False
K11181,0.003344145326811342,0.0002786787772342785,4.0,0.005382194273659499,kegg,False
K02408,0.0033378764578184308,0.00027815637148486923,4.0,0.005372104918234225,kegg,False
K07507,0.0038628576795175,0.0003219048066264583,3.0,0.005355057818923776,kegg,False
K12998,0.003323392022380416,0.000276949335198368,4.0,0.005348793118700079,kegg,False
K13049,0.0038425988934766,0.00032021657445638335,3.0,0.005326973178072142,kegg,False
K02525,0.003305068219010707,0.0002754223515842256,4.0,0.0053193020948568825,kegg,False
K00145,0.0033036982738393443,0.00027530818948661204,4.0,0.005317097253160135,kegg,False
K02786,0.0029673819638199,0.000247281830318325,5.0,0.005316834732490848,kegg,False
K00130,0.0038310166100563037,0.0003192513841713586,3.0,0.005310916723877693,kegg,False
K06859,0.003291841444495601,0.00027432012037463343,4.0,0.005298014422493054,kegg,False
K18475,0.0038215857941834032,0.0003184654828486169,3.0,0.005297842837012331,kegg,False
K06608,0.0032637575698867883,0.0002719797974905657,4.0,0.0052528151699695845,kegg,False
K05685,0.0032611670081980374,0.00027176391734983645,4.0,0.00524864582177321,kegg,False
K11537,0.0029185291159750147,0.00024321075966458457,5.0,0.005229302179766017,kegg,False
K18890,0.0032488454472649623,0.0002707371206054135,4.0,0.005228815034467152,kegg,False
K01436,0.0032369418299187996,0.0002697451524932333,4.0,0.005209656901415129,kegg,False
K04069,0.0037578263097678127,0.0003131521924806511,3.0,0.005209453423299086,kegg,False
K02907,0.003232108628190342,0.0002693423856825285,4.0,0.005201878163314908,kegg,False
K02747,0.003751143369296597,0.0003125952807747164,3.0,0.00520018890060814,kegg,False
K02044,0.0032249967610359,0.000268749730086325,4.0,0.005190432054688354,kegg,False
K08680,0.0032174229350032816,0.00026811857791694013,4.0,0.005178242451929277,kegg,False
K00709,0.004696959658651066,0.0003914133048875888,2.0,0.00516013760037243,kegg,False
K18349,0.0037190451955916998,0.00030992043296597496,3.0,0.005155691383398794,kegg,False
K01668,0.003717718073047816,0.00030980983942065134,3.0,0.005153851600899693,kegg,False
K00338,0.002872793687511233,0.00023939947395926943,5.0,0.005147355292736834,kegg,False
K05366,0.004681958973446905,0.00039016324778724207,2.0,0.005143657663268696,kegg,False
K16052,0.0031874165197168323,0.000265618043309736,4.0,0.005129948989551024,kegg,False
K02594,0.0031813246548010356,0.0002651103879000863,4.0,0.0051201445111981134,kegg,False
K03492,0.0036831379607211875,0.0003069281633934323,3.0,0.0051059133861743955,kegg,False
K02242,0.00366556364805054,0.000305463637337545,3.0,0.0050815502156185185,kegg,False
K02029,0.0031526365163376,0.0002627197096948,4.0,0.005073972733517901,kegg,False
K09477,0.0031486701002849957,0.00026238917502374964,4.0,0.005067589033146353,kegg,False
K18350,0.003643729992292532,0.00030364416602437767,3.0,0.00505128234175856,kegg,False
K02025,0.00313670398670821,0.00026139199889235087,4.0,0.005048330316291381,kegg,False
K23301,0.0028169806170183723,0.00023474838475153102,5.0,0.005047351695174558,kegg,False
K01854,0.003126677778316712,0.00026055648152639266,4.0,0.0050321937563881395,kegg,False
K01736,0.0036183554995644,0.0003015296249637,3.0,0.005016105825573273,kegg,False
K03769,0.0031153510570275855,0.0002596125880856321,4.0,0.005013964101721845,kegg,False
K03188,0.0031115694590492004,0.0002592974549207667,4.0,0.005007877854565848,kegg,False
K17073,0.0030989640007303807,0.0002582470000608651,4.0,0.004987590152043931,kegg,False
K00983,0.0030987641180545387,0.0002582303431712116,4.0,0.004987268453287392,kegg,False
K01026,0.0030978711168607002,0.00025815592640505834,4.0,0.00498583122331018,kegg,False
K14058,0.0035935984904892702,0.00029946654087410583,3.0,0.004981785323494226,kegg,False
K02493,0.003094329831501,0.00025786081929175,4.0,0.004980131744393531,kegg,False
K22213,0.0030905939108088476,0.00025754949256740395,4.0,0.004974119011993733,kegg,False
K02120,0.0030891096432143143,0.00025742580360119284,4.0,0.004971730175454894,kegg,False
K07787,0.0030879385638438468,0.0002573282136536539,4.0,0.004969845395917594,kegg,False
K00641,0.0030798856159903877,0.0002566571346658656,4.0,0.004956884676335383,kegg,False
K12141,0.003078541376783468,0.00025654511473195566,4.0,0.004954721206792386,kegg,False
K01635,0.004498042703248182,0.0003748368919373485,2.0,0.004941604988742375,kegg,False
K06166,0.0030636271946686273,0.0002553022662223856,4.0,0.004930717756663814,kegg,False
K13829,0.0030625826260598553,0.00025521521883832126,4.0,0.004929036588342719,kegg,False
K01611,0.0030596191661606655,0.00025496826384672214,4.0,0.004924267083628984,kegg,False
K05346,0.0035519705137693003,0.0002959975428141084,3.0,0.0049240766941025015,kegg,False
K02304,0.0030589697223652812,0.0002549141435304401,4.0,0.004923221844162697,kegg,False
K05989,0.0030587650121346997,0.0002548970843445583,4.0,0.004922892375756537,kegg,False
K00362,0.003053010798509198,0.0002544175665424332,4.0,0.00491363132619141,kegg,False
K03547,0.0030516448035739145,0.00025430373363115956,4.0,0.004911432842154371,kegg,False
K07654,0.003045270683850346,0.00025377255698752884,4.0,0.004901174092212865,kegg,False
K00346,0.0030436963899610546,0.0002536413658300879,4.0,0.0048986403639421265,kegg,False
K00658,0.0027312916697040776,0.00022760763914200647,5.0,0.004893817712415986,kegg,False
K04045,0.003526486391358931,0.00029387386594657757,3.0,0.004888748198906918,kegg,False
K03596,0.003032621073222468,0.000252718422768539,4.0,0.00488081532929083,kegg,False
K01784,0.0035186811501686606,0.00029322342918072173,3.0,0.004877927837057665,kegg,False
K07054,0.003026690931944542,0.00025222424432871183,4.0,0.004871271135092045,kegg,False
K01737,0.0035125921635440526,0.00029271601362867105,3.0,0.004869486709235036,kegg,False
K17759,0.0030225182493400244,0.0002518765207783354,4.0,0.004864555461511781,kegg,False
K03098,0.0030214862786574997,0.0002517905232214583,4.0,0.004862894568770804,kegg,False
K03077,0.0035014737019838866,0.0002917894751653239,3.0,0.00485407324866985,kegg,False
K00156,0.0030144886374732114,0.00025120738645610093,4.0,0.004851632299751201,kegg,False
K07016,0.004413840049122023,0.0003678200040935019,2.0,0.004849098918180907,kegg,False
K02348,0.0034950726941696,0.00029125605784746666,3.0,0.00484519956763142,kegg,False
K01687,0.003009314492587048,0.0002507762077155873,4.0,0.004843304834806982,kegg,False
K03299,0.0030061009368859506,0.00025050841140716255,4.0,0.004838132816427918,kegg,False
K00373,0.0044009457636033115,0.000366745480300276,2.0,0.004834933097656455,kegg,False
K00997,0.0034853678992316202,0.00029044732493596837,3.0,0.004831745865133074,kegg,False
K15125,0.0034843730757099,0.000290364422975825,3.0,0.0048303667468946035,kegg,False
K00962,0.0029970953206433,0.00024975794338694167,4.0,0.0048236388362221634,kegg,False
K00370,0.00436852931027455,0.00036404410918954586,2.0,0.004799319983674442,kegg,False
K02282,0.0034586454440355147,0.00028822045366962623,3.0,0.004794700676179434,kegg,False
K01354,0.0029786323519563084,0.0002482193626630257,4.0,0.004793923834441235,kegg,False
K18334,0.0024635371877095072,0.00020529476564245893,6.0,0.004793822016139114,kegg,False
K05846,0.002972544650256533,0.0002477120541880444,4.0,0.004784126056526027,kegg,False
K02443,0.0034449860414924533,0.0002870821701243711,3.0,0.004775764723457722,kegg,False
K22958,0.0034443217075652644,0.000287026808963772,3.0,0.004774843761080559,kegg,False
K07106,0.0034349195284553657,0.00028624329403794714,3.0,0.004761809573198267,kegg,False
K07406,0.002650297827025382,0.00022085815225211518,5.0,0.0047486962278472655,kegg,False
K01008,0.003424059268774185,0.00028533827239784874,3.0,0.004746754056441948,kegg,False
K19710,0.0029473130621071085,0.000245609421842259,4.0,0.00474351738196742,kegg,False
K22927,0.0029434291509828855,0.0002452857625819071,4.0,0.004737266468155571,kegg,False
K02067,0.0029347897796280103,0.00024456581496900084,4.0,0.004723361936357438,kegg,False
K09138,0.0033998189425441003,0.0002833182452120084,3.0,0.004713149828877475,kegg,False
K01727,0.00292724906095189,0.00024393742174599084,4.0,0.0047112256178330906,kegg,False
K10681,0.0029220021758477664,0.0002435001813206472,4.0,0.004702781082024328,kegg,False
K01494,0.004278620062743096,0.000356551671895258,2.0,0.004700544579471483,kegg,False
K00184,0.0029080200768661657,0.0002423350064055138,4.0,0.004680277761827933,kegg,False
K19165,0.0042535801088026985,0.00035446500906689154,2.0,0.004673035378364879,kegg,False
K00135,0.0033686194407431262,0.00028071828672859384,3.0,0.004669898135461035,kegg,False
K13652,0.0028936617993648166,0.00024113848328040138,4.0,0.0046571690056600125,kegg,False
K17733,0.003352959783292118,0.0002794133152743432,3.0,0.004648189240639634,kegg,False
K15738,0.0033510081513754945,0.0002792506792812912,3.0,0.004645483704318637,kegg,False
K15554,0.0028858405078335,0.00024048670898612498,4.0,0.004644581122545312,kegg,False
K20112,0.0028821718474482086,0.00024018098728735072,4.0,0.004638676641433379,kegg,False
K11614,0.0033428464293484917,0.000278570535779041,3.0,0.004634169155095575,kegg,False
K09136,0.0033410550096599845,0.00027842125080499873,3.0,0.004631685720082998,kegg,False
K01139,0.0028675059688319277,0.00023895883073599396,4.0,0.00461507282036918,kegg,False
K02075,0.002861158118463303,0.00023842984320527523,4.0,0.0046048563493234565,kegg,False
K23518,0.0033196356990255146,0.0002766363082521262,3.0,0.004601992250531357,kegg,False
K07069,0.0028585564010596997,0.00023821303342164165,4.0,0.004600669046696658,kegg,False
K09139,0.0033153638336399986,0.0002762803194699999,3.0,0.004596070187635953,kegg,False
K13788,0.003314872872053488,0.00027623940600445733,3.0,0.004595389570357047,kegg,False
K06975,0.0028445357094861005,0.00023704464245717505,4.0,0.004578103614119562,kegg,False
K01685,0.0028414765461382,0.00023678971217818334,4.0,0.004573180080647122,kegg,False
K02591,0.002840970251295766,0.0002367475209413138,4.0,0.004572365230532839,kegg,False
K00927,0.0028398823455650724,0.0002366568621304227,4.0,0.004570614313804706,kegg,False
K00656,0.0032950659788019846,0.00027458883156683203,3.0,0.0045679313859311845,kegg,False
K07118,0.0032901365913279783,0.00027417804927733154,3.0,0.004561097803872194,kegg,False
K09761,0.002833072710250522,0.00023608939252087681,4.0,0.004559654628559618,kegg,False
K05589,0.002832066331986175,0.00023600552766551457,4.0,0.004558034925226729,kegg,False
K01182,0.004142521700482696,0.0003452101417068913,2.0,0.004551025246224603,kegg,False
K17947,0.0032781604228508997,0.000273180035237575,3.0,0.004544495309044598,kegg,False
K00198,0.00325555273672661,0.00027129606139388414,3.0,0.004513154401252527,kegg,False
K03752,0.0032525351340524774,0.0002710445945043731,3.0,0.004508971115681277,kegg,False
K18829,0.004098353446213539,0.00034152945385112826,2.0,0.00450250145931549,kegg,False
K02058,0.0032405258508449004,0.0002700438209037417,3.0,0.004492322714089521,kegg,False
K04044,0.002789620393734642,0.0002324683661445535,4.0,0.004489720822975875,kegg,False
K07491,0.003238341636102944,0.00026986180300857867,3.0,0.004489294749509272,kegg,False
K01629,0.003235581931431898,0.00026963182761932485,3.0,0.004485468986485445,kegg,False
K14654,0.0040812397223772,0.00034010331019810003,2.0,0.004483700112004016,kegg,False
K11755,0.002785777194629889,0.00023214809955249076,4.0,0.004483535432631653,kegg,False
K02988,0.0027813899441603757,0.00023178249534669797,4.0,0.004476474425394674,kegg,False
K03820,0.002779708400135105,0.0002316423666779254,4.0,0.004473768084688976,kegg,False
K18891,0.0027791968064600514,0.00023159973387167096,4.0,0.004472944706432583,kegg,False
K05810,0.002778888167657016,0.000231574013971418,4.0,0.00447244797144173,kegg,False
K02006,0.002778135931734947,0.00023151132764457892,4.0,0.004471237294429657,kegg,False
K18217,0.00322420990834338,0.00026868415902861503,3.0,0.004469704015003307,kegg,False
K01889,0.002776416328808083,0.00023136802740067358,4.0,0.004468469700284829,kegg,False
K06391,0.0032180384424879,0.000268169870207325,3.0,0.004461148546688011,kegg,False
K07014,0.0032172137554648803,0.00026810114628874005,3.0,0.0044600052877183105,kegg,False
K02018,0.0032144139433087,0.00026786782860905835,3.0,0.004456123923914003,kegg,False
K08151,0.0032121760797915225,0.0002676813399826269,3.0,0.0044530215863391835,kegg,False
K01697,0.004050242516553611,0.00033752020971280095,2.0,0.004449646200771847,kegg,False
K02051,0.0032062484932617857,0.0002671873744384821,3.0,0.004444804206557959,kegg,False
K04561,0.003202787250473433,0.00026689893753945276,3.0,0.004440005905197999,kegg,False
K11071,0.0032004997577805444,0.0002667083131483787,3.0,0.004436834766976744,kegg,False
K02961,0.0031928810837531054,0.00026607342364609214,3.0,0.004426273042133295,kegg,False
K00836,0.0031922977471702373,0.0002660248122641864,3.0,0.00442546436591783,kegg,False
K17467,0.0027477929058136335,0.00022898274215113612,4.0,0.0044224020781339244,kegg,False
K01185,0.002747506058745609,0.00022895883822880074,4.0,0.004421940415587575,kegg,False
K02078,0.0031895582349133994,0.0002657965195761166,3.0,0.004421666595523957,kegg,False
K00245,0.003189233926979263,0.0002657694939149386,3.0,0.004421217009263597,kegg,False
K07404,0.0027431399548041523,0.00022859499623367936,4.0,0.004414913442374567,kegg,False
K19166,0.0027403393140520006,0.00022836160950433337,4.0,0.004410405984968946,kegg,False
K18205,0.0031737912279913997,0.00026448260233261664,3.0,0.00439980888273625,kegg,False
K04784,0.0031603792164897,0.000263364934707475,3.0,0.0043812158868201685,kegg,False
K21619,0.0031570007680329086,0.0002630833973360757,3.0,0.004376532362775185,kegg,False
K20342,0.0031506072594894552,0.0002625506049574546,3.0,0.004367669077933623,kegg,False
K01227,0.003143506284234957,0.0002619588570195798,3.0,0.004357825035979861,kegg,False
K03274,0.002704472350926983,0.00022537269591058192,4.0,0.0043526803347116675,kegg,False
K03043,0.002704087692579581,0.0002253406410482984,4.0,0.0043520612509840234,kegg,False
K01652,0.003138609472863553,0.0002615507894052961,3.0,0.004351036613988216,kegg,False
K10563,0.0027030278554798157,0.00022525232128998464,4.0,0.004350355508974658,kegg,False
K00978,0.0031318463189608232,0.00026098719324673525,3.0,0.004341660891869476,kegg,False
K02994,0.0026967443342091183,0.00022472869451742653,4.0,0.004340242571618011,kegg,False
K16014,0.0031298875704566997,0.000260823964204725,3.0,0.004338945489863357,kegg,False
K11381,0.0031282595583263,0.00026068829652719166,3.0,0.004336688585827149,kegg,False
K02073,0.0031255101220911,0.000260459176840925,3.0,0.004332877057878033,kegg,False
K21498,0.003117247502226566,0.00025977062518554715,3.0,0.0043214226345517515,kegg,False
K19125,0.003116224852586399,0.00025968540438219993,3.0,0.004320004941122187,kegg,False
K01625,0.0031141891042856295,0.0002595157586904691,3.0,0.004317182794732171,kegg,False
K02248,0.0031092196492745025,0.0002591016374395419,3.0,0.004310293667272406,kegg,False
K17686,0.003092442598525144,0.0002577035498770953,3.0,0.004287035736422348,kegg,False
K16786,0.0026623166870002996,0.00022185972391669162,4.0,0.004284833410964232,kegg,False
K03724,0.0026596381234350844,0.00022163651028625703,4.0,0.00428052242921151,kegg,False
K06384,0.0030815833788492004,0.00025679861490410005,3.0,0.004271981661419426,kegg,False
K02992,0.0030802715616855074,0.00025668929680712564,3.0,0.004270163096682578,kegg,False
K06915,0.002646102140218314,0.0002205085116848595,4.0,0.004258737104640368,kegg,False
K19046,0.0030697038824767315,0.00025580865687306094,3.0,0.004255513182585328,kegg,False
K07318,0.0030687263743069,0.0002557271978589083,3.0,0.004254158068521542,kegg,False
K00381,0.003064668026041995,0.00025538900217016625,3.0,0.004248532003206444,kegg,False
K05988,0.003847224046022838,0.0003206020038352365,2.0,0.004226607614220134,kegg,False
K00010,0.0030448281516060015,0.0002537356793005001,3.0,0.004221028097150499,kegg,False
K01780,0.0038373431275784335,0.0003197785939648695,2.0,0.004215752315793784,kegg,False
K04013,0.0026169633116183725,0.0002180802759681977,4.0,0.004211839969167704,kegg,False
K09007,0.0026056529536334005,0.0002171377461361167,4.0,0.004193636650223488,kegg,False
K19883,0.0038122129768328066,0.0003176844147360672,2.0,0.004188144023368557,kegg,False
K16846,0.0030117366089037747,0.0002509780507419812,3.0,0.004175153478101644,kegg,False
K01679,0.00300901766915215,0.0002507514724293458,3.0,0.004171384227255742,kegg,False
K03799,0.0029990585430145936,0.00024992154525121615,3.0,0.004157577946849566,kegg,False
K06205,0.0025781635141709763,0.000214846959514248,4.0,0.0041493941041611,kegg,False
K02103,0.0025726125703702,0.00021438438086418334,4.0,0.00414046020475834,kegg,False
K07484,0.0029853845207244998,0.0002487820433937083,3.0,0.004138621726854981,kegg,False
K10682,0.0025708408319047925,0.00021423673599206604,4.0,0.004137608701701195,kegg,False
K11214,0.0029837075661343464,0.0002486422971778622,3.0,0.0041362969741627975,kegg,False
K12999,0.0029758128303078845,0.00024798440252565704,3.0,0.004125352546404042,kegg,False
K10716,0.003746520418410183,0.00031221003486751523,2.0,0.004115973371411415,kegg,False
K04749,0.0029644357843432913,0.00024703631536194095,3.0,0.004109580611737125,kegg,False
K11753,0.0025532650326692296,0.00021277208605576913,4.0,0.00410932154407015,kegg,False
K09009,0.002551749439524246,0.0002126457866270205,4.0,0.004106882291002788,kegg,False
K02453,0.0029598588970940003,0.0002466549080911667,3.0,0.0041032356987519515,kegg,False
K07031,0.002547073303894271,0.0002122561086578559,4.0,0.004099356341036222,kegg,False
K21556,0.0029521007942896293,0.00024600839952413576,3.0,0.004092480684581263,kegg,False
K15915,0.0029517446299465577,0.0002459787191622131,3.0,0.004091986935960831,kegg,False
K20626,0.002542462983625973,0.00021187191530216442,4.0,0.00409193631680796,kegg,False
K00030,0.0029497979618298997,0.0002458164968191583,3.0,0.004089288280927736,kegg,False
K09155,0.0025404341658314374,0.00021170284715261978,4.0,0.004088671060532014,kegg,False
K02230,0.0025390657088991513,0.00021158880907492928,4.0,0.004086468614063659,kegg,False
K21814,0.0029468543208873875,0.0002455711934072823,3.0,0.00408520752808797,kegg,False
K18237,0.002944829234101073,0.0002454024361750894,3.0,0.004082400161695324,kegg,False
K01995,0.00294212536263,0.0002451771135525,3.0,0.0040786517999217824,kegg,False
K09789,0.0025261913965778284,0.00021051594971481903,4.0,0.004065748207717205,kegg,False
K06217,0.00293135655092654,0.00024427971257721167,3.0,0.004063723056981314,kegg,False
K01304,0.002930437675593393,0.00024420313963278273,3.0,0.0040624492252884,kegg,False
K18139,0.002921097480863056,0.00024342479007192133,3.0,0.004049500966001972,kegg,False
K06929,0.0029192178369782176,0.00024326815308151813,3.0,0.004046895226283507,kegg,False
K18986,0.002911452944336705,0.0002426210786947254,3.0,0.004036130799399877,kegg,False
K12140,0.0029097356166746997,0.00024247796805622497,3.0,0.004033750077745844,kegg,False
K02411,0.002908399854188099,0.0002423666545156749,3.0,0.004031898317742874,kegg,False
K07032,0.003664222294017118,0.0003053518578347598,2.0,0.004025559640618856,kegg,False
K19956,0.0036620083232739575,0.0003051673602728298,2.0,0.004023127345153669,kegg,False
K02110,0.0036590739406306585,0.0003049228283858882,2.0,0.004019903596322086,kegg,False
K01449,0.0028951247930244116,0.00024126039941870097,3.0,0.004013495175308132,kegg,False
K07666,0.0024864466031204392,0.00020720388359336993,4.0,0.004001781430305019,kegg,False
K00625,0.003615707894416929,0.00030130899120141074,2.0,0.003972261125040734,kegg,False
K17734,0.0028632399816301943,0.0002386033318025162,3.0,0.003969293441066958,kegg,False
K10974,0.002862980803308362,0.00023858173360903016,3.0,0.003968934143620877,kegg,False
K03562,0.00285719441138067,0.0002380995342817225,3.0,0.003960912501120287,kegg,False
K11533,0.0028528779491721014,0.0002377398290976751,3.0,0.003954928613900562,kegg,False
K04567,0.002849975613950688,0.000237497967829224,3.0,0.003950905122949037,kegg,False
K01709,0.0028485481030269197,0.00023737900858557663,3.0,0.00394892617260498,kegg,False
K18348,0.0028476535322524703,0.0002373044610210392,3.0,0.003947686034184738,kegg,False
K16209,0.00284688155819845,0.00023724012984987084,3.0,0.003946615850906719,kegg,False
K00604,0.0035899023040025313,0.0002991585253335443,2.0,0.00394391078629514,kegg,False
K13929,0.0028390458515001383,0.0002365871542916782,3.0,0.00393575325489546,kegg,False
K20265,0.002834670845432646,0.00023622257045272048,3.0,0.00392968820865423,kegg,False
K05811,0.002833626152601093,0.00023613551271675775,3.0,0.003928239956872746,kegg,False
K14761,0.0028323900450058716,0.0002360325037504893,3.0,0.003926526347883753,kegg,False
K02435,0.0028265667362348036,0.00023554722801956697,3.0,0.003918453527771361,kegg,False
K03215,0.002430718719449334,0.0002025598932874445,4.0,0.0039120908615450254,kegg,False
K03719,0.0028186796037428,0.00023488996697856664,3.0,0.003907519640472291,kegg,False
K07071,0.002426524086167229,0.00020221034051393574,4.0,0.003905339859712048,kegg,False
K19169,0.002425246362420091,0.0002021038635350076,4.0,0.003903283442671787,kegg,False
K02440,0.0035515184124128877,0.00029595986770107396,2.0,0.0039017417713078538,kegg,False
K01654,0.0028137285115799695,0.00023447737596499747,3.0,0.0039006559693255745,kegg,False
K21467,0.0035395848530077965,0.0002949654044173164,2.0,0.0038886314162978695,kegg,False
K20037,0.002804676074662761,0.00023372300622189675,3.0,0.0038881066270728547,kegg,False
K00564,0.0028021547017408003,0.00023351289181173336,3.0,0.0038846112620088604,kegg,False
K09001,0.0028017760601318662,0.0002334813383443222,3.0,0.0038840863532815097,kegg,False
K03476,0.0027995504278926415,0.00023329586899105347,3.0,0.003881000971858346,kegg,False
K01665,0.002798659394260488,0.00023322161618837402,3.0,0.0038797657369585236,kegg,False
K01815,0.0035314044951048826,0.0002942837079254069,2.0,0.003879644374580025,kegg,False
K02956,0.005595574459701987,0.0004662978716418323,1.0,0.0038785566603556716,kegg,False
K00991,0.002793468106339452,0.000232789008861621,3.0,0.003872569083786641,kegg,False
K05515,0.005582715873860432,0.0004652263228217027,1.0,0.00386964376783361,kegg,False
K00640,0.002790824118610237,0.00023256867655085307,3.0,0.00386890373850676,kegg,False
K20885,0.0035181247292754582,0.00029317706077295485,2.0,0.0038650550606491845,kegg,False
K04019,0.0027861309021007066,0.0002321775751750589,3.0,0.0038623975589240833,kegg,False
K03642,0.0027857186726312,0.00023214322271926664,3.0,0.003861826087535019,kegg,False
K01644,0.002780607482523683,0.00023171729021030692,3.0,0.0038547404735103565,kegg,False
K02107,0.005544832475215,0.0004620693729345833,1.0,0.0038433849968725,kegg,False
K01613,0.002767403713208072,0.00023061697610067265,3.0,0.003836436162562597,kegg,False
K01429,0.0027672914029594166,0.00023060761691328472,3.0,0.00383628046749819,kegg,False
K02528,0.002764771011783782,0.00023039758431531515,3.0,0.0038327864634235915,kegg,False
K11004,0.0034853276888670804,0.0002904439740722567,2.0,0.003829023829024596,kegg,False
K01999,0.002759662813741895,0.0002299719011451579,3.0,0.00382570499728264,kegg,False
K19002,0.0027536632211405,0.00022947193509504165,3.0,0.003817387795890309,kegg,False
K06402,0.0027522965566741417,0.00022935804638951182,3.0,0.0038154931966470538,kegg,False
K18704,0.0027449028934628736,0.0002287419077885728,3.0,0.0038052434030292535,kegg,False
K07098,0.0023641665274156216,0.00019701387728463513,4.0,0.0038049792405303743,kegg,False
K02483,0.0034618320392358812,0.00028848600326965675,2.0,0.00380321121960952,kegg,False
K02396,0.0034587351598129937,0.00028822792998441614,2.0,0.0037998089498190125,kegg,False
K00851,0.003453385220882,0.0002877821017401667,2.0,0.003793931441165799,kegg,False
K05363,0.0027332535294979903,0.00022777112745816586,3.0,0.0037890939554541024,kegg,False
K09951,0.0027323219611522123,0.00022769349676268435,3.0,0.0037878025275093524,kegg,False
K01579,0.0023527811296141445,0.00019606509413451205,4.0,0.003786655149660533,kegg,False
K07133,0.002726825370182587,0.00022723544751521556,3.0,0.0037801826344427782,kegg,False
K13611,0.002725218501020771,0.0002271015417517309,3.0,0.0037779550407846954,kegg,False
K03772,0.0034351912505642002,0.0002862659375470167,2.0,0.0037739433217950013,kegg,False
K11784,0.0027210755478928083,0.00022675629565773402,3.0,0.003772211688225017,kegg,False
K02838,0.002720743174891396,0.00022672859790761634,3.0,0.0037717509214073705,kegg,False
K03090,0.002718878112498203,0.00022657317604151694,3.0,0.0037691653959285505,kegg,False
K20859,0.003429181669800263,0.0002857651391500219,2.0,0.003767341122517996,kegg,False
K01778,0.002715910996407365,0.0002263259163672804,3.0,0.0037650520996230334,kegg,False
K12997,0.0027154122769668322,0.0002262843564139027,3.0,0.003764360727674842,kegg,False
K13327,0.0034226940427274114,0.0002852245035606176,2.0,0.0037602137356914657,kegg,False
K02427,0.00341914162587334,0.00028492846882277834,2.0,0.003756311006881111,kegg,False
K07266,0.0023309298325581056,0.00019424415271317546,4.0,0.0037514868437426843,kegg,False
K02240,0.002703249831438488,0.00022527081928654067,3.0,0.0037474999980214706,kegg,False
K11782,0.0026955709281758717,0.00022463091068132264,3.0,0.0037368547777289203,kegg,False
K11102,0.002690371371792407,0.00022419761431603392,3.0,0.003729646662034199,kegg,False
K02488,0.0026903425374020075,0.0002241952114501673,3.0,0.0037296066890813813,kegg,False
K04096,0.00268754815074093,0.0002239623458950775,3.0,0.0037257328466103407,kegg,False
K01039,0.003387748096682785,0.00028231234139023206,2.0,0.0037218216899277063,kegg,False
K09979,0.0026801913360067,0.00022334927800055833,3.0,0.0037155341358284743,kegg,False
K07668,0.003379216680094541,0.0002816013900078784,2.0,0.003712448970824115,kegg,False
K05593,0.0033766727765282747,0.00028138939804402287,2.0,0.0037096542071050277,kegg,False
K23257,0.003375071182516429,0.0002812559318763691,2.0,0.003707894676242157,kegg,False
K06408,0.0026715038966425293,0.00022262532472021077,3.0,0.003703490787625353,kegg,False
K07074,0.0026713332141037067,0.00022261110117530888,3.0,0.003703254171384242,kegg,False
K16148,0.0026636793462856486,0.00022197327885713737,3.0,0.003692643657587311,kegg,False
K01933,0.002657228016611316,0.00022143566805094298,3.0,0.003683700215638058,kegg,False
K11928,0.002652899294345132,0.00022107494119542764,3.0,0.003677699332369593,kegg,False
K11070,0.0026514338484573637,0.00022095282070478032,3.0,0.0036756677929988537,kegg,False
K01803,0.0026488213728698994,0.00022073511440582496,3.0,0.0036720461328233886,kegg,False
K15599,0.0026480745406885497,0.00022067287839071248,3.0,0.003671010803581681,kegg,False
K03930,0.002647500154187096,0.00022062501284892465,3.0,0.003670214534813612,kegg,False
K02358,0.002647013316425428,0.00022058444303545233,3.0,0.0036695396343698317,kegg,False
K12410,0.0026464187149314337,0.00022053489291095282,3.0,0.0036687153416715937,kegg,False
K19273,0.0026461002988067747,0.00022050835823389788,3.0,0.003668273923193489,kegg,False
K01358,0.0026403857573846423,0.0002200321464487202,3.0,0.003660351886643601,kegg,False
K03564,0.00263810466152986,0.00021984205512748834,3.0,0.0036571896163229423,kegg,False
K00773,0.0026364649228318424,0.00021970541023598686,3.0,0.003654916455812171,kegg,False
K14731,0.0026344818046214,0.00021954015038511666,3.0,0.0036521672702196,kegg,False
K07243,0.002633171581018181,0.00021943096508484844,3.0,0.0036503509146266514,kegg,False
K10805,0.0026305953654296404,0.00021921628045247003,3.0,0.0036467795214832283,kegg,False
K07506,0.0026301435760310203,0.00021917863133591835,3.0,0.003646153208387508,kegg,False
K20814,0.0026300719997171193,0.00021917266664309328,3.0,0.0036460539825471567,kegg,False
K12058,0.0026264397599084985,0.00021886997999237488,3.0,0.0036410186289822307,kegg,False
K01938,0.002620780162555422,0.0002183983468796185,3.0,0.0036331727610854517,kegg,False
K10036,0.002611272703575005,0.00021760605863125042,3.0,0.0036199926243123213,kegg,False
K00720,0.00260814712297127,0.00021734559358093918,3.0,0.0036156596495461376,kegg,False
K17235,0.003289734207474326,0.00027414451728952717,2.0,0.0036141424267831387,kegg,False
K01730,0.0026048852084203443,0.00021707376736836202,3.0,0.003611137675797734,kegg,False
K03604,0.002600743004074525,0.00021672858367287708,3.0,0.0036053953612705187,kegg,False
K00633,0.0032808778108815383,0.0002734064842401282,2.0,0.003604412680652984,kegg,False
K23352,0.0032805414979435003,0.00027337845816195836,2.0,0.0036040432031264175,kegg,False
K02552,0.002599408227202566,0.0002166173522668805,3.0,0.0036035449676195684,kegg,False
K07004,0.003279446803205054,0.00027328723360042117,2.0,0.0036028405580344203,kegg,False
K07224,0.0025970234824404825,0.00021641862353670687,3.0,0.003600239009403182,kegg,False
K00558,0.0025962650337983994,0.00021635541948319994,3.0,0.003599187576327463,kegg,False
K03760,0.002595653310584168,0.00021630444254868068,3.0,0.003598339547885008,kegg,False
K19124,0.0025952538545641526,0.00021627115454701272,3.0,0.0035977857842569455,kegg,False
K01858,0.0025903266821155155,0.00021586055684295964,3.0,0.0035909552728751347,kegg,False
K09820,0.0025888795865388324,0.0002157399655449027,3.0,0.003588949172437177,kegg,False
K13525,0.0025858144127775965,0.00021548453439813303,3.0,0.003584699939336123,kegg,False
K01926,0.002581218114005181,0.00021510150950043174,3.0,0.003578328116265901,kegg,False
K19429,0.0025788135151758066,0.00021490112626465054,3.0,0.003574994634467984,kegg,False
K02437,0.0025744695783949324,0.00021453913153291103,3.0,0.003568972659403597,kegg,False
K22044,0.0032468735010900127,0.00027057279175750104,2.0,0.0035670551280483367,kegg,False
K01791,0.002569782650543539,0.00021414855421196156,3.0,0.003562475197752234,kegg,False
K00854,0.0025611142107712375,0.00021342618423093645,3.0,0.0035504581885761853,kegg,False
K03833,0.002556637541968458,0.0002130531284973715,3.0,0.003544252207858291,kegg,False
K06181,0.0025541017419976205,0.00021284181183313505,3.0,0.003540736842657791,kegg,False
K01952,0.0025465983098621704,0.00021221652582184753,3.0,0.0035303348769993707,kegg,False
K03060,0.0025313256036459454,0.00021094380030382877,3.0,0.003509162410492777,kegg,False
K01493,0.0025297772782921007,0.0002108147731910084,3.0,0.0035070159757855635,kegg,False
K00883,0.005054338733027816,0.00042119489441898463,1.0,0.0035034006423931563,kegg,False
K01678,0.0025233618004871887,0.00021028015004059906,3.0,0.003498122235080724,kegg,False
K01308,0.003181770839229668,0.00026514756993580566,2.0,0.003495532543703557,kegg,False
K03289,0.0031770678846986247,0.00026475565705821874,2.0,0.0034903658200627057,kegg,False
K01561,0.003176120741256045,0.00026467672843800375,2.0,0.0034893252766375563,kegg,False
K03652,0.0025160542936572775,0.00020967119113810646,3.0,0.003487991879568573,kegg,False
K01297,0.002512967284029231,0.00020941394033576927,3.0,0.0034837123755284897,kegg,False
K08309,0.0024980345877304608,0.0002081695489775384,3.0,0.003463011262853188,kegg,False
K12733,0.002496903014653758,0.0002080752512211465,3.0,0.0034614425694777604,kegg,False
K13252,0.00315058930092117,0.0002625491084100975,2.0,0.003461276122538266,kegg,False
K01953,0.002492401121889749,0.00020770009349081243,3.0,0.0034552016209246483,kegg,False
K10914,0.0024894136727882077,0.0002074511393990173,3.0,0.003451060137081049,kegg,False
K14260,0.0049726335804747505,0.0004143861317062292,1.0,0.003446766946263779,kegg,False
K18830,0.0031335879393720543,0.0002611323282810045,2.0,0.0034425982178163178,kegg,False
K08311,0.0024771578089337718,0.00020642981741114764,3.0,0.003434069902128991,kegg,False
K01305,0.0031210178941433,0.0002600848245119417,2.0,0.0034287886116588944,kegg,False
K08153,0.0024720545494836296,0.00020600454579030247,3.0,0.003426995282329927,kegg,False
K13818,0.0024716642186389543,0.00020597201821991287,3.0,0.0034264541688809828,kegg,False
K02416,0.0031131394827494997,0.000259428290229125,2.0,0.0034201332920864827,kegg,False
K13599,0.0031108329610224426,0.00025923608008520353,2.0,0.003417599318973058,kegg,False
K01451,0.0031091274608110843,0.00025909395506759034,2.0,0.0034157256354825334,kegg,False
K04077,0.0024608608611506834,0.0002050717384292236,3.0,0.00341147753531383,kegg,False
K13038,0.002457810403499125,0.00020481753362492708,3.0,0.00340724870307264,kegg,False
K01286,0.003099373175479401,0.00025828109795661674,2.0,0.003405009457749971,kegg,False
K16212,0.0030950655769024,0.00025792213140853336,2.0,0.0034002770770186286,kegg,False
K01921,0.0024493091553424514,0.0002041090962785376,3.0,0.0033954634706905625,kegg,False
K18011,0.002444124663695061,0.00020367705530792174,3.0,0.0033882762391545117,kegg,False
K01089,0.0024419502240301265,0.00020349585200251055,3.0,0.003385261825708418,kegg,False
K02970,0.0030758042620121907,0.0002563170218343492,2.0,0.0033791163597843388,kegg,False
K00772,0.003073378941515069,0.0002561149117929224,2.0,0.0033764518728822417,kegg,False
K06297,0.0030683105215793946,0.00025569254346494955,2.0,0.0033708836444567795,kegg,False
K04566,0.0024257607263830348,0.00020214672719858623,3.0,0.003362818416410891,kegg,False
K02118,0.002422093764319961,0.0002018411470266634,3.0,0.0033577349275804107,kegg,False
K01466,0.003043850962729385,0.0002536542468941154,2.0,0.0033440120725287585,kegg,False
K07979,0.002407892525095743,0.00020065771042464525,3.0,0.003338047829722963,kegg,False
K06908,0.002406191587496435,0.0002005159656247029,3.0,0.0033356898295204256,kegg,False
K12960,0.003034320723345605,0.0002528600602788004,2.0,0.003333542034427789,kegg,False
K02237,0.0024031693264362445,0.00020026411053635372,3.0,0.0033315000860548514,kegg,False
K00002,0.0024028824093676134,0.00020024020078063446,3.0,0.003331102334540499,kegg,False
K01839,0.0030308490413141374,0.00025257075344284477,2.0,0.00332972800188567,kegg,False
K16898,0.002401521732319233,0.00020012681102660274,3.0,0.003329216035621024,kegg,False
K01916,0.002398099341465695,0.00019984161178880793,3.0,0.003324471594479216,kegg,False
K19972,0.0023931250152916866,0.00019942708460764054,3.0,0.003317575714153817,kegg,False
K06206,0.0023896506971567456,0.00019913755809639546,3.0,0.0033127592865146117,kegg,False
K00954,0.0023868583630294454,0.00019890486358578713,3.0,0.003308888289459573,kegg,False
K00619,0.0023841347374395916,0.00019867789478663264,3.0,0.0033051125426625566,kegg,False
K02400,0.0023796932068215655,0.00019830776723513046,3.0,0.0032989552738120456,kegg,False
K04516,0.002376843800932397,0.0001980703167443664,3.0,0.0032950051584953494,kegg,False
K15584,0.0023746197829109753,0.00019788498190924795,3.0,0.0032919220148532238,kegg,False
K02217,0.002994071669614197,0.00024950597246784975,2.0,0.003289323929391201,kegg,False
K07112,0.0023671005752874345,0.00019725838127395288,3.0,0.003281498179724619,kegg,False
K20484,0.0023664719858063343,0.00019720599881719453,3.0,0.003280626769671511,kegg,False
K21573,0.0029800914901667933,0.00024834095751389944,2.0,0.003273965132452498,kegg,False
K00341,0.002358658141327985,0.0001965548451106654,3.0,0.0032697944811325074,kegg,False
K03932,0.0023574271109876445,0.00019645225924897036,3.0,0.0032680879107133257,kegg,False
K09931,0.0023531485417856634,0.00019609571181547196,3.0,0.003262156554354958,kegg,False
K15773,0.002346178170974788,0.00019551484758123234,3.0,0.0032524935686049274,kegg,False
K21903,0.002344987367786313,0.00019541561398219275,3.0,0.0032508427648595406,kegg,False
K06878,0.0029566978905374154,0.00024639149087811793,2.0,0.0032482646364234815,kegg,False
K10678,0.0029552390244906744,0.0002462699187075562,2.0,0.0032466619082570113,kegg,False
K19119,0.002947034281561265,0.0002455861901301054,2.0,0.0032376480768493993,kegg,False
K11646,0.002335213224791137,0.00019460110206592809,3.0,0.003237292925540549,kegg,False
K10824,0.00465723582053543,0.0003881029850446192,1.0,0.003228149878206917,kegg,False
K07719,0.0023275691492914974,0.00019396409577429144,3.0,0.0032266959867794237,kegg,False
K17246,0.002319116046832175,0.0001932596705693479,3.0,0.003214977498506096,kegg,False
K02968,0.002926223027485329,0.00024385191895711075,2.0,0.003214784577378982,kegg,False
K09949,0.0029213665185181628,0.00024344720987651356,2.0,0.003209449156947626,kegg,False
K02533,0.002308639409316297,0.00019238661744302475,3.0,0.0032004537949943375,kegg,False
K01235,0.002307452257640565,0.00019228768813671373,3.0,0.003198808053320476,kegg,False
K03297,0.0023026803271551516,0.0001918900272629293,3.0,0.0031921927529968913,kegg,False
K15524,0.0022935025644177593,0.00019112521370147993,3.0,0.0031794696722663484,kegg,False
K14540,0.0022871711197264394,0.0001905975933105366,3.0,0.003170692426193029,kegg,False
K01993,0.0028854336458896,0.0002404528038241333,2.0,0.003169972861510741,kegg,False
K02409,0.0022864839941173034,0.00019054033284310863,3.0,0.0031697398678357026,kegg,False
K01658,0.0028836768171584762,0.000240306401429873,2.0,0.003168042787877643,kegg,False
K14153,0.0028827885501922688,0.00024023237918268907,2.0,0.00316706692687295,kegg,False
K00928,0.002281681410248073,0.00019014011752067276,3.0,0.0031630820728989835,kegg,False
K22699,0.002877527310551859,0.00023979394254598825,2.0,0.003161286864350368,kegg,False
K22900,0.002279824170423985,0.00018998534753533207,3.0,0.003160507391803603,kegg,False
K03834,0.002874619586532559,0.0002395516322110466,2.0,0.00315809240301071,kegg,False
K01551,0.0028733401603318856,0.00023944501336099048,2.0,0.0031566868096642056,kegg,False
K11072,0.002273295954095689,0.0001894413295079741,3.0,0.0031514573623195154,kegg,False
K05342,0.002268063296695026,0.0001890052747245855,3.0,0.003144203358871304,kegg,False
K10939,0.002861969335065769,0.0002384974445888141,2.0,0.0031441946812945524,kegg,False
K02574,0.0022605911738086603,0.00018838259781738835,3.0,0.0031338447970483403,kegg,False
K00134,0.0028499262047856125,0.00023749385039880104,2.0,0.003130963950374741,kegg,False
K02473,0.0028466242664474998,0.000237218688870625,2.0,0.0031273364003400663,kegg,False
K12251,0.002840273395595758,0.00023668944963297983,2.0,0.0031203592555785987,kegg,False
K01058,0.0028382855870454655,0.00023652379892045547,2.0,0.003118175424677728,kegg,False
K11527,0.0022476530954291243,0.0001873044246190937,3.0,0.0031159088119470622,kegg,False
K06610,0.0028350689598348527,0.0002362557466529044,2.0,0.0031146415984960843,kegg,False
K17215,0.002832659788995234,0.0002360549824162695,2.0,0.0031119948538061784,kegg,False
K12511,0.0028302593700648042,0.00023585494750540036,2.0,0.0031093577240712566,kegg,False
K17899,0.0028294048224671263,0.00023578373520559385,2.0,0.0031084189075791958,kegg,False
K10778,0.00282430893998367,0.0002353590783319725,2.0,0.0031028205084612623,kegg,False
K02172,0.00282272533515923,0.00023522711126326918,2.0,0.0031010807407407383,kegg,False
K17331,0.002822482392414196,0.00023520686603451633,2.0,0.0031008138408556013,kegg,False
K03638,0.002820528720313559,0.0002350440600261299,2.0,0.0030986675126778132,kegg,False
K06334,0.002233661007171354,0.0001861384172642795,3.0,0.0030965116588950233,kegg,False
K02837,0.0028176339265439,0.0002348028272119917,2.0,0.003095487256669306,kegg,False
K01224,0.0028175541606342822,0.00023479618005285685,2.0,0.0030953996248607833,kegg,False
K13819,0.0028118527494312706,0.0002343210624526059,2.0,0.0030891359844504047,kegg,False
K00867,0.0044566750376888046,0.00037138958647406703,1.0,0.003089131737045883,kegg,False
K03191,0.0028085207890125165,0.00023404339908437638,2.0,0.0030854754517890054,kegg,False
K05916,0.0022188191029717435,0.00018490159191431195,3.0,0.003075936410794822,kegg,False
K04092,0.002797913387323547,0.00023315944894362892,2.0,0.0030738220299426646,kegg,False
K06952,0.0027920459510415046,0.0002326704959201254,2.0,0.003067375992340236,kegg,False
K02563,0.0027917709937558006,0.0002326475828129834,2.0,0.0030670739208873026,kegg,False
K21395,0.0027840710469938185,0.0002320059205828182,2.0,0.003058614664752499,kegg,False
K05794,0.002783709288073443,0.00023197577400612022,2.0,0.003058217231957039,kegg,False
K19091,0.0022021376030134064,0.00018351146691778387,3.0,0.0030528109414675575,kegg,False
K00041,0.0027730180330529206,0.0002310848360877434,2.0,0.0030464716878102083,kegg,False
K15023,0.0027727661856195114,0.00023106384880162596,2.0,0.0030461950051249957,kegg,False
K11927,0.002768846850754437,0.00023073723756286975,2.0,0.00304188917567882,kegg,False
K19159,0.002767224175578609,0.00023060201463155074,2.0,0.003040106484790138,kegg,False
K02109,0.0027602133960460793,0.00023001778300383994,2.0,0.0030324043562425583,kegg,False
K01699,0.002759899338439046,0.00022999161153658716,2.0,0.0030320593286961217,kegg,False
K14090,0.0027542288092669417,0.00022951906743891182,2.0,0.003025829615664397,kegg,False
K00697,0.0027507132340186687,0.00022922610283488906,2.0,0.003021967361494907,kegg,False
K03293,0.0021791974776617087,0.00018159978980514238,3.0,0.0030210091750491157,kegg,False
K03276,0.0027491360990518,0.00022909467492098333,2.0,0.0030202347016394164,kegg,False
K02663,0.0027452710049720593,0.00022877258374767162,2.0,0.0030159884617865554,kegg,False
K03704,0.0027414374753761688,0.00022845312294801406,2.0,0.003011776899063537,kegg,False
K01945,0.0027360549343083003,0.00022800457785902503,2.0,0.003005863573302116,kegg,False
K03412,0.0027359568735771003,0.00022799640613142502,2.0,0.0030057558425777837,kegg,False
K02014,0.0027334262055745216,0.00022778551713121013,2.0,0.0030029756196116118,kegg,False
K02224,0.002733406895439177,0.00022778390795326475,2.0,0.0030029544052596266,kegg,False
K02501,0.002732278226434767,0.00022768985220289725,2.0,0.0030017144356215427,kegg,False
K02077,0.0027294425473261743,0.00022745354561051452,2.0,0.0029985991237061233,kegg,False
K12661,0.002162619900780086,0.00018021832506500717,3.0,0.0029980277736970907,kegg,False
K12373,0.002727813314024509,0.00022731777616870908,2.0,0.0029968092279798065,kegg,False
K00437,0.0021599217178965885,0.00017999347649138238,3.0,0.0029942872979804276,kegg,False
K03578,0.0027235188011863996,0.00022695990009886664,2.0,0.0029920912234020166,kegg,False
K01866,0.0027180824349755475,0.00022650686958129563,2.0,0.002986118764677074,kegg,False
K19509,0.002149988118617661,0.00017916567655147176,3.0,0.002980516405314426,kegg,False
K02005,0.002149669776398205,0.00017913914803318375,3.0,0.0029800750892906877,kegg,False
K16238,0.002709702285431238,0.0002258085237859365,2.0,0.0029769122294068195,kegg,False
K02041,0.002147089550284635,0.00017892412919038626,3.0,0.0029764981363790315,kegg,False
K11618,0.0027072172802211423,0.00022560144001842854,2.0,0.002974182172145604,kegg,False
K13694,0.002142763218054734,0.00017856360150456118,3.0,0.0029705005664043887,kegg,False
K09922,0.0026992398853458,0.00022493665711215,2.0,0.002965418108103995,kegg,False
K06606,0.00269686054713568,0.00022473837892797332,2.0,0.002962804137907459,kegg,False
K17074,0.0021364853214055103,0.00017804044345045918,3.0,0.0029617975536798758,kegg,False
K21132,0.0026945584148238,0.00022454653456865,2.0,0.002960274987059488,kegg,False
K12297,0.0021332233801355724,0.0001777686150112977,3.0,0.002957275542891057,kegg,False
K01201,0.002689920104038426,0.00022416000866986883,2.0,0.002955179281832015,kegg,False
K13735,0.0026879822325611286,0.00022399851938009405,2.0,0.002953050312413196,kegg,False
K00053,0.0026871742683097248,0.0002239311890258104,2.0,0.0029521626729577997,kegg,False
K19309,0.002686365035138719,0.0002238637529282266,2.0,0.002951273639451735,kegg,False
K01181,0.0026853222530274414,0.00022377685441895344,2.0,0.0029501280262098817,kegg,False
K23398,0.0026847820675178465,0.00022373183895982055,2.0,0.0029495345717708804,kegg,False
K19299,0.002679132104358311,0.0002232610086965259,2.0,0.0029433274528132924,kegg,False
K07006,0.0026769870085464834,0.00022308225071220695,2.0,0.0029409708241940483,kegg,False
K06941,0.0026767925094072723,0.00022306604245060603,2.0,0.0029407571450495757,kegg,False
K03972,0.0026739258217416853,0.00022282715181180712,2.0,0.002937607766752388,kegg,False
K03582,0.002114798685217869,0.00017623322376815576,3.0,0.0029317334922212904,kegg,False
K02926,0.0026652475149443323,0.00022210395957869436,2.0,0.0029280736722599844,kegg,False
K05825,0.002663513632058139,0.00022195946933817825,2.0,0.0029261688072141014,kegg,False
K01914,0.002659967764911677,0.00022166398040930643,2.0,0.0029222732739930136,kegg,False
K02346,0.0026559287369869004,0.00022132739474890837,2.0,0.0029178359482805805,kegg,False
K03272,0.002654247951806247,0.00022118732931718723,2.0,0.002915989417026503,kegg,False
K07115,0.00264338887034642,0.00022028240586220165,2.0,0.002904059496691089,kegg,False
K03517,0.0026424745902633496,0.00022020621585527912,2.0,0.0029030550573565434,kegg,False
K19955,0.0026421814282102276,0.00022018178568418564,2.0,0.0029027329859224126,kegg,False
K00853,0.002093758370108129,0.0001744798641756774,3.0,0.002902565422028472,kegg,False
K01011,0.00208964705246916,0.00017413725437243,3.0,0.0028968659255687967,kegg,False
K07457,0.0020878496046942254,0.00017398746705785212,3.0,0.0028943741338539972,kegg,False
K03444,0.0026269508130689107,0.00021891256775574255,2.0,0.002886000444964187,kegg,False
K02916,0.00262581088112053,0.00021881757342671082,2.0,0.0028847481017174508,kegg,False
K02520,0.0026237060373407502,0.00021864216977839586,2.0,0.002882435694475258,kegg,False
K02824,0.0026224091315927758,0.00021853409429939798,2.0,0.0028810108978832892,kegg,False
K20904,0.0026203286338911495,0.00021836071949092912,2.0,0.0028787252375417367,kegg,False
K18008,0.002076560098600433,0.0001730466748833694,3.0,0.002878723555216344,kegg,False
K03497,0.0026196890576541754,0.00021830742147118127,2.0,0.002878022591228257,kegg,False
K00817,0.0026187264825746756,0.00021822720688122296,2.0,0.0028769650944171525,kegg,False
K14205,0.002613773983392597,0.00021781449861604977,2.0,0.0028715242179561027,kegg,False
K01834,0.0020684553947209337,0.00017237128289341114,3.0,0.0028674880499296477,kegg,False
K02413,0.0026098622374983696,0.0002174885197915308,2.0,0.002867226725846557,kegg,False
K14091,0.002606117951752065,0.00021717649597933876,2.0,0.002863113207513382,kegg,False
K02598,0.0026010229173527386,0.00021675190977939488,2.0,0.0028575157401110954,kegg,False
K03612,0.0020611327857160476,0.0001717610654763373,3.0,0.0028573367583574886,kegg,False
K12942,0.0020589365543831326,0.00017157804619859438,3.0,0.0028542921352449537,kegg,False
K10012,0.0025977332031682523,0.00021647776693068768,2.0,0.0028539016196818126,kegg,False
K02203,0.002596875531458302,0.00021640629428819184,2.0,0.0028529593710016187,kegg,False
K12527,0.002593228607855004,0.000216102383987917,2.0,0.002848952815915202,kegg,False
K05772,0.0020545964993870847,0.00017121637494892374,3.0,0.002848275541476982,kegg,False
K16959,0.0025865139510492735,0.00021554282925410613,2.0,0.002841576011434237,kegg,False
K01194,0.002583674139456243,0.00021530617828802027,2.0,0.002838456159520632,kegg,False
K10985,0.0025821009253110864,0.0002151750771092572,2.0,0.002836727807128056,kegg,False
K17245,0.002579543554788527,0.0002149619628990439,2.0,0.0028339182484452947,kegg,False
K16153,0.002576941135780472,0.00021474509464837268,2.0,0.002831059198942782,kegg,False
K00571,0.002576357832528651,0.00021469648604405427,2.0,0.0028304183748223116,kegg,False
K03106,0.0025743744553756256,0.00021453120461463547,2.0,0.002828239412308934,kegg,False
K02117,0.0025714707780696367,0.00021428923150580305,2.0,0.0028250493967382478,kegg,False
K06001,0.0025698515233309035,0.00021415429361090863,2.0,0.0028232704635837917,kegg,False
K01677,0.002565295719564836,0.00021377464329706968,2.0,0.0028182654015816294,kegg,False
K01746,0.002563988647820874,0.0002136657206517395,2.0,0.002816829436501542,kegg,False
K02666,0.0025628159519822105,0.00021356799599851753,2.0,0.0028155410984423163,kegg,False
K03818,0.0025595534818227215,0.0002132961234852268,2.0,0.0028119569086336887,kegg,False
K02687,0.0025534617712353407,0.0002127884809362784,2.0,0.0028052644805233824,kegg,False
K02115,0.002551285684060396,0.00021260714033836633,2.0,0.002802873804411775,kegg,False
K21993,0.0025508726415301316,0.00021257272012751096,2.0,0.002802420030812284,kegg,False
K01759,0.0025481595811079347,0.00021234663175899457,2.0,0.0027994394292925593,kegg,False
K00989,0.004030809539664503,0.0003359007949720419,1.0,0.002793944267792581,kegg,False
K01612,0.0025271966216533406,0.00021059971847111171,2.0,0.002776409264428891,kegg,False
K07139,0.0025173068250180946,0.00020977556875150788,2.0,0.0027655442123129814,kegg,False
K03147,0.0025153860267082,0.00020961550222568334,2.0,0.002763433999685678,kegg,False
K11934,0.002508810621713732,0.00020906755180947765,2.0,0.0027562101789557858,kegg,False
K01868,0.0025084178099460002,0.0002090348174955,2.0,0.0027557786311206223,kegg,False
K01643,0.0025057176371501002,0.00020880980309584169,2.0,0.0027528121881055193,kegg,False
K17363,0.002505618492426221,0.00020880154103551844,2.0,0.002752703266493509,kegg,False
K18817,0.003970683215012264,0.00033089026791768866,1.0,0.0027522678753824498,kegg,False
K01841,0.002503192981738412,0.00020859941514486766,2.0,0.002750038570645586,kegg,False
K19048,0.002502354301106924,0.0002085295250922437,2.0,0.002749117185797566,kegg,False
K11785,0.002498659863481995,0.00020822165529016626,2.0,0.0027450584312231005,kegg,False
K15371,0.0019756775615788,0.00016463979679823333,3.0,0.0027388706630077854,kegg,False
K09973,0.0024894282418779085,0.00020745235348982571,2.0,0.002734916458284517,kegg,False
K02246,0.0024885448083981176,0.00020737873403317648,2.0,0.002733945907407398,kegg,False
K18675,0.0024792074311304497,0.0002066006192608708,2.0,0.002723687749997208,kegg,False
K19508,0.0024772206538087667,0.0002064350544840639,2.0,0.0027215050520167598,kegg,False
K15778,0.002477100923344704,0.000206425076945392,2.0,0.0027213735146576126,kegg,False
K17242,0.0024742326309466277,0.00020618605257888563,2.0,0.0027182223733815927,kegg,False
K00281,0.002466792977588812,0.00020556608146573435,2.0,0.0027100490787792656,kegg,False
K22441,0.002466320639949042,0.00020552671999575348,2.0,0.0027095301628438134,kegg,False
K02614,0.0024633794281181355,0.00020528161900984463,2.0,0.0027062989113828036,kegg,False
K13787,0.0024588493780564624,0.00020490411483803852,2.0,0.002701322142716768,kegg,False
K02099,0.0024570269446709003,0.0002047522453892417,2.0,0.0026993199950041103,kegg,False
K06877,0.0024564734922914453,0.00020470612435762045,2.0,0.0026987119654188485,kegg,False
K01590,0.002453776963096288,0.00020448141359135733,2.0,0.0026957495253082963,kegg,False
K06920,0.0024488977217756213,0.00020407481014796843,2.0,0.0026903891308340346,kegg,False
K03628,0.0024488558257441057,0.0002040713188120088,2.0,0.0026903431033389654,kegg,False
K07037,0.0019374698744164575,0.00016145582286803813,3.0,0.0026859035617431974,kegg,False
K16924,0.0024432568723549795,0.00020360473936291497,2.0,0.0026841920243419913,kegg,False
K05822,0.002441683953104218,0.00020347366275868484,2.0,0.002682463995924022,kegg,False
K01728,0.0024377137473559833,0.00020314281227966528,2.0,0.0026781022791004705,kegg,False
K01711,0.0024371394397469893,0.00020309495331224912,2.0,0.002677471337703754,kegg,False
K20491,0.002437044211702843,0.00020308701764190358,2.0,0.002677366719004229,kegg,False
K13640,0.0024331695704866417,0.0002027641308738868,2.0,0.0026731099905499306,kegg,False
K00077,0.0024324898594723274,0.00020270748828936063,2.0,0.0026723632516768617,kegg,False
K06872,0.00243194153573167,0.00020266179464430582,2.0,0.002671760856477207,kegg,False
K04844,0.002427067582704773,0.00020225563189206442,2.0,0.002666406271787467,kegg,False
K02049,0.0024262042854245047,0.00020218369045204207,2.0,0.0026654578427865905,kegg,False
K21936,0.0024225310729436727,0.00020187758941197273,2.0,0.0026614224064162592,kegg,False
K08297,0.0024177719595748666,0.00020148099663123888,2.0,0.002656193985986124,kegg,False
K07705,0.002415180878858946,0.0002012650732382455,2.0,0.002653347392870683,kegg,False
K07393,0.0019135990084339259,0.00015946658403616048,3.0,0.0026528115148365655,kegg,False
K11617,0.002411821800528855,0.00020098515004407126,2.0,0.0026496570681386463,kegg,False
K00603,0.0019034088852389732,0.00015861740710324776,3.0,0.0026386850045122855,kegg,False
K16961,0.002401185024274218,0.00020009875202285152,2.0,0.002637971375033489,kegg,False
K01844,0.002399190549078378,0.00019993254575653152,2.0,0.002635780220073895,kegg,False
K01448,0.0023984559170367116,0.00019987132641972598,2.0,0.0026349731442852713,kegg,False
K02032,0.0023963929111042712,0.00019969940925868926,2.0,0.002632706700616297,kegg,False
K07357,0.0023907053990461866,0.00019922544992051556,2.0,0.002626458329977337,kegg,False
K14194,0.002388888946770767,0.0001990740788975639,2.0,0.002624462753185782,kegg,False
K07239,0.0023845900174634723,0.0001987158347886227,2.0,0.0026197398966206725,kegg,False
K21749,0.0023807153767989087,0.00019839294806657572,2.0,0.00261548316877241,kegg,False
K00230,0.002380624772077664,0.00019838539767313867,2.0,0.0026153836293122392,kegg,False
K05567,0.0023787773328734336,0.00019823144440611945,2.0,0.0026133540098999043,kegg,False
K01674,0.0023775299096889945,0.00019812749247408287,2.0,0.00261198357546031,kegg,False
K17241,0.002377033111368352,0.0001980860926140293,2.0,0.002611437786720262,kegg,False
K15770,0.0023765325123796355,0.00019804437603163628,2.0,0.002610887822519564,kegg,False
K10823,0.0023742887676263817,0.00019785739730219848,2.0,0.0026084228169610045,kegg,False
K00194,0.0023740157637230997,0.00019783464697692497,2.0,0.0026081228915180044,kegg,False
K23259,0.002369264283475559,0.0001974386902896299,2.0,0.0026029028569286923,kegg,False
K01273,0.0023688099379493483,0.00019740082816244569,2.0,0.002602403707350296,kegg,False
K01428,0.002360966376321396,0.00019674719802678298,2.0,0.0025937866741589017,kegg,False
K01580,0.0023599299001281267,0.00019666082501067724,2.0,0.0025926479886760646,kegg,False
K08281,0.0023595365751471957,0.00019662804792893297,2.0,0.0025922158770185734,kegg,False
K07221,0.002356297655980377,0.00019635813799836476,2.0,0.002588657560619904,kegg,False
K19954,0.002354890702952394,0.0001962408919126995,2.0,0.002587111864733783,kegg,False
K22373,0.0023488462994732443,0.00019573719162277036,2.0,0.0025804714087939206,kegg,False
K10547,0.002344309232994166,0.00019535910274951385,2.0,0.0025754869318055013,kegg,False
K01599,0.0023405100795656107,0.00019504250663046757,2.0,0.002571313135162355,kegg,False
K00973,0.002337800786916326,0.00019481673224302717,2.0,0.0025683366729642525,kegg,False
K18918,0.0023360519701532793,0.0001946709975127733,2.0,0.0025664154013777408,kegg,False
K06333,0.002335758843796773,0.00019464657031639777,2.0,0.0025660933691603505,kegg,False
K03534,0.0023314540621823727,0.00019428783851519772,2.0,0.0025613640831787373,kegg,False
K19271,0.0023256197758326344,0.00019380164798605287,2.0,0.0025549544644993065,kegg,False
K01880,0.0023250435544660743,0.00019375362953883953,2.0,0.0025543214206250105,kegg,False
K06221,0.002324613851598907,0.00019371782096657558,2.0,0.0025538493437746645,kegg,False
K05873,0.002310852400105244,0.00019257103334210368,2.0,0.0025387308440538163,kegg,False
K00158,0.0023107382932159356,0.0001925615244346613,2.0,0.002538605484823,kegg,False
K04750,0.0023096847576758372,0.00019247372980631976,2.0,0.0025374480577320994,kegg,False
K00784,0.002305259440723525,0.00019210495339362708,2.0,0.002532586350147038,kegg,False
K08999,0.0023049645805925415,0.00019208038171604513,2.0,0.002532262413183701,kegg,False
K01996,0.002299137870332412,0.00019159482252770102,2.0,0.0025258611176894145,kegg,False
K00239,0.002296805628753658,0.00019140046906280484,2.0,0.0025232988884308525,kegg,False
K03429,0.0022908733672285697,0.00019090611393571415,2.0,0.0025167816330197977,kegg,False
K01077,0.002288443334860557,0.00019070361123837976,2.0,0.0025141119695984374,kegg,False
K02815,0.002288178299371837,0.00019068152494765308,2.0,0.0025138207983535963,kegg,False
K09692,0.002287794822522461,0.0001906495685435384,2.0,0.0025133995059744524,kegg,False
K02068,0.0022821579316985078,0.0001901798276415423,2.0,0.002507206748445377,kegg,False
K03473,0.002281309909641928,0.00019010915913682735,2.0,0.002506275100992957,kegg,False
K03558,0.002279801581807414,0.00018998346515061783,2.0,0.0025046180334986194,kegg,False
K02028,0.0022791526067321524,0.00018992938389434603,2.0,0.002503905061505898,kegg,False
K03552,0.0022787179094240174,0.00018989315911866812,2.0,0.0025034274977013297,kegg,False
K11068,0.002276030472347883,0.00018966920602899026,2.0,0.002500475046304466,kegg,False
K01534,0.0022758647221621004,0.00018965539351350837,2.0,0.0025002929511135164,kegg,False
K00970,0.0022740548647689172,0.00018950457206407643,2.0,0.0024983046195406287,kegg,False
K01733,0.0022731978035321013,0.00018943315029434178,2.0,0.0024973630415337216,kegg,False
K20450,0.0022731480243693577,0.0001894290020307798,2.0,0.0024973083535338118,kegg,False
K23003,0.002265134251877874,0.0001887611876564895,2.0,0.0024885043245960773,kegg,False
K12528,0.0022644862192448007,0.00018870718493706673,2.0,0.002487792387981925,kegg,False
K13587,0.0022642817695890365,0.00018869014746575305,2.0,0.0024875677770776886,kegg,False
K12541,0.002262441691430273,0.0001885368076191894,2.0,0.002485546244600361,kegg,False
K00647,0.0022590727663542786,0.00018825606386285655,2.0,0.0024818451021122716,kegg,False
K09809,0.0022569041854113648,0.0001880753487842804,2.0,0.002479462672439415,kegg,False
K01142,0.0022558489734631655,0.00018798741445526378,2.0,0.0024783034036259736,kegg,False
K03977,0.0022548174029395135,0.00018790145024495945,2.0,0.002477170107572062,kegg,False
K02874,0.0022513490007467743,0.00018761241672889787,2.0,0.002473359678301075,kegg,False
K03414,0.003565057556251121,0.00029708812968759344,1.0,0.002471109593649393,kegg,False
K12296,0.0022471792661284315,0.00018726493884403596,2.0,0.002468778756608879,kegg,False
K12138,0.002246461564119473,0.0001872051303432894,2.0,0.0024679902803622354,kegg,False
K07571,0.0022449273084083434,0.00018707727570069528,2.0,0.002466304728184029,kegg,False
K01265,0.0022446171538731026,0.0001870514294894252,2.0,0.0024659639886002276,kegg,False
K02038,0.0035574364673381684,0.00029645303894484736,1.0,0.0024658270573565833,kegg,False
K18345,0.002243174652069345,0.00018693122100577874,2.0,0.002464379238392193,kegg,False
K10037,0.002242836854068948,0.00018690307117241235,2.0,0.00246400812935787,kegg,False
K10710,0.002242565086435579,0.0001868804238696316,2.0,0.0024637095620961883,kegg,False
K02601,0.002240250050417482,0.00018668750420145681,2.0,0.0024611662350779977,kegg,False
K06990,0.002239904768573697,0.00018665873071447474,2.0,0.0024607869042013613,kegg,False
K02050,0.00223928300095242,0.00018660691674603498,2.0,0.0024601038226519305,kegg,False
K13280,0.002228700654399936,0.000185725054533328,2.0,0.002448477926686427,kegg,False
K02390,0.002226777780080196,0.00018556481500668298,2.0,0.002446365433329196,kegg,False
K09964,0.0022254058752036133,0.00018545048960030112,2.0,0.002444858241772899,kegg,False
K11051,0.00222516634782424,0.00018543052898535334,2.0,0.002444595094050447,kegg,False
K23270,0.0022251295022729985,0.00018542745852274988,2.0,0.0024445546150750706,kegg,False
K01937,0.0022211134304693046,0.00018509278587244206,2.0,0.0024401425092393588,kegg,False
K15876,0.0022188782570696985,0.00018490652142247487,2.0,0.0024376869202752476,kegg,False
K11206,0.0022121527217309634,0.00018434606014424695,2.0,0.0024302981645042414,kegg,False
K02000,0.0022113110305545295,0.00018427591921287747,2.0,0.0024293734722345478,kegg,False
K06223,0.002211041237217516,0.000184253436434793,2.0,0.0024290770739591036,kegg,False
K09791,0.002209847319305782,0.00018415394327548184,2.0,0.0024277654210696116,kegg,False
K00324,0.0022086631815202507,0.00018405526512668756,2.0,0.002426464512746951,kegg,False
K18197,0.002206669117393537,0.00018388909311612808,2.0,0.002424273809392951,kegg,False
K20509,0.0022019095355305094,0.00018349246129420913,2.0,0.002419044874269307,kegg,False
K13990,0.0022002563500811085,0.00018335469584009238,2.0,0.0024172286644191477,kegg,False
K01232,0.002195732133893617,0.00018297767782446807,2.0,0.0024122583049189785,kegg,False
K01657,0.002193494213175715,0.0001827911844313096,2.0,0.0024097996977172267,kegg,False
K02946,0.0021898598133904667,0.00018248831778253888,2.0,0.00240580690145122,kegg,False
K01465,0.003464667150404269,0.0002887222625336891,1.0,0.002401524266881379,kegg,False
K03544,0.0021854066805371496,0.0001821172233780958,2.0,0.002400914634975494,kegg,False
K07727,0.0021830325199383455,0.0001819193766615288,2.0,0.0023983063529663764,kegg,False
K01755,0.002182260108773979,0.00018185500906449826,2.0,0.002397457772569299,kegg,False
K00616,0.00217837977547089,0.0001815316479559075,2.0,0.002393194790718397,kegg,False
K06395,0.0021771576248586773,0.00018142980207155643,2.0,0.002391852121037217,kegg,False
K07304,0.0021755667084779754,0.00018129722570649795,2.0,0.0023901043207511345,kegg,False
K01474,0.0017236352595212778,0.00014363627162677315,3.0,0.0023894658409017665,kegg,False
K17624,0.0021735201708548368,0.00018112668090456972,2.0,0.0023878559693691326,kegg,False
K08314,0.0021722149420430434,0.0001810179118369203,2.0,0.0023864220289569727,kegg,False
K01698,0.0021705018056764783,0.00018087515047303986,2.0,0.0023845399562925002,kegg,False
K01661,0.0021704822249411617,0.0001808735187450968,2.0,0.00238451844465606,kegg,False
K19090,0.002168326299193908,0.000180693858266159,2.0,0.0023821499181366714,kegg,False
K01915,0.002168050354451805,0.00018067086287098375,2.0,0.0023818467618520038,kegg,False
K17195,0.002162832511941666,0.0001802360426618055,2.0,0.00237611437595003,kegg,False
K13497,0.002160864936115983,0.00018007207800966525,2.0,0.0023739527729690485,kegg,False
K01885,0.0021533697522037897,0.00017944747935031582,2.0,0.0023657184718172855,kegg,False
K12503,0.0021528403552869024,0.0001794033629405752,2.0,0.00236513686985881,kegg,False
K06891,0.0021523797663119872,0.00017936498052599894,2.0,0.002364630861150943,kegg,False
K14445,0.0021493905638943203,0.0001791158803245267,2.0,0.0023613468866415777,kegg,False
K15527,0.002147353412424764,0.00017894611770206365,2.0,0.002359108847003245,kegg,False
K03926,0.0021444099380715947,0.00017870082817263288,2.0,0.0023558751099074736,kegg,False
K02026,0.0021411438497491784,0.00017842865414576488,2.0,0.002352286945140592,kegg,False
K00164,0.0021393674782175446,0.0001782806231847954,2.0,0.002350335401546699,kegg,False
K02477,0.002139233520344515,0.00017826946002870957,2.0,0.0023501882337812244,kegg,False
K12111,0.002138797924619664,0.00017823316038497199,2.0,0.0023497096829650115,kegg,False
K01042,0.0021371647383123917,0.00017809706152603264,2.0,0.002347915444418158,kegg,False
K02550,0.002136443822864535,0.00017803698523871127,2.0,0.002347123437848052,kegg,False
K17723,0.002136249696415039,0.0001780208080345866,2.0,0.0023469101681450806,kegg,False
K10441,0.0021359834199598596,0.0001779986183299883,2.0,0.0023466176335592373,kegg,False
K05801,0.002134856203177198,0.0001779046835980998,2.0,0.002345379259349812,kegg,False
K01813,0.002133021366439066,0.0001777517805365888,2.0,0.0023433634851616003,kegg,False
K02015,0.0021329415834569487,0.00017774513195474573,2.0,0.00234327583459702,kegg,False
K02168,0.0021301578350114373,0.00017751315291761978,2.0,0.0023402175743462207,kegg,False
K02745,0.002129955125910757,0.00017749626049256306,2.0,0.002339994875637188,kegg,False
K00102,0.00212906796199231,0.00017742233016602584,2.0,0.0023390202264543195,kegg,False
K09117,0.0021269904902728853,0.00017724920752274043,2.0,0.002336737890493999,kegg,False
K03732,0.0021266678947892896,0.00017722232456577412,2.0,0.002336383483131452,kegg,False
K01548,0.0021247879878973346,0.00017706566565811122,2.0,0.0023343181943183983,kegg,False
K21572,0.0021226198914649948,0.00017688499095541623,2.0,0.0023319362969348124,kegg,False
K22902,0.0021223944352407823,0.00017686620293673187,2.0,0.0023316886079563356,kegg,False
K07165,0.0021206151585874944,0.0001767179298822912,2.0,0.0023297338727600934,kegg,False
K22606,0.0021180167480108264,0.00017650139566756885,2.0,0.0023268792269695608,kegg,False
K03666,0.0021178138936504332,0.0001764844911375361,2.0,0.002326656368676423,kegg,False
K00759,0.002115848504802129,0.00017632070873351075,2.0,0.0023244971683356644,kegg,False
K01499,0.0021092979932071255,0.00017577483276726047,2.0,0.0023173006958003305,kegg,False
K19422,0.0021056836624930002,0.00017547363854108336,2.0,0.002313329947662482,kegg,False
K02884,0.0033365937160742295,0.00027804947633951915,1.0,0.002312750526970883,kegg,False
K13643,0.0016655140047274746,0.00013879283372728954,3.0,0.0023088926731199048,kegg,False
K16957,0.0020997128337101236,0.00017497606947584364,2.0,0.0023067703217880806,kegg,False
K00858,0.002092531541194803,0.00017437762843290023,2.0,0.002298880865582229,kegg,False
K06942,0.0020920719814482938,0.00017433933178735781,2.0,0.002298375987597337,kegg,False
K02761,0.0020913947837472436,0.00017428289864560365,2.0,0.0022976320098811055,kegg,False
K03226,0.002086020988630215,0.00017383508238585127,2.0,0.002291728292528753,kegg,False
K21557,0.0020853291724941174,0.00017377743104117645,2.0,0.002290968254820137,kegg,False
K05306,0.002082563856011676,0.000173546988000973,2.0,0.0022879302441504708,kegg,False
K23245,0.0020822295511177345,0.0001735191292598112,2.0,0.0022875629726858246,kegg,False
K07739,0.0020776377850121497,0.0001731364820843458,2.0,0.0022825184020155397,kegg,False
K01104,0.00207425797304881,0.0001728548310874008,2.0,0.002278805299059227,kegg,False
K13571,0.002072969934132341,0.0001727474945110284,2.0,0.0022773902436773116,kegg,False
K16922,0.0020725457036191984,0.00017271214196826654,2.0,0.002276924178822345,kegg,False
K07483,0.0020724361902475807,0.00017270301585396505,2.0,0.0022768038660865124,kegg,False
K02291,0.0020709345094501227,0.00017257787578751023,2.0,0.002275154101108768,kegg,False
K01734,0.002070835073764679,0.0001725695894803899,2.0,0.002275044859842807,kegg,False
K03572,0.002069992112736417,0.00017249934272803476,2.0,0.0022741187724982905,kegg,False
K12940,0.002066145958043817,0.00017217882983698476,2.0,0.002269893339688882,kegg,False
K00657,0.002065535365615437,0.00017212794713461976,2.0,0.0022692225353436956,kegg,False
K16087,0.0020650069047595163,0.0001720839087299597,2.0,0.002268641961753301,kegg,False
K02042,0.00206415773706784,0.00017201314475565334,2.0,0.0022677090556920856,kegg,False
K03390,0.0020636478369129322,0.0001719706530760777,2.0,0.0022671488731159104,kegg,False
K06193,0.002061631123582394,0.00017180259363186616,2.0,0.00226493328706826,kegg,False
K01845,0.0020614569424669956,0.0001717880785389163,2.0,0.0022647419295544293,kegg,False
K02195,0.002057472622029573,0.00017145605183579776,2.0,0.0022603647061598857,kegg,False
K06446,0.002056917556981774,0.00017140979641514786,2.0,0.0022597549048773637,kegg,False
K02841,0.0020556463861502922,0.00017130386551252434,2.0,0.002258358380980901,kegg,False
K07729,0.0020535299777542228,0.00017112749814618522,2.0,0.002256033268709139,kegg,False
K02444,0.002049732366735342,0.0001708110305612785,2.0,0.002251861166576215,kegg,False
K02986,0.002047644575651639,0.00017063704797096993,2.0,0.002249567493635487,kegg,False
K18828,0.002040833944949657,0.0001700694954124714,2.0,0.0022420852510527094,kegg,False
K10213,0.002039243964207983,0.00016993699701733193,2.0,0.0022403384786711606,kegg,False
K16203,0.00203804556474771,0.0001698371303956425,2.0,0.0022390219022973717,kegg,False
K11749,0.002037533138077021,0.0001697944281730851,2.0,0.0022384589440599114,kegg,False
K00800,0.002036803643801429,0.00016973363698345243,2.0,0.002237657512684233,kegg,False
K19170,0.002034314505543575,0.00016952620879529792,2.0,0.0022349229148059604,kegg,False
K12267,0.0020332040975555524,0.00016943367479629605,2.0,0.002233703006944884,kegg,False
K01710,0.002031276087229794,0.0001692730072691495,2.0,0.0022315848711083265,kegg,False
K03813,0.0020294612231442264,0.0001691217685953522,2.0,0.0022295910391216594,kegg,False
K20862,0.002028968176722342,0.0001690806813935285,2.0,0.0022290493722636937,kegg,False
K23182,0.0020263870978811166,0.00016886559149009305,2.0,0.002226213767330702,kegg,False
K00344,0.002025480723988915,0.00016879006033240958,2.0,0.002225218013834601,kegg,False
K02056,0.002024535090606012,0.000168711257550501,2.0,0.0022241791293795693,kegg,False
K01284,0.0020241958667881173,0.00016868298889900977,2.0,0.0022238064539246215,kegg,False
K01222,0.0032070270872388805,0.0002672522572699067,1.0,0.0022229417834990035,kegg,False
K02573,0.0020228065867206107,0.0001685672155600509,2.0,0.002222280173770057,kegg,False
K07130,0.0020055395828415244,0.00016712829857012704,2.0,0.002203310431120013,kegg,False
K03313,0.002004240681281162,0.00016702005677343018,2.0,0.0022018834419040285,kegg,False
K19689,0.002003086531453404,0.000166923877621117,2.0,0.0022006154787202895,kegg,False
K17735,0.002002754307533704,0.00016689619229447533,2.0,0.0022002504934395175,kegg,False
K18707,0.0020017297553143877,0.00016681081294286565,2.0,0.0021991249077809943,kegg,False
K02108,0.0019992871974626805,0.00016660726645522338,2.0,0.002196441483709326,kegg,False
K00873,0.003167282498143658,0.00026394020817863817,1.0,0.0021953929336251364,kegg,False
K15586,0.001998140935094482,0.00016651174459120685,2.0,0.0021951821857855856,kegg,False
K19168,0.001997418365206317,0.00016645153043385975,2.0,0.002194388361627026,kegg,False
K15975,0.001993569225652994,0.00016613076880441616,2.0,0.0021901596496129465,kegg,False
K16785,0.0019930455238793875,0.00016608712698994895,2.0,0.0021895843044088654,kegg,False
K02867,0.0019927692908894923,0.00016606410757412436,2.0,0.002189280831451631,kegg,False
K03651,0.0019914111873614235,0.00016595093228011863,2.0,0.002187788802226411,kegg,False
K05337,0.001991044475082822,0.0001659203729235685,2.0,0.002187385927610734,kegg,False
K02133,0.001987178404494175,0.0001655982003745146,2.0,0.002183138614953188,kegg,False
K08161,0.001986947142084766,0.00016557892850706384,2.0,0.0021828845472283043,kegg,False
K02182,0.001983315481162586,0.00016527629009688218,2.0,0.0021788947599109217,kegg,False
K18893,0.0019817353749238425,0.00016514461457698687,2.0,0.0021771588357796367,kegg,False
K04076,0.0019810450754258286,0.00016508708961881905,2.0,0.0021764004642682573,kegg,False
K06895,0.001980298200977645,0.0001650248500814704,2.0,0.0021755799388213904,kegg,False
K08319,0.0019797072602051116,0.00016497560501709264,2.0,0.0021749307240268106,kegg,False
K02911,0.00197921732029952,0.00016493477669162667,2.0,0.0021743924700258184,kegg,False
K03817,0.003131981485193298,0.0002609984570994415,1.0,0.0021709241360276846,kegg,False
K07649,0.001973843073116052,0.000164486922759671,2.0,0.002168488256027721,kegg,False
K12660,0.0019734505800003722,0.000164454215000031,2.0,0.002168057058267617,kegg,False
K04565,0.001968284018662541,0.00016402366822187842,2.0,0.0021623810104917183,kegg,False
K07272,0.0019668966369001863,0.00016390805307501554,2.0,0.0021608568158385214,kegg,False
K16885,0.0019650807125480667,0.00016375672604567221,2.0,0.002158861819029991,kegg,False
K23231,0.0019641621627504557,0.00016368018022920464,2.0,0.002157852688934582,kegg,False
K10773,0.0031077868004571432,0.0002589822333714286,1.0,0.0021541536585182822,kegg,False
K01531,0.0019603127098874696,0.00016335939249062246,2.0,0.002153623632714657,kegg,False
K10986,0.0019594908754835346,0.00016329090629029454,2.0,0.0021527207553392437,kegg,False
K11743,0.0019587718924807714,0.00016323099104006427,2.0,0.0021519308717770644,kegg,False
K01270,0.0019582332762992294,0.00016318610635826912,2.0,0.002151339141421147,kegg,False
K02119,0.0019565284231020013,0.0001630440352585001,2.0,0.002149466168748297,kegg,False
K01708,0.0019564049578740025,0.00016303374648950021,2.0,0.0021493305283315943,kegg,False
K11738,0.0019422459471341916,0.0001618538289278493,2.0,0.002133775265137454,kegg,False
K02652,0.0019356593852706257,0.00016130494877255214,2.0,0.002126539187334068,kegg,False
K13891,0.0019338266243537233,0.0001611522186961436,2.0,0.0021245256936685687,kegg,False
K08372,0.0019336721510449374,0.00016113934592041146,2.0,0.0021243559873932653,kegg,False
K00803,0.0019303925905194293,0.00016086604920995245,2.0,0.002120753021898511,kegg,False
K02909,0.0030551769195463667,0.0002545980766288639,1.0,0.002117687267895383,kegg,False
K06906,0.0019226650099746579,0.0001602220841645548,2.0,0.0021122634069503524,kegg,False
K22396,0.001922233729757,0.00016018614414641666,2.0,0.002111789597203374,kegg,False
K01610,0.001919293583443997,0.00015994113195366642,2.0,0.002108559516333427,kegg,False
K00794,0.003035604911011183,0.0002529670759175986,1.0,0.002104120985361325,kegg,False
K22103,0.0019129484359880836,0.00015941236966567364,2.0,0.002101588659364949,kegg,False
K15868,0.003031230161452454,0.0002526025134543712,1.0,0.002101088640039036,kegg,False
K09471,0.0019096859692480182,0.00015914049743733484,2.0,0.0020980044733129423,kegg,False
K01919,0.0019044102871199717,0.00015870085725999764,2.0,0.002092208544095964,kegg,False
K02864,0.0019037872550353291,0.00015864893791961077,2.0,0.002091524073391541,kegg,False
K00655,0.0019004902757998525,0.00015837418964998772,2.0,0.0020879019714879626,kegg,False
K02232,0.0018961399493052948,0.0001580116624421079,2.0,0.002083122649341323,kegg,False
K01626,0.0018936474255587846,0.00015780395212989872,2.0,0.00208038433212361,kegg,False
K11050,0.00189077634216365,0.00015756469518030418,2.0,0.0020772301246239242,kegg,False
K02004,0.0018877654686910528,0.00015731378905758773,2.0,0.0020739223420273042,kegg,False
K01816,0.0018863143168103035,0.00015719285973419197,2.0,0.002072328088738389,kegg,False
K03196,0.001885239552436232,0.00015710329603635268,2.0,0.0020711473393896116,kegg,False
K02316,0.001884528595261214,0.00015704404960510115,2.0,0.0020703662731004196,kegg,False
K07309,0.0018593162322843235,0.00015494301935702696,2.0,0.002042667661307647,kegg,False
K00111,0.0018579155031245398,0.00015482629192704498,2.0,0.002041128803039613,kegg,False
K13932,0.0014722969407285074,0.0001226914117273756,3.0,0.0020410369468259956,kegg,False
K02777,0.001846483015279982,0.00015387358460666517,2.0,0.002028568931403533,kegg,False
K09689,0.001846228367169201,0.00015385236393076674,2.0,0.002028289171859743,kegg,False
K09011,0.0018455814103665335,0.0001537984508638778,2.0,0.002027578417166095,kegg,False
K12218,0.0018431415252161607,0.00015359512710134672,2.0,0.0020248979293569563,kegg,False
K03711,0.0018382136601942062,0.00015318447168285052,2.0,0.0020194841162869395,kegg,False
K22757,0.002910220755929352,0.00024251839632744598,1.0,0.002017211311779463,kegg,False
K07442,0.001834719979074688,0.00015289333158955733,2.0,0.002015645915276349,kegg,False
K00174,0.0018313139974572678,0.00015260949978810565,2.0,0.0020119040620164737,kegg,False
K16301,0.0018228914489651147,0.0001519076207470929,2.0,0.0020026509467410913,kegg,False
K19419,0.0028873173764119506,0.00024060978136766255,1.0,0.002001335898841682,kegg,False
K00330,0.0018185622070729433,0.00015154685058941194,2.0,0.0019978947883977347,kegg,False
K10530,0.0018101197353629125,0.00015084331128024272,2.0,0.001988619785230362,kegg,False
K03089,0.0028657340436687327,0.00023881117030572773,1.0,0.001986375472603633,kegg,False
K21961,0.0018053202831208091,0.0001504433569267341,2.0,0.001983347048018312,kegg,False
K01355,0.0018041679107309795,0.0001503473258942483,2.0,0.001982081037549723,kegg,False
K04754,0.0028453887775924578,0.00023711573146603814,1.0,0.0019722732087851212,kegg,False
K06925,0.0028345087573829627,0.0002362090631152469,1.0,0.0019647317534524744,kegg,False
K02074,0.001783026561175258,0.00014858554676460483,2.0,0.001958854891128779,kegg,False
K00931,0.00178071406305673,0.00014839283858806085,2.0,0.0019563143522782424,kegg,False
K09748,0.002820660253232587,0.00023505502110271557,1.0,0.001955132701845669,kegg,False
K01802,0.0017767751002851222,0.00014806459169042685,2.0,0.0019519869593727479,kegg,False
K19411,0.0028032971198835646,0.00023360809332363038,1.0,0.0019430974949191078,kegg,False
K02415,0.0017622099058807225,0.0001468508254900602,2.0,0.0019359854578132345,kegg,False
K07670,0.0017586975584115653,0.00014655812986763043,2.0,0.001932126749721546,kegg,False
K03826,0.0017570480156895204,0.0001464206679741267,2.0,0.0019303145418164244,kegg,False
K09769,0.0027808303307471794,0.00023173586089559827,1.0,0.0019275247033729876,kegg,False
K02914,0.002775550132810989,0.00023129584440091577,1.0,0.0019238647490607188,kegg,False
K02313,0.0017507533365951058,0.0001458961113829255,2.0,0.0019233991300100783,kegg,False
K18479,0.001733972058525394,0.00014449767154378284,2.0,0.0019049630117031363,kegg,False
K02003,0.0017316769006697943,0.00014430640838914953,2.0,0.0019024415230785414,kegg,False
K06903,0.0027261693134482314,0.00022718077612068595,1.0,0.0018896365733456833,kegg,False
K03722,0.0017174388180552999,0.00014311990150460833,2.0,0.001886799390551186,kegg,False
K02904,0.0027177835629309693,0.00022648196357758077,1.0,0.001883824014017764,kegg,False
K20415,0.0017139942319649335,0.00014283285266374445,2.0,0.0018830151259429343,kegg,False
K10543,0.0026855609271135305,0.00022379674392612755,1.0,0.0018614889848506963,kegg,False
K22278,0.0026758180423113805,0.0002229848368592817,1.0,0.0018547357317195657,kegg,False
K02773,0.0026683717666654877,0.00022236431388879065,1.0,0.001849574366749943,kegg,False
K02689,0.0026639559446279193,0.00022199632871899326,1.0,0.0018465135521547479,kegg,False
K11720,0.0016791456414415003,0.00013992880345345835,2.0,0.0018447300361511276,kegg,False
K10107,0.0016729720059557045,0.00013941433382964205,2.0,0.0018379476043406747,kegg,False
K12510,0.0026512604219316744,0.0002209383684943062,1.0,0.001837713686392111,kegg,False
K07559,0.0026466000169696213,0.0002205500014141351,1.0,0.0018344833398323964,kegg,False
K15587,0.002635451114796746,0.00021962092623306216,1.0,0.0018267555097249292,kegg,False
K03624,0.0016620996677392493,0.00013850830564493744,2.0,0.0018260031199695212,kegg,False
K00091,0.0016619130132450827,0.0001384927511037569,2.0,0.0018257980590484946,kegg,False
K03399,0.0016606023973762905,0.00013838353311469088,2.0,0.001824358200349316,kegg,False
K14591,0.0026291760208169133,0.00021909800173474278,1.0,0.0018224059460250595,kegg,False
K21449,0.002613252278937049,0.0002177710232447541,1.0,0.0018113684492370673,kegg,False
K01239,0.0025886983917561613,0.00021572486597968012,1.0,0.001794348991565848,kegg,False
K01630,0.0016326820439556504,0.0001360568369963042,2.0,0.0017936845569774442,kegg,False
K05800,0.0025787880834101063,0.0002148990069508422,1.0,0.0017874796892773002,kegg,False
K21947,0.0016261439590203569,0.00013551199658502975,2.0,0.0017865017365231747,kegg,False
K06331,0.0016254932960210063,0.00013545777466841718,2.0,0.0017857869101563066,kegg,False
K09936,0.0025737971036249533,0.0002144830919687461,1.0,0.0017840202057109898,kegg,False
K02244,0.0025697512924298294,0.00021414594103581912,1.0,0.0017812158630880117,kegg,False
K07467,0.0025696858717422135,0.00021414048931185113,1.0,0.0017811705169228406,kegg,False
K00602,0.0025666980349532058,0.00021389150291276714,1.0,0.0017790995062765664,kegg,False
K20074,0.002556129997319678,0.00021301083310997317,1.0,0.0017717743007868354,kegg,False
K03385,0.0025557424031291544,0.0002129785335940962,1.0,0.0017715056409664724,kegg,False
K11358,0.0025550664372458723,0.00021292220310382268,1.0,0.0017710370971203207,kegg,False
K01048,0.002554214497263135,0.00021285120810526125,1.0,0.0017704465773232803,kegg,False
K03744,0.0025428024605584233,0.00021190020504653528,1.0,0.0017625363562569626,kegg,False
K07234,0.0025395279295723485,0.0002116273274643624,1.0,0.0017602666243363087,kegg,False
K03706,0.0015993221713007952,0.0001332768476083996,2.0,0.001757034990930417,kegg,False
K01101,0.0025332844766374,0.00021110703971978333,1.0,0.0017559389925374904,kegg,False
K05796,0.0015975938160511635,0.00013313281800426363,2.0,0.0017551361986139875,kegg,False
K01271,0.0025307349246956362,0.00021089457705796968,1.0,0.0017541717777973657,kegg,False
K00128,0.001594242640242728,0.00013285355335356067,2.0,0.001751454555689353,kegg,False
K02037,0.0025267249702377224,0.00021056041418647685,1.0,0.001751392289170689,kegg,False
K09798,0.0025186001208543714,0.00020988334340453095,1.0,0.001745760572728145,kegg,False
K00533,0.0025163359374281,0.00020969466145234167,1.0,0.0017441911603699545,kegg,False
K01787,0.0025146657436111966,0.00020955547863426638,1.0,0.0017430334702347792,kegg,False
K12295,0.001584218554232325,0.00013201821285269375,2.0,0.0017404419716156583,kegg,False
K05303,0.002509256116459391,0.0002091046763716159,1.0,0.0017392838024266244,kegg,False
K02902,0.001581741909287351,0.0001318118257739459,2.0,0.001737721099044442,kegg,False
K02575,0.0024999190925437337,0.00020832659104531113,1.0,0.001732811870624666,kegg,False
K04062,0.001575963022196235,0.00013133025184968624,2.0,0.0017313723426713164,kegg,False
K02418,0.0024851418789537385,0.00020709515657947822,1.0,0.0017225690866882286,kegg,False
K01414,0.0024822798267732983,0.00020685665223110818,1.0,0.001720585263288741,kegg,False
K07068,0.0024749388460669386,0.00020624490383891155,1.0,0.0017154968832095829,kegg,False
K03928,0.0024724391040502366,0.00020603659200418639,1.0,0.0017137641940785787,kegg,False
K02538,0.0024688874071144,0.00020574061725953333,1.0,0.0017113023453613,kegg,False
K21464,0.0024510950322489808,0.00020425791935408172,1.0,0.0016989696108878692,kegg,False
K12066,0.001544440953080531,0.00012870341275671092,2.0,0.0016967418101765585,kegg,False
K04041,0.0024399938697909837,0.00020333282248258198,1.0,0.0016912748714291706,kegg,False
K01002,0.0024383183387335318,0.00020319319489446098,1.0,0.001690113481800757,kegg,False
K13892,0.0024375081101788232,0.00020312567584823528,1.0,0.0016895518741624517,kegg,False
K02569,0.0015331078915829242,0.00012775899096524368,2.0,0.0016842911695470564,kegg,False
K02706,0.0024261533859758905,0.00020217944883132422,1.0,0.0016816813790951532,kegg,False
K01372,0.0024213462655611907,0.00020177885546343255,1.0,0.0016783493371330918,kegg,False
K07079,0.002412360686565108,0.00020103005721375898,1.0,0.0016721210083862584,kegg,False
K03767,0.0024024846564287294,0.0002002070547023941,1.0,0.0016652754659421025,kegg,False
K00995,0.0024006655307858,0.00020005546089881668,1.0,0.0016640145441316218,kegg,False
K01262,0.001514623535305099,0.00012621862794209157,2.0,0.001663984028592118,kegg,False
K01867,0.00239667912201472,0.00019972326016789334,1.0,0.0016612513761313883,kegg,False
K13040,0.0015119721172237187,0.0001259976764353099,2.0,0.0016610711481055169,kegg,False
K01588,0.002394142947955164,0.00019951191232959702,1.0,0.001659493434232598,kegg,False
K15974,0.00150874787701738,0.00012572898975144833,2.0,0.0016575289581932152,kegg,False
K00760,0.00238832354348377,0.00019902696195698083,1.0,0.001655459730430713,kegg,False
K06518,0.0023779098233476393,0.0001981591519456366,1.0,0.0016482414896792138,kegg,False
K02774,0.002374240433434877,0.00019785336945290642,1.0,0.0016456980624068075,kegg,False
K07264,0.0023657823904919676,0.0001971485325409973,1.0,0.0016398353937878748,kegg,False
K16651,0.0014877513825919046,0.0001239792818826587,2.0,0.0016344619513984366,kegg,False
K08222,0.0023573091421436394,0.00019644242851196995,1.0,0.001633962185585047,kegg,False
K19088,0.002354914811579037,0.00019624290096491976,1.0,0.0016323025621048644,kegg,False
K02169,0.002343313110909934,0.00019527609257582784,1.0,0.0016242608759963752,kegg,False
K02549,0.00234256086164567,0.00019521340513713916,1.0,0.001623739456539772,kegg,False
K03743,0.0023416033956262035,0.00019513361630218363,1.0,0.0016230757916678971,kegg,False
K13584,0.0014760861379395206,0.0001230071781616267,2.0,0.0016216463702730076,kegg,False
K12144,0.002338073537056507,0.00019483946142137556,1.0,0.0016206290801525365,kegg,False
K01878,0.0023360709279360483,0.00019467257732800402,1.0,0.001619240977286927,kegg,False
K08602,0.0023356512553022856,0.0001946376046085238,1.0,0.0016189500823840762,kegg,False
K12978,0.002332333881788961,0.00019436115681574677,1.0,0.001616650654286451,kegg,False
K16509,0.002326455793578797,0.00019387131613156643,1.0,0.0016125762740164932,kegg,False
K01693,0.0023214261263009685,0.00019345217719174738,1.0,0.0016090899743237117,kegg,False
K11752,0.0023113287462122123,0.0001926107288510177,1.0,0.0016020910037841483,kegg,False
K11216,0.0023098502403798,0.00019248752003165,1.0,0.0016010661816349702,kegg,False
K11907,0.0023086002765909863,0.00019238335638258218,1.0,0.001600199772758952,kegg,False
K03487,0.002307317447864972,0.00019227645398874765,1.0,0.0015993105836443738,kegg,False
K09767,0.0023057830764525483,0.00019214858970437903,1.0,0.0015982470384259206,kegg,False
K23183,0.0023036598211541442,0.00019197165176284536,1.0,0.0015967753100022228,kegg,False
K00058,0.002300287940517618,0.0001916906617098015,1.0,0.0015944381004458301,kegg,False
K03336,0.002288837798277743,0.00019073648318981192,1.0,0.0015865014666352503,kegg,False
K21397,0.002280364589702528,0.00019003038247521068,1.0,0.0015806282860010437,kegg,False
K13052,0.0022788628275482482,0.0001899052356290207,1.0,0.0015795873437979332,kegg,False
K09805,0.0022783407008016726,0.00018986172506680604,1.0,0.001579225433115649,kegg,False
K18581,0.0022763763264504935,0.0001896980272042078,1.0,0.0015778638325725652,kegg,False
K15986,0.0022751365722896546,0.00018959471435747122,1.0,0.001577004500471392,kegg,False
K09972,0.001433776075420141,0.00011948133961834507,2.0,0.0015751640156549012,kegg,False
K01426,0.0022620070091327153,0.00018850058409439294,1.0,0.001567903780787176,kegg,False
K15894,0.0022588390528805228,0.00018823658774004356,1.0,0.0015657079208428316,kegg,False
K19350,0.0022545103254411423,0.00018787586045342853,1.0,0.0015627074756228124,kegg,False
K02341,0.0022512377428842456,0.0001876031452403538,1.0,0.0015604390942503498,kegg,False
K01615,0.0022442730955264233,0.00018702275796053528,1.0,0.0015556115685706811,kegg,False
K07120,0.0022383212774749334,0.0001865267731229111,1.0,0.001551486082669085,kegg,False
K02456,0.0022364370095405376,0.0001863697507950448,1.0,0.001550180007662939,kegg,False
K00864,0.0022362319347442243,0.00018635266122868537,1.0,0.0015500378606460707,kegg,False
K02656,0.0022332108744725783,0.0001861009062060482,1.0,0.0015479438212364777,kegg,False
K01790,0.0022307134774145507,0.0001858927897845459,1.0,0.001546212757506967,kegg,False
K01460,0.0022279574651534223,0.00018566312209611854,1.0,0.0015443024353785772,kegg,False
K07493,0.0022259896725135737,0.00018549913937613115,1.0,0.0015429384654583396,kegg,False
K01274,0.002219566419869013,0.00018496386832241775,1.0,0.0015384862059977381,kegg,False
K17680,0.002215513728759817,0.00018462614406331807,1.0,0.0015356770945817184,kegg,False
K05939,0.0022136694813199424,0.00018447245677666186,1.0,0.0015343987596685145,kegg,False
K20627,0.002209213997444895,0.00018410116645374127,1.0,0.0015313104535824953,kegg,False
K03218,0.0022077805660777683,0.00018398171383981403,1.0,0.001530316874671845,kegg,False
K02412,0.0022057024506936624,0.0001838085375578052,1.0,0.0015288764348524739,kegg,False
K12343,0.002189205245953086,0.0001824337704960905,1.0,0.001517441443899423,kegg,False
K06287,0.002187487654784993,0.0001822906378987494,1.0,0.0015162509004239047,kegg,False
K00860,0.002185427164595467,0.00018211893038295557,1.0,0.0015148226774584633,kegg,False
K02334,0.0021849984079262514,0.00018208320066052095,1.0,0.0015145254859820505,kegg,False
K01811,0.0021840317398551285,0.00018200264498792736,1.0,0.001513855442734014,kegg,False
K00850,0.0021828240875334257,0.00018190200729445213,1.0,0.0015130183619321293,kegg,False
K08998,0.0021821160513811385,0.00018184300428176155,1.0,0.0015125275886694368,kegg,False
K03227,0.0013760340003804252,0.0001146695000317021,2.0,0.0015117278624430734,kegg,False
K15534,0.002177738928436861,0.0001814782440364051,1.0,0.0015094935982416467,kegg,False
K14534,0.0021767856464846806,0.00018139880387372338,1.0,0.001508832833544214,kegg,False
K07109,0.002173354313750332,0.00018111285947919431,1.0,0.0015064544149338372,kegg,False
K21574,0.0021710061350939244,0.0001809171779244937,1.0,0.0015048267815186973,kegg,False
K17077,0.0021694396054421417,0.00018078663378684514,1.0,0.0015037409459073008,kegg,False
K02356,0.002168844190319698,0.00018073701585997483,1.0,0.001503328235593916,kegg,False
K18888,0.0021684677162179416,0.0001807056430181618,1.0,0.0015030672836317297,kegg,False
K21463,0.0021646174990598206,0.00018038479158831837,1.0,0.0015003985164640347,kegg,False
K04088,0.002164261742597091,0.00018035514521642424,1.0,0.0015001519248749274,kegg,False
K02495,0.0021586375837373,0.00017988646531144167,1.0,0.0014962535550182422,kegg,False
K00014,0.0021584289134893163,0.00017986907612410968,1.0,0.0014961089158241857,kegg,False
K21440,0.0021581115702473458,0.0001798426308539455,1.0,0.001495888950250744,kegg,False
K00845,0.002155950153727467,0.00017966251281062226,1.0,0.0014943907704839745,kegg,False
K02860,0.002155344222008623,0.00017961201850071856,1.0,0.0014939707706214456,kegg,False
K02654,0.0021546998038274585,0.00017955831698562155,1.0,0.0014935240939760702,kegg,False
K01744,0.002145200616632,0.00017876671805266669,1.0,0.001486939759153927,kegg,False
K13993,0.0021429926764260083,0.00017858272303550069,1.0,0.0014854093316252989,kegg,False
K05570,0.002142839487542522,0.00017856995729521017,1.0,0.001485303149182617,kegg,False
K02406,0.002142464465974828,0.00017853870549790232,1.0,0.0014850432040403208,kegg,False
K01689,0.0021387134468770818,0.00017822612057309014,1.0,0.0014824431957284915,kegg,False
K00428,0.0021387051835335662,0.00017822543196113053,1.0,0.0014824374680152317,kegg,False
K15303,0.002136900992376746,0.00017807508269806216,1.0,0.0014811868980016906,kegg,False
K01186,0.0021361412441871204,0.0001780117703489267,1.0,0.0014806602806861162,kegg,False
K00662,0.002132975419236846,0.00017774795160307048,1.0,0.001478465898047687,kegg,False
K00286,0.0021287845140516835,0.00017739870950430695,1.0,0.0014755609839345975,kegg,False
K02959,0.0021284918124398634,0.00017737431770332196,1.0,0.001475358098637619,kegg,False
K00215,0.0021277259827047266,0.00017731049855872723,1.0,0.00147482726591592,kegg,False
K05592,0.0021271691179190165,0.00017726409315991804,1.0,0.0014744412766597521,kegg,False
K15585,0.0021261744279897194,0.00017718120233247662,1.0,0.0014737518101397284,kegg,False
K03592,0.00212450469019223,0.00017704205751601916,1.0,0.001472594436093124,kegg,False
K00339,0.0021242936212975726,0.00017702446844146437,1.0,0.0014724481342838886,kegg,False
K10006,0.0021233350163626825,0.00017694458469689022,1.0,0.0014717836799759986,kegg,False
K01753,0.002119256403196334,0.00017660470026636117,1.0,0.0014689566007591495,kegg,False
K07726,0.002115737042576619,0.00017631142021471823,1.0,0.0014665171658682203,kegg,False
K20490,0.0021148438742285055,0.00017623698951904212,1.0,0.00146589806874596,kegg,False
K00303,0.0021117647118732955,0.00017598039265610796,1.0,0.00146376375604096,kegg,False
K02876,0.0021084473655729663,0.00017570394713108052,1.0,0.0014614643468059457,kegg,False
K01881,0.002107049690994192,0.000175587474249516,1.0,0.0014604955526123283,kegg,False
K20341,0.0013263121948373748,0.0001105260162364479,2.0,0.001457102875858712,kegg,False
K03695,0.0021013441172644766,0.0001751120097720397,1.0,0.001456540750268099,kegg,False
K00832,0.002101330213644621,0.00017511085113705173,1.0,0.0014565311130131965,kegg,False
K02783,0.0020974803548893875,0.00017479002957411562,1.0,0.0014538625942714524,kegg,False
K01940,0.0020951736578828724,0.0001745978048235727,1.0,0.0014522637137449803,kegg,False
K21974,0.002091513068519365,0.00017429275570994706,1.0,0.0014497263865484774,kegg,False
K11904,0.0020895764772172814,0.00017413137310144013,1.0,0.0014483840437475414,kegg,False
K03579,0.002089416093318743,0.00017411800777656194,1.0,0.0014482728741004624,kegg,False
K05964,0.002086384227360736,0.0001738653522800613,1.0,0.001446171344759834,kegg,False
K03549,0.0020862201415415794,0.00017385167846179828,1.0,0.0014460576091369158,kegg,False
K13018,0.0020782790019907593,0.00017318991683256326,1.0,0.0014405532306468317,kegg,False
K03647,0.0020777745675438788,0.00017314788062865657,1.0,0.001440203583332199,kegg,False
K04568,0.002074941731281877,0.0001729118109401564,1.0,0.0014382400108642046,kegg,False
K03110,0.0020712784090936294,0.00017260653409113577,1.0,0.0014357007894179382,kegg,False
K02279,0.0020656908913123466,0.00017214090760936222,1.0,0.0014318278172215134,kegg,False
K03311,0.0020616323965078663,0.00017180269970898886,1.0,0.0014290146829904708,kegg,False
K00246,0.002060393426135931,0.00017169945217799425,1.0,0.0014281558941703664,kegg,False
K13059,0.00205951844366728,0.00017162653697227334,1.0,0.0014275494025391819,kegg,False
K02899,0.0020590959128135074,0.00017159132606779228,1.0,0.0014272565264691897,kegg,False
K18095,0.0020549612144684644,0.00017124676787237203,1.0,0.001424390571968857,kegg,False
K05773,0.0020535625059593297,0.00017113020882994414,1.0,0.001423421061109325,kegg,False
K18838,0.00205347174804772,0.00017112264567064334,1.0,0.0014233581525187795,kegg,False
K18907,0.00205328277785577,0.0001711068981546475,1.0,0.0014232271683630193,kegg,False
K15600,0.002053104196363549,0.0001710920163636291,1.0,0.0014231033851051865,kegg,False
K01252,0.0012949820216266853,0.00010791516846889045,2.0,0.001422683162563348,kegg,False
K12060,0.0020498061388681647,0.00017081717823901372,1.0,0.001420817345850936,kegg,False
K12132,0.0020493314419141265,0.00017077762015951055,1.0,0.0014204883109956241,kegg,False
K11754,0.002045065593880974,0.0001704221328234145,1.0,0.0014175314504587472,kegg,False
K02001,0.002044751978174139,0.00017039599818117825,1.0,0.0014173140686157752,kegg,False
K01620,0.0020438450557474365,0.00017032042131228636,1.0,0.0014166854378927197,kegg,False
K14651,0.002030220794963402,0.00016918506624695017,1.0,0.001407241819943053,kegg,False
K06121,0.0020288511374100225,0.00016907092811750189,1.0,0.0014062924456715953,kegg,False
K00133,0.0020227041338437756,0.00016855867782031463,1.0,0.0014020316674807592,kegg,False
K01874,0.0020205631245654022,0.00016838026038045018,1.0,0.001400547632935902,kegg,False
K02509,0.0020163659279218344,0.0001680304939934862,1.0,0.0013976383579161573,kegg,False
K02314,0.0020131356378409564,0.00016776130315341304,1.0,0.001395399291454206,kegg,False
K00955,0.002009298585597893,0.00016744154879982443,1.0,0.0013927396495102655,kegg,False
K21746,0.0020061643121852607,0.00016718035934877172,1.0,0.0013905671367311953,kegg,False
K16511,0.0020060024878957483,0.00016716687399131235,1.0,0.0013904549686811736,kegg,False
K00350,0.002004248292141898,0.00016702069101182484,1.0,0.0013892390528402422,kegg,False
K12941,0.002004176278178115,0.00016701468984817625,1.0,0.001389189136564285,kegg,False
K01639,0.0020025013762603374,0.00016687511468836146,1.0,0.001388028183022263,kegg,False
K02950,0.00200166339567719,0.00016680528297309918,1.0,0.0013874473391436905,kegg,False
K01447,0.0020015472232182007,0.00016679560193485005,1.0,0.0013873668145312833,kegg,False
K01571,0.0019993013266250987,0.0001666084438854249,1.0,0.0013858100776399454,kegg,False
K12139,0.001998563301606187,0.0001665469418005156,1.0,0.0013852985176789042,kegg,False
K02814,0.001998036258798611,0.0001665030215665509,1.0,0.0013849331994427983,kegg,False
K03762,0.001996481528916123,0.00016637346074301027,1.0,0.0013838555428082196,kegg,False
K09474,0.0019957284647407637,0.00016631070539506365,1.0,0.0013833335584982885,kegg,False
K13890,0.001993515023679813,0.00016612625197331773,1.0,0.001381799318067555,kegg,False
K02278,0.001993286746159486,0.00016610722884662383,1.0,0.0013816410881479552,kegg,False
K03413,0.0019885120709589765,0.00016570933924658137,1.0,0.0013783315354946324,kegg,False
K02796,0.0019884088429991693,0.00016570073691659745,1.0,0.0013782599833253371,kegg,False
K01928,0.0019872835947139606,0.0001656069662261634,1.0,0.0013774800206490148,kegg,False
K06019,0.0019867499979057584,0.00016556249982547987,1.0,0.0013771101595258536,kegg,False
K01455,0.001985832235103155,0.0001654860195919296,1.0,0.0013764740148268064,kegg,False
K01662,0.001982743646434262,0.00016522863720285516,1.0,0.0013743331682990537,kegg,False
K13747,0.0019799107050795955,0.00016499255875663296,1.0,0.001372369522986375,kegg,False
K01487,0.001979905368865787,0.00016499211407214893,1.0,0.0013723658242048187,kegg,False
K01895,0.001979754422610609,0.00016497953521755075,1.0,0.001372261196233626,kegg,False
K01515,0.0019775691531156163,0.00016479742942630135,1.0,0.0013707464828444083,kegg,False
K01601,0.0019743524768545424,0.00016452937307121187,1.0,0.0013685168527632708,kegg,False
K09773,0.0019737926515163,0.00016448272095969166,1.0,0.0013681288114084618,kegg,False
K03823,0.0019725987171186335,0.0001643832264265528,1.0,0.0013673012391469458,kegg,False
K15051,0.0019703457841630943,0.0001641954820135912,1.0,0.0013657396250208234,kegg,False
K02377,0.001969785110132528,0.00016414875917771066,1.0,0.0013653509953973231,kegg,False
K02002,0.001969650855683088,0.00016413757130692401,1.0,0.0013652579373042162,kegg,False
K02407,0.001966552717748223,0.00016387939314568527,1.0,0.0013631104717296788,kegg,False
K00865,0.001965848863710609,0.00016382073864255076,1.0,0.001362622597287981,kegg,False
K13893,0.0019533902361267745,0.00016278251967723122,1.0,0.0013539869347045995,kegg,False
K19506,0.0019501863421684089,0.00016251552851403406,1.0,0.0013517661646405452,kegg,False
K02888,0.0019460710590341727,0.00016217258825284772,1.0,0.0013489136677388436,kegg,False
K02760,0.001945586843662736,0.00016213223697189466,1.0,0.0013485780352193485,kegg,False
K11604,0.001942640053957031,0.0001618866711630859,1.0,0.001346535476243136,kegg,False
K04335,0.001941824201375202,0.00016181868344793352,1.0,0.0013459699703262887,kegg,False
K01704,0.001936913114296875,0.00016140942619140625,1.0,0.001342565864164462,kegg,False
K18104,0.0019364332782569188,0.00016136943985474322,1.0,0.0013422332671662353,kegg,False
K02417,0.0019361371068900646,0.0001613447589075054,1.0,0.0013420279768183378,kegg,False
K21469,0.0019354933896597098,0.0001612911158049758,1.0,0.0013415817860350395,kegg,False
K01776,0.001933705415396239,0.00016114211794968658,1.0,0.001340342456715401,kegg,False
K06188,0.0019317870464336858,0.0001609822538694738,1.0,0.0013390127446777334,kegg,False
K00783,0.001930790499721552,0.00016089920831012934,1.0,0.0013383219911339216,kegg,False
K12574,0.00192994147993629,0.0001608284566613575,1.0,0.0013377334954635276,kegg,False
K01870,0.0019287586797633758,0.0001607298899802813,1.0,0.0013369136408585064,kegg,False
K01808,0.0019277203801655331,0.00016064336501379442,1.0,0.001336193946419685,kegg,False
K09817,0.0019248454804681682,0.00016040379003901402,1.0,0.001334201217800064,kegg,False
K09888,0.001924658812104921,0.00016038823434207675,1.0,0.0013340718291503795,kegg,False
K01775,0.0019237608500202988,0.00016031340416835824,1.0,0.001333449409263174,kegg,False
K22015,0.001921253399992556,0.00016010444999937966,1.0,0.001331711377346049,kegg,False
K01906,0.0019207340765381724,0.0001600611730448477,1.0,0.0013313514097578443,kegg,False
K02031,0.0019192749077034503,0.0001599395756419542,1.0,0.0013303399909940959,kegg,False
K03816,0.001918979061794683,0.00015991492181622357,1.0,0.0013301349262365536,kegg,False
K05967,0.0019188656539674408,0.0001599054711639534,1.0,0.0013300563179208472,kegg,False
K18850,0.0019188228759508012,0.00015990190632923342,1.0,0.0013300266664592235,kegg,False
K01155,0.0019176827234912304,0.0001598068936242692,1.0,0.0013292363729964635,kegg,False
K02022,0.0019161141900242758,0.000159676182502023,1.0,0.00132814914844623,kegg,False
K19510,0.001914966874098878,0.00015958057284157318,1.0,0.001327353889647329,kegg,False
K01259,0.0019101743285648044,0.00015918119404706704,1.0,0.0013240319502226807,kegg,False
K03148,0.0019094378784452752,0.00015911982320377294,1.0,0.001323521481898706,kegg,False
K04078,0.001906907247713449,0.00015890893730945407,1.0,0.0013217673823419022,kegg,False
K02431,0.0019052881686596457,0.00015877401405497047,1.0,0.001320645122260655,kegg,False
K01848,0.001904500133274967,0.0001587083444395806,1.0,0.0013200988977555834,kegg,False
K13256,0.0019013765214784886,0.00015844804345654072,1.0,0.0013179337750456907,kegg,False
K02805,0.001901202326050982,0.00015843352717091516,1.0,0.001317813031976248,kegg,False
K02116,0.0018985667827839713,0.00015821389856533093,1.0,0.0013159862125914758,kegg,False
K16787,0.0018983715960784779,0.00015819763300653982,1.0,0.0013158509194768802,kegg,False
K00795,0.0018973809020695184,0.00015811507517245988,1.0,0.0013151642227177724,kegg,False
K00879,0.0018967632696749997,0.00015806360580624998,1.0,0.0013147361125648892,kegg,False
K02371,0.0018949171920502,0.00015790976600418334,1.0,0.0013134565090641645,kegg,False
K02081,0.0018935274341355844,0.00015779395284463204,1.0,0.0013124932022839878,kegg,False
K23078,0.001892992074869261,0.00015774933957243842,1.0,0.0013121221195179491,kegg,False
K01468,0.0018927741238385922,0.00015773117698654934,1.0,0.0013119710473755409,kegg,False
K02770,0.0018904653394866877,0.0001575387782905573,1.0,0.0013103707200114974,kegg,False
K22024,0.0018875816668372863,0.00015729847223644051,1.0,0.001308371910444907,kegg,False
K09857,0.0018862756221548803,0.00015718963517957337,1.0,0.001307466629255612,kegg,False
K07323,0.001884670266185432,0.00015705585551545266,1.0,0.0013063538812915939,kegg,False
K03113,0.0018846167802453718,0.000157051398353781,1.0,0.0013063168076630413,kegg,False
K02529,0.0018841371964565604,0.0001570114330380467,1.0,0.0013059843855119846,kegg,False
K11472,0.0018808242586159105,0.0001567353548846592,1.0,0.0013036880319883678,kegg,False
K03093,0.001880499755048688,0.000156708312920724,1.0,0.0013034631032556659,kegg,False
K07503,0.0018790690156560027,0.00015658908463800022,1.0,0.00130247139027951,kegg,False
K01496,0.00187770356546919,0.0001564752971224325,1.0,0.0013015249323323258,kegg,False
K01423,0.0018766044771028013,0.00015638370642523345,1.0,0.001300763102329977,kegg,False
K16211,0.0018765149234246281,0.000156376243618719,1.0,0.0013007010284504425,kegg,False
K01740,0.0018758994514051007,0.00015632495428375838,1.0,0.0013002744157553936,kegg,False
K06889,0.0018721787046145043,0.0001560148920512087,1.0,0.0012976953906079143,kegg,False
K06603,0.0018709817514558134,0.00015591514595465113,1.0,0.0012968657259007053,kegg,False
K11249,0.001869615402411848,0.00015580128353432068,1.0,0.00129591864491322,kegg,False
K11645,0.0018672316118889462,0.00015560263432407885,1.0,0.001294266327233225,kegg,False
K06167,0.0018641692600092855,0.00015534743833410712,1.0,0.0012921436666619558,kegg,False
K13573,0.0018630673933733761,0.000155255616114448,1.0,0.0012913799109099222,kegg,False
K15396,0.0018598463677123463,0.0001549871973093622,1.0,0.0012891472660544682,kegg,False
K01924,0.0018569029393331587,0.00015474191161109655,1.0,0.001287107036972254,kegg,False
K02530,0.0018550877696937558,0.00015459064747447965,1.0,0.001285848857254464,kegg,False
K02856,0.0018522152111720325,0.00015435126759766937,1.0,0.001283857751414138,kegg,False
K07009,0.0018517196423866657,0.0001543099701988888,1.0,0.0012835142493077874,kegg,False
K02769,0.0018507484266347943,0.00015422903555289952,1.0,0.0012828410538476625,kegg,False
K02405,0.0018464374125833792,0.00015386978438194826,1.0,0.0012798528866125698,kegg,False
K16345,0.0018459375597145314,0.00015382812997621095,1.0,0.001279506415005833,kegg,False
K15372,0.0018456185473173371,0.0001538015456097781,1.0,0.0012792852924621541,kegg,False
K07095,0.0018444975435398306,0.00015370812862831922,1.0,0.0012785082718543784,kegg,False
K01923,0.0018430383084638948,0.00015358652570532456,1.0,0.0012774968071757194,kegg,False
K11085,0.0018426813329488262,0.00015355677774573552,1.0,0.0012772493706039206,kegg,False
K03560,0.001841315457331375,0.00015344295477761458,1.0,0.001276302617770689,kegg,False
K03417,0.0018412482118206012,0.0001534373509850501,1.0,0.0012762560067344907,kegg,False
K20113,0.0018402298093318002,0.00015335248411098336,1.0,0.001275550103920703,kegg,False
K00556,0.0018394991957805423,0.0001532915996483785,1.0,0.0012750436811975697,kegg,False
K01166,0.0018377193718384958,0.0001531432809865413,1.0,0.001273810001250247,kegg,False
K13004,0.001836476053997781,0.00015303967116648174,1.0,0.0012729481989944157,kegg,False
K08724,0.001835757350307788,0.00015297977919231565,1.0,0.001272450031558039,kegg,False
K01497,0.001835431935678065,0.00015295266130650541,1.0,0.0012722244713249337,kegg,False
K19425,0.001833514785613275,0.00015279289880110625,1.0,0.0012708956041628141,kegg,False
K05541,0.0018334113192850683,0.00015278427660708903,1.0,0.0012708238867691348,kegg,False
K00382,0.0018331210786889345,0.00015276008989074455,1.0,0.0012706227073182406,kegg,False
K09765,0.0018321221447654627,0.00015267684539712188,1.0,0.0012699302990856205,kegg,False
K01442,0.0018318511719069505,0.0001526542643255792,1.0,0.0012697424750127344,kegg,False
K19971,0.0018278490497487252,0.0001523207541457271,1.0,0.001266968415322504,kegg,False
K07048,0.0018270794214460557,0.00015225661845383797,1.0,0.0012664349496344296,kegg,False
K03696,0.0018258469874108806,0.00015215391561757338,1.0,0.001265580691457722,kegg,False
K16789,0.0018201998662130744,0.00015168332218442286,1.0,0.001261666405321182,kegg,False
K02895,0.0018198813409961764,0.00015165677841634802,1.0,0.001261445620465152,kegg,False
K18123,0.0018189367379333207,0.00015157806149444339,1.0,0.0012607908715153854,kegg,False
K21990,0.0018183964327239792,0.0001515330360603316,1.0,0.0012604163604828884,kegg,False
K01714,0.0018170204240578996,0.00015141836867149164,1.0,0.0012594625839555693,kegg,False
K06045,0.0018159519900247615,0.00015132933250206347,1.0,0.0012587220019178852,kegg,False
K11939,0.0018156178503231735,0.00015130148752693113,1.0,0.0012584903939258164,kegg,False
K19075,0.0018151600694950019,0.00015126333912458348,1.0,0.001258173084435455,kegg,False
K03790,0.0018138010734548124,0.0001511500894545677,1.0,0.0012572311001618054,kegg,False
K09971,0.00181045141168488,0.00015087095097374,1.0,0.0012549092915501473,kegg,False
K02650,0.0018099523793237641,0.000150829364943647,1.0,0.0012545633886760317,kegg,False
K20541,0.0018092392410842739,0.00015076993675702281,1.0,0.0012540690789159797,kegg,False
K02410,0.001808354216016916,0.00015069618466807634,1.0,0.0012534556262858156,kegg,False
K02079,0.0018080717777088137,0.00015067264814240113,1.0,0.0012532598549688722,kegg,False
K13889,0.0018064624745707447,0.00015053853954756207,1.0,0.0012521443710360536,kegg,False
K02083,0.0018055733165595169,0.0001504644430466264,1.0,0.0012515280536674986,kegg,False
K15984,0.001803006799009283,0.0001502505665841069,1.0,0.0012497490792636964,kegg,False
K01887,0.0018019914263649056,0.00015016595219707546,1.0,0.0012490452765780286,kegg,False
K00183,0.001801300078601769,0.00015010833988348074,1.0,0.001248566070825224,kegg,False
K02507,0.001800935728314757,0.00015007797735956308,1.0,0.0012483135224510456,kegg,False
K02114,0.0017996838883808804,0.00014997365736507337,1.0,0.0012474458131303664,kegg,False
K07023,0.0017975035687778848,0.00014979196406482374,1.0,0.0012459345307448307,kegg,False
K02771,0.0017974906253390406,0.00014979088544492006,1.0,0.001245925559036689,kegg,False
K02315,0.0017968803588569405,0.00014974002990474503,1.0,0.001245502554545231,kegg,False
K03152,0.001796135895940992,0.000149677991328416,1.0,0.00124498653217401,kegg,False
K05970,0.001795739218653934,0.00014964493488782782,1.0,0.0012447115764308934,kegg,False
K03929,0.0017950116432961078,0.00014958430360800898,1.0,0.0012442072596229713,kegg,False
K10742,0.0017949396002627297,0.00014957830002189414,1.0,0.0012441573231975064,kegg,False
K11895,0.0017942630234065544,0.00014952191861721288,1.0,0.0012436883558572163,kegg,False
K01584,0.00179367352937974,0.00014947279411497833,1.0,0.001243279749734573,kegg,False
K11694,0.0017922341143172837,0.00014935284285977365,1.0,0.0012422820232423758,kegg,False
K02160,0.0017877755417078777,0.00014898129514232314,1.0,0.0012391915762088443,kegg,False
K01462,0.0017862405119175786,0.00014885337599313155,1.0,0.001238127574637623,kegg,False
K20483,0.001785738301842468,0.000148811525153539,1.0,0.0012377794691400112,kegg,False
K21908,0.0017834245694008772,0.00014861871411673977,1.0,0.0012361757120215526,kegg,False
K00412,0.0017832527274729056,0.00014860439395607546,1.0,0.001236056600273677,kegg,False
K03656,0.0017824322303892266,0.00014853601919910222,1.0,0.0012354878750334673,kegg,False
K14261,0.0017816372268994341,0.00014846976890828617,1.0,0.0012349368206059823,kegg,False
K09816,0.0017811213269032559,0.000148426777241938,1.0,0.0012345792259781804,kegg,False
K12687,0.0017809371117286548,0.0001484114259773879,1.0,0.0012344515377492892,kegg,False
K02600,0.0017808889670097004,0.00014840741391747503,1.0,0.0012344181663730873,kegg,False
K07213,0.0017808801370455124,0.00014840667808712604,1.0,0.0012344120459083059,kegg,False
K03154,0.0017806343862446312,0.00014838619885371927,1.0,0.0012342417044335547,kegg,False
K13479,0.0017805634162970992,0.00014838028469142493,1.0,0.0012341925118145183,kegg,False
K16089,0.0017795879094912998,0.0001482989924576083,1.0,0.0012335163420224616,kegg,False
K19507,0.0017792872574620175,0.00014827393812183478,1.0,0.0012333079459160348,kegg,False
K00674,0.0017789634518560885,0.00014824695432134072,1.0,0.0012330835009732358,kegg,False
K03439,0.0017780140578411837,0.000148167838153432,1.0,0.001232425431188564,kegg,False
K07010,0.0017761676545092493,0.0001480139712091041,1.0,0.001231145601924857,kegg,False
K12996,0.0017754580692528783,0.00014795483910440654,1.0,0.0012306537549050367,kegg,False
K01537,0.0017747085217666024,0.00014789237681388354,1.0,0.0012301342081782287,kegg,False
K08352,0.0017745820597659424,0.00014788183831382853,1.0,0.0012300465513990233,kegg,False
K09116,0.0017730823414831116,0.0001477568617902593,1.0,0.001229007025899645,kegg,False
K03810,0.0017722458371189148,0.0001476871530932429,1.0,0.0012284272052580758,kegg,False
K01595,0.0017686243968047055,0.00014738536640039214,1.0,0.0012259170141147155,kegg,False
K03657,0.0017685281323534898,0.00014737734436279083,1.0,0.0012258502886817672,kegg,False
K13626,0.0017671683656413117,0.0001472640304701093,1.0,0.0012249077702190018,kegg,False
K17722,0.0017667645156053374,0.00014723037630044478,1.0,0.0012246278427051971,kegg,False
K06949,0.001766244280171612,0.00014718702334763433,1.0,0.001224267242981083,kegg,False
K07495,0.0017652830670611358,0.00014710692225509465,1.0,0.0012236009808236391,kegg,False
K09970,0.00176487491454325,0.00014707290954527082,1.0,0.0012233180710566282,kegg,False
K11105,0.001764751040500819,0.00014706258670840158,1.0,0.0012232322081133726,kegg,False
K12340,0.0017646284644110245,0.00014705237203425204,1.0,0.0012231472448423274,kegg,False
K01250,0.00176258912603803,0.00014688242716983583,1.0,0.0012217336831988786,kegg,False
K00990,0.001759757042339819,0.0001466464201949849,1.0,0.0012197706323683539,kegg,False
K06158,0.0017566699104032142,0.00014638915920026785,1.0,0.0012176307955704796,kegg,False
K06416,0.0017553033439332143,0.00014627527866110118,1.0,0.0012166835638747514,kegg,False
K01082,0.0017518319258171217,0.00014598599381809347,1.0,0.0012142773601950371,kegg,False
K10110,0.0017516367755566423,0.00014596973129638686,1.0,0.0012141420923422004,kegg,False
K01963,0.001750762694631253,0.00014589689121927108,1.0,0.0012135362256131856,kegg,False
K14138,0.0017477387465667405,0.00014564489554722836,1.0,0.001211440184538109,kegg,False
K02439,0.0017447284042880389,0.0001453940336906699,1.0,0.0012093535742751065,kegg,False
K02194,0.0017447283595354488,0.0001453940299612874,1.0,0.001209353543254975,kegg,False
K23005,0.0017441005144718847,0.00014534170953932373,1.0,0.001208918354219337,kegg,False
K21562,0.001742733185430241,0.00014522776545252008,1.0,0.0012079705939492238,kegg,False
K10797,0.0017426257623410803,0.00014521881352842336,1.0,0.0012078961339378452,kegg,False
K11744,0.001741930541789913,0.00014516087848249275,1.0,0.0012074142437729363,kegg,False
K01604,0.0017416345183086236,0.00014513620985905196,1.0,0.0012072090559315009,kegg,False
K07783,0.001740920045288846,0.00014507667044073717,1.0,0.0012067138209722558,kegg,False
K03737,0.001739758760209799,0.00014497989668414991,1.0,0.0012059088794938882,kegg,False
K19268,0.00173966891815695,0.0001449724098464125,1.0,0.00120584660572826,kegg,False
K01023,0.0017361871281706893,0.00014468226068089078,1.0,0.0012034332128159817,kegg,False
K12064,0.0017351815614322838,0.00014459846345269033,1.0,0.001202736207066391,kegg,False
K15598,0.0017347824312670885,0.0001445652026055907,1.0,0.0012024595511177095,kegg,False
K00823,0.0017336343431776245,0.00014446952859813539,1.0,0.001201663757095463,kegg,False
K01664,0.001733046354892544,0.00014442052957437866,1.0,0.0012012561946734572,kegg,False
K02886,0.0017326180205926005,0.00014438483504938338,1.0,0.0012009592959611143,kegg,False
K02813,0.001730623807940175,0.00014421865066168124,1.0,0.0011995770130836486,kegg,False
K20460,0.0017295814406126308,0.00014413178671771924,1.0,0.0011988544991094535,kegg,False
K01390,0.0017277994217535571,0.00014398328514612975,1.0,0.001197619297761582,kegg,False
K00105,0.001721850206712234,0.0001434875172260195,1.0,0.001193495616129144,kegg,False
K09688,0.00172106929795433,0.00014342244149619416,1.0,0.0011929543314253283,kegg,False
K07151,0.0017174335538264192,0.00014311946281886825,1.0,0.0011904342256338295,kegg,False
K22010,0.0017173598192261781,0.00014311331826884818,1.0,0.0011903831167035628,kegg,False
K00968,0.0017144645244556178,0.00014287204370463482,1.0,0.0011883762512964588,kegg,False
K01425,0.0017119954139429333,0.00014266628449524445,1.0,0.0011866647943061007,kegg,False
K01192,0.001711132008755316,0.000142594334062943,1.0,0.001186066327434623,kegg,False
K01197,0.0017080423226476275,0.00014233686022063562,1.0,0.0011839247202202635,kegg,False
K01752,0.0017075531172660095,0.0001422960931055008,1.0,0.00118358562888928,kegg,False
K03474,0.0017063042876949918,0.00014219202397458265,1.0,0.0011827200061931293,kegg,False
K12136,0.001703233204606149,0.00014193610038384574,1.0,0.0011805912936088327,kegg,False
K19225,0.001702038653674714,0.00014183655447289284,1.0,0.0011797632939986732,kegg,False
K23184,0.0017019478931944798,0.00014182899109954,1.0,0.0011797003836276927,kegg,False
K09005,0.0017014223979567534,0.00014178519982972946,1.0,0.0011793361380852648,kegg,False
K01256,0.0017009951289799815,0.00014174959408166512,1.0,0.0011790399777986747,kegg,False
K03837,0.0016976376104147952,0.0001414698008678996,1.0,0.001176712723271538,kegg,False
K14441,0.0016964018136437062,0.0001413668178036422,1.0,0.0011758561342239127,kegg,False
K00383,0.0016933787574841524,0.0001411148964570127,1.0,0.0011737607113702436,kegg,False
K03980,0.001693118704338984,0.000141093225361582,1.0,0.0011735804562658743,kegg,False
K21575,0.0016923907948920042,0.00014103256624100035,1.0,0.0011730759078849974,kegg,False
K06194,0.0016894370555099762,0.00014078642129249802,1.0,0.0011710285317602358,kegg,False
K06317,0.0016869037158737496,0.0001405753096561458,1.0,0.0011692725545339845,kegg,False
K09022,0.001683633806960006,0.00014030281724666715,1.0,0.0011670060263897352,kegg,False
K00891,0.0016797994551372873,0.00013998328792810726,1.0,0.001164348256234543,kegg,False
K02558,0.0016762714187012575,0.00013968928489177147,1.0,0.0011619028077259961,kegg,False
K03445,0.0016744197476722081,0.000139534978972684,1.0,0.0011606193271728861,kegg,False
K13940,0.0016723428628023004,0.00013936190523352503,1.0,0.001159179740280962,kegg,False
K01624,0.0016706813692018352,0.00013922344743348626,1.0,0.001158028080676281,kegg,False
K22306,0.0016678916144033061,0.0001389909678669422,1.0,0.0011560943700032271,kegg,False
K00937,0.0016669780606795046,0.0001389148383899587,1.0,0.001155461142815284,kegg,False
K10794,0.0016660560583970356,0.00013883800486641965,1.0,0.0011548220595327208,kegg,False
K12573,0.001663932871521911,0.0001386610726268259,1.0,0.0011533503785364262,kegg,False
K18369,0.0016632431987944351,0.00013860359989953627,1.0,0.0011528723338298673,kegg,False
K01785,0.0016630070854743435,0.00013858392378952864,1.0,0.001152708672547753,kegg,False
K01200,0.0016620632558885767,0.00013850527132404806,1.0,0.0011520544597314498,kegg,False
K00108,0.0016618905473364642,0.00013849087894470536,1.0,0.0011519347472854944,kegg,False
K01696,0.001659375062278972,0.00013828125518991434,1.0,0.001150191145910153,kegg,False
K02189,0.0016589824307845532,0.00013824853589871277,1.0,0.0011499189944967976,kegg,False
K00331,0.00165662805513393,0.0001380523379278275,1.0,0.0011482870656525893,kegg,False
K00520,0.001656351306584865,0.00013802927554873876,1.0,0.0011480952381760807,kegg,False
K05520,0.0016532763723307647,0.00013777303102756373,1.0,0.0011459638561674439,kegg,False
K02221,0.0016529447954438659,0.00013774539962032215,1.0,0.001145734024583151,kegg,False
K01918,0.0016526487058285601,0.00013772072548571334,1.0,0.001145528790901109,kegg,False
K12454,0.001652556685203534,0.0001377130571002945,1.0,0.0011454650070643186,kegg,False
K07399,0.0016521587726338776,0.0001376798977194898,1.0,0.0011451891950885519,kegg,False
K00219,0.0016514717971655003,0.00013762264976379169,1.0,0.0011447130199795325,kegg,False
K10440,0.001650716034425052,0.000137559669535421,1.0,0.0011441891651668185,kegg,False
K06970,0.0016470821932957275,0.00013725684944131063,1.0,0.0011416703784334244,kegg,False
K19354,0.0016466840784545456,0.00013722367320454548,1.0,0.00114139442625372,kegg,False
K07696,0.001646024373774188,0.00013716869781451568,1.0,0.001140937153814528,kegg,False
K02398,0.0016441038353555274,0.00013700865294629394,1.0,0.0011396059380244764,kegg,False
K01258,0.0016440397230724324,0.00013700331025603602,1.0,0.0011395614987762097,kegg,False
K02387,0.001643963413507343,0.0001369969511256119,1.0,0.0011395086050163183,kegg,False
K10539,0.001638868693457011,0.00013657239112141757,1.0,0.0011359772141776884,kegg,False
K02471,0.0016317130462393885,0.0001359760871866157,1.0,0.0011310172974837117,kegg,False
K15923,0.0016302120376103578,0.00013585100313419647,1.0,0.0011299768775845029,kegg,False
K00868,0.001629013723856489,0.00013575114365470741,1.0,0.0011291462697845826,kegg,False
K16299,0.0016247814603929937,0.00013539845503274947,1.0,0.001126212688297474,kegg,False
K23271,0.0016245470932160215,0.00013537892443466845,1.0,0.00112605023734954,kegg,False
K01819,0.0016223052477004215,0.00013519210397503511,1.0,0.001124496308451151,kegg,False
K11103,0.001622192483329483,0.00013518270694412357,1.0,0.0011244181461453672,kegg,False
K03625,0.0016188597846705252,0.0001349049820558771,1.0,0.0011221080954662546,kegg,False
K02363,0.0016186440684288733,0.00013488700570240612,1.0,0.0011219585723615526,kegg,False
K01129,0.0016185437682535884,0.0001348786473544657,1.0,0.0011218890495778443,kegg,False
K11891,0.0016178282983858323,0.00013481902486548602,1.0,0.0011213931236562335,kegg,False
K03270,0.001617696644649328,0.00013480805372077733,1.0,0.0011213018682399653,kegg,False
K10121,0.0016097416339999418,0.0001341451361666618,1.0,0.001115787875037019,kegg,False
K06383,0.0016095049275647278,0.000134125410630394,1.0,0.00111562380263883,kegg,False
K09781,0.0016091833038350291,0.00013409860865291908,1.0,0.0011154008700573882,kegg,False
K08163,0.0016085700767230458,0.00013404750639358715,1.0,0.0011149758134136741,kegg,False
K03332,0.0016063871522331886,0.0001338655960194324,1.0,0.0011134627254581542,kegg,False
K02806,0.0016053543063883659,0.00013377952553236382,1.0,0.0011127468112728624,kegg,False
K00052,0.001602112384685694,0.0001335093653904745,1.0,0.0011104996823850593,kegg,False
K07160,0.0015971859977130572,0.00013309883314275477,1.0,0.0011070849711446288,kegg,False
K02536,0.001595897749758162,0.0001329914791465135,1.0,0.0011061920257068312,kegg,False
K08323,0.0015955172875122296,0.00013295977395935246,1.0,0.0011059283093737536,kegg,False
K02651,0.0015927719366555955,0.00013273099472129962,1.0,0.0011040253771678298,kegg,False
K03755,0.0015923111261592128,0.00013269259384660105,1.0,0.0011037059676714896,kegg,False
K03407,0.0015904566148370715,0.00013253805123642263,1.0,0.001102420518377231,kegg,False
K21071,0.001589001556585975,0.0001324167963821646,1.0,0.001101411948852933,kegg,False
K01533,0.0015888555880086584,0.00013240463233405486,1.0,0.0011013107711451155,kegg,False
K03546,0.0015886503123006609,0.00013238752602505506,1.0,0.0011011684848668797,kegg,False
K02173,0.0015875942766342163,0.00013229952305285136,1.0,0.0011004364967221129,kegg,False
K03567,0.0015871417546465892,0.00013226181288721576,1.0,0.0011001228323822478,kegg,False
K01187,0.001584522500881382,0.00013204354174011518,1.0,0.0010983073040197234,kegg,False
K02892,0.0015826457870554097,0.00013188714892128415,1.0,0.0010970064651225327,kegg,False
K00334,0.0015812634197874796,0.00013177195164895664,1.0,0.0010960482811482686,kegg,False
K10830,0.0015791326697866793,0.00013159438914888994,1.0,0.0010945713577927359,kegg,False
K02879,0.0015781515162524833,0.0001315126263543736,1.0,0.0010938912739868116,kegg,False
K02952,0.0015778586094836913,0.00013148821745697427,1.0,0.0010936882464858565,kegg,False
K03177,0.0015778019587245281,0.00013148349656037734,1.0,0.0010936489791718658,kegg,False
K02445,0.00157303567507306,0.00013108630625608832,1.0,0.0010903452430971016,kegg,False
K16090,0.001571455958062798,0.00013095466317189982,1.0,0.001089250266705356,kegg,False
K09815,0.0015690314476890428,0.00013075262064075356,1.0,0.0010875697241755492,kegg,False
K05340,0.001568303363321794,0.00013069194694348283,1.0,0.001087065054549181,kegg,False
K12542,0.0015679534631864178,0.00013066278859886815,1.0,0.0010868225222568674,kegg,False
K01255,0.0015677124024850411,0.00013064270020708677,1.0,0.0010866554317113645,kegg,False
K07305,0.0015667194185166326,0.00013055995154305272,1.0,0.0010859671476733208,kegg,False
K08305,0.001566502339224742,0.00013054186160206183,1.0,0.0010858166797741888,kegg,False
K19137,0.00156642498122571,0.0001305354151021425,1.0,0.001085763059295266,kegg,False
K21465,0.0015659462047122197,0.00013049551705935164,1.0,0.0010854311967048221,kegg,False
K03583,0.0015633851079337084,0.00013028209232780904,1.0,0.0010836559796936558,kegg,False
K07289,0.001563161741524241,0.00013026347846035343,1.0,0.0010835011538967018,kegg,False
K02033,0.001561742896472397,0.00013014524137269976,1.0,0.0010825176854493644,kegg,False
K02030,0.001559918934738721,0.0001299932445615601,1.0,0.0010812534115162177,kegg,False
K21600,0.0015594146456328728,0.00012995122046940605,1.0,0.001080903864944312,kegg,False
K01223,0.0015480337126667785,0.0001290028093888982,1.0,0.001073015203346722,kegg,False
K09794,0.0015457395313082777,0.00012881162760902315,1.0,0.001071424998006384,kegg,False
K03811,0.0015456764882700864,0.0001288063740225072,1.0,0.0010713812999022078,kegg,False
K12257,0.0015443031235930623,0.00012869192696608853,1.0,0.0010704293560484478,kegg,False
K07473,0.0015427305951981952,0.00012856088293318292,1.0,0.0010693393624251952,kegg,False
K19353,0.0015409557085370945,0.00012841297571142455,1.0,0.00106810910474024,kegg,False
K03340,0.0015386004534059016,0.0001282167044504918,1.0,0.0010664765662865541,kegg,False
K19431,0.00153801692310592,0.00012816807692549333,1.0,0.0010660720939043506,kegg,False
K14682,0.001534823610649349,0.0001279019675541124,1.0,0.0010638586583784314,kegg,False
K08965,0.0015335385797998825,0.00012779488164999021,1.0,0.0010629679428681912,kegg,False
K03590,0.0015328177767821249,0.00012773481473184374,1.0,0.0010624683202886934,kegg,False
K06605,0.0015296613816927172,0.00012747178180772643,1.0,0.0010602804739317372,kegg,False
K01847,0.00152938807420386,0.000127449006183655,1.0,0.00106009103161641,kegg,False
K20459,0.0015213096912854484,0.0001267758076071207,1.0,0.0010544915232730294,kegg,False
K01875,0.0015211180382067105,0.00012675983651722587,1.0,0.0010543586794818564,kegg,False
K03831,0.001517831449896439,0.0001264859541580366,1.0,0.0010520805900609306,kegg,False
K07788,0.0015139569191828129,0.00012616307659856773,1.0,0.0010493949700207876,kegg,False
K00958,0.0015087363449415546,0.00012572802874512954,1.0,0.0010457763437045557,kegg,False
K11689,0.00150563326995918,0.00012546943916326499,1.0,0.0010436254560294564,kegg,False
K07784,0.0015032096611601467,0.00012526747176334557,1.0,0.0010419455384236265,kegg,False
K15831,0.0014958653229139095,0.0001246554435761591,1.0,0.0010368548310751684,kegg,False
K03451,0.001490873023368544,0.00012423941861404534,1.0,0.0010333944327207878,kegg,False
K00435,0.0014897356138357182,0.00012414463448630984,1.0,0.0010326060405099675,kegg,False
K00088,0.0014871919545199892,0.00012393266287666577,1.0,0.001030842910226965,kegg,False
K10537,0.0014858036647838028,0.0001238169720653169,1.0,0.001029880621110527,kegg,False
K02954,0.0014838757249510783,0.00012365631041258985,1.0,0.0010285442750511847,kegg,False
K09928,0.0014821278296711046,0.00012351065247259206,1.0,0.001027332726365957,kegg,False
K02823,0.001475321352488371,0.0001229434460406976,1.0,0.0010226148358971996,kegg,False
K02996,0.0014735437266199982,0.00012279531055166653,1.0,0.0010213826795384465,kegg,False
K09779,0.0014671810878345677,0.00012226509065288064,1.0,0.001016972434403404,kegg,False
K16937,0.0014630192002217392,0.00012191826668514494,1.0,0.0010140876337387647,kegg,False
K16915,0.0014625073290262952,0.00012187561075219126,1.0,0.0010137328316628328,kegg,False
K04072,0.0014584655617968167,0.0001215387968164014,1.0,0.00101093129210324,kegg,False
K02881,0.0014546536435285206,0.00012122113696071005,1.0,0.0010082890717030457,kegg,False
K03475,0.0014521097041335297,0.00012100914201112747,1.0,0.0010065257472838924,kegg,False
K11075,0.0014490379686115853,0.00012075316405096544,1.0,0.001004396582467431,kegg,False
K01277,0.0014460826030053015,0.00012050688358377513,1.0,0.0010023480791299113,kegg,False
K15834,0.0014442761544057442,0.00012035634620047868,1.0,0.0010010959443763018,kegg,False
K03315,0.0014433122816098713,0.00012027602346748928,1.0,0.0010004278386654241,kegg,False
K02703,0.001441887412339625,0.00012015728436163543,1.0,0.0009994401945480865,kegg,False
K00068,0.0014346788214427047,0.00011955656845355873,1.0,0.000994443580092076,kegg,False
K07486,0.0014344213769337563,0.00011953511474447969,1.0,0.0009942651331565477,kegg,False
K07300,0.001433907597798533,0.00011949229981654442,1.0,0.0009939090085975372,kegg,False
K06867,0.001432251970102042,0.00011935433084183683,1.0,0.0009927614149276573,kegg,False
K19267,0.0014290743985303396,0.00011908953321086164,1.0,0.0009905588901517044,kegg,False
K11184,0.0014230488592938387,0.00011858740494115322,1.0,0.0009863823046185707,kegg,False
K07570,0.0014229917526104227,0.00011858264605086856,1.0,0.0009863427212819698,kegg,False
K20938,0.0014202914185979926,0.00011835761821649939,1.0,0.0009844709923746836,kegg,False
K01159,0.0014179333995378014,0.00011816111662815011,1.0,0.0009828365381114054,kegg,False
K02481,0.0014178218995127077,0.0001181518249593923,1.0,0.0009827592521833794,kegg,False
K01087,0.00141646699876402,0.00011803891656366833,1.0,0.000981820106549488,kegg,False
K11737,0.0014163088359962022,0.00011802573633301685,1.0,0.0009817104764729054,kegg,False
K02871,0.001412655468996565,0.00011772128908304708,1.0,0.0009791781554375563,kegg,False
K07673,0.0014124922842929206,0.00011770769035774339,1.0,0.0009790650444203145,kegg,False
K08961,0.001411844995804359,0.00011765374965036326,1.0,0.0009786163782294593,kegg,False
K00395,0.0014102798152909267,0.00011752331794091056,1.0,0.0009775314777695063,kegg,False
K00374,0.001409726623808195,0.00011747721865068291,1.0,0.000977148034652941,kegg,False
K03698,0.0014074514606307645,0.00011728762171923038,1.0,0.0009755710117111913,kegg,False
K12294,0.0014036746159756868,0.00011697288466464057,1.0,0.0009729531024871113,kegg,False
K12061,0.0014007707548709095,0.00011673089623924245,1.0,0.0009709402993495971,kegg,False
K19337,0.0013999582254103438,0.00011666318545086199,1.0,0.0009703770968448841,kegg,False
K08093,0.001399953339846598,0.00011666277832054983,1.0,0.0009703737104301483,kegg,False
K13409,0.001399258249191242,0.00011660485409927017,1.0,0.0009698919103021548,kegg,False
K00348,0.0013987754951451776,0.00011656462459543146,1.0,0.0009695572906962212,kegg,False
K00766,0.0013981673662731263,0.0001165139471894272,1.0,0.0009691357678831418,kegg,False
K13950,0.0013975621357464575,0.00011646351131220479,1.0,0.0009687162540499925,kegg,False
K01161,0.0008806654123653218,7.338878436377682e-05,2.0,0.0009675098442295106,kegg,False
K12308,0.0013950222849159453,0.00011625185707632878,1.0,0.0009669557636077802,kegg,False
K14742,0.0013947498084287725,0.0001162291507023977,1.0,0.0009667668972989275,kegg,False
K23241,0.001394008117044425,0.00011616734308703541,1.0,0.0009662527960070213,kegg,False
K09799,0.0013924926246709564,0.00011604105205591303,1.0,0.0009652023367411915,kegg,False
K01749,0.0013911994280112355,0.00011593328566760295,1.0,0.0009643059611225965,kegg,False
K06157,0.0013911799039555248,0.0001159316586629604,1.0,0.0009642924280784275,kegg,False
K11605,0.0013853934674130212,0.00011544945561775176,1.0,0.0009602815759035021,kegg,False
K03554,0.0013808163094873767,0.00011506802579061472,1.0,0.000957108931792364,kegg,False
K04653,0.0013771773192955417,0.0001147647766079618,1.0,0.0009545865760008082,kegg,False
K07674,0.0013752245231224958,0.00011460204359354132,1.0,0.0009532330008392533,kegg,False
K04781,0.0013737101856923029,0.0001144758488076919,1.0,0.0009521833421190987,kegg,False
K00347,0.0013715555395019095,0.00011429629495849246,1.0,0.0009506898551871233,kegg,False
K08300,0.0013711473492180966,0.00011426227910150804,1.0,0.0009504069192427663,kegg,False
K03229,0.001370420086066452,0.000114201673838871,1.0,0.0009499028188396788,kegg,False
K04755,0.0013670684704831764,0.00011392237254026471,1.0,0.0009475796559478105,kegg,False
K11211,0.0013629172270732263,0.00011357643558943552,1.0,0.0009447022332823856,kegg,False
K20114,0.001360243528984233,0.00011335362741535276,1.0,0.0009428489669903314,kegg,False
K03577,0.0013591371427521591,0.00011326142856267993,1.0,0.000942082078492959,kegg,False
K02503,0.0013576367448556409,0.00011313639540463674,1.0,0.0009410420819212693,kegg,False
K15830,0.0013572209172493994,0.00011310174310411661,1.0,0.000940753852188404,kegg,False
K02452,0.0013520060269213892,0.00011266716891011576,1.0,0.0009371391656606144,kegg,False
K00163,0.0013502226198869086,0.00011251855165724238,1.0,0.0009359030021028734,kegg,False
K03269,0.001349962969193692,0.00011249691409947434,1.0,0.0009357230259569399,kegg,False
K19052,0.0013495542737655556,0.00011246285614712963,1.0,0.0009354397398732194,kegg,False
K00856,0.0013491231445956374,0.00011242692871630312,1.0,0.0009351409039046334,kegg,False
K08357,0.001342756844929219,0.00011189640374410157,1.0,0.0009307281212402557,kegg,False
K07516,0.001339849349150573,0.00011165411242921442,1.0,0.0009287127987387974,kegg,False
K02527,0.0013395028229440092,0.00011162523524533409,1.0,0.0009284726050757275,kegg,False
K01619,0.0013385564802029645,0.00011154637335024705,1.0,0.0009278166502729291,kegg,False
K03199,0.0013344871873914388,0.00011120726561595323,1.0,0.0009249960314337472,kegg,False
K11911,0.001328356357590032,0.00011069636313250266,1.0,0.0009207464640424092,kegg,False
K00137,0.0013272787556856563,0.00011060656297380469,1.0,0.0009199995273206251,kegg,False
K03275,0.0013206047294293838,0.00011005039411911532,1.0,0.0009153734448381068,kegg,False
K13636,0.0013148412618588078,0.00010957010515490065,1.0,0.0009113785135413133,kegg,False
K16325,0.0013104215954919357,0.00010920179962432797,1.0,0.0009083150342601003,kegg,False
K16011,0.0013031413628409759,0.00010859511357008132,1.0,0.0009032687615242671,kegg,False
K01960,0.0013012121573981311,0.00010843434644984426,1.0,0.0009019315382108383,kegg,False
K22597,0.0012969452995764113,0.00010807877496470094,1.0,0.0008989739777418631,kegg,False
K13926,0.001293099814980946,0.00010775831791507883,1.0,0.0008963084909366296,kegg,False
K00568,0.0012924838053821992,0.00010770698378184993,1.0,0.0008958815056200604,kegg,False
K02057,0.0012903915881228405,0.00010753263234357004,1.0,0.000894431291125617,kegg,False
K22604,0.001282929455678173,0.0001069107879731811,1.0,0.000889258935060631,kegg,False
K04654,0.0012826646459256712,0.00010688872049380593,1.0,0.0008890753829272995,kegg,False
K07771,0.0012817318201449868,0.00010681098501208224,1.0,0.0008884287973674645,kegg,False
K03670,0.00128150606539862,0.00010679217211655167,1.0,0.0008882723161015224,kegg,False
K12371,0.0012738708895745315,0.0001061559074645443,1.0,0.000882980015505976,kegg,False
K22105,0.0012694508038819377,0.00010578756699016147,1.0,0.0008799162455703211,kegg,False
K08172,0.001269386828743738,0.00010578223572864484,1.0,0.0008798719013836521,kegg,False
K03893,0.0012665073969789164,0.00010554228308157637,1.0,0.0008778760313742513,kegg,False
K07675,0.0012627603181959747,0.00010523002651633123,1.0,0.0008752787542805193,kegg,False
K13581,0.001249407482574321,0.00010411729021452675,1.0,0.0008660232739168895,kegg,False
K14054,0.0012491336562276902,0.00010409447135230751,1.0,0.0008658334719567594,kegg,False
K05527,0.0012406439858255636,0.00010338699881879696,1.0,0.0008599488808536421,kegg,False
K10906,0.0012333504996058725,0.00010277920830048938,1.0,0.0008548934214440105,kegg,False
K11717,0.0012299585508407074,0.00010249654590339229,1.0,0.0008525423017208324,kegg,False
K11936,0.0012278694098638793,0.00010232245082198994,1.0,0.0008510942195429518,kegg,False
K13631,0.0012277655137920408,0.00010231379281600341,1.0,0.0008510222042736857,kegg,False
K02690,0.0012264087826105324,0.00010220073188421104,1.0,0.0008500817898804454,kegg,False
K10831,0.0012184341565068192,0.00010153617970890161,1.0,0.0008445542002806369,kegg,False
K15723,0.0012112358555140315,0.00010093632129283596,1.0,0.0008395647182426642,kegg,False
K00029,0.0012110758524814561,0.00010092298770678802,1.0,0.0008394538125917535,kegg,False
K03462,0.0012072379347233505,0.00010060316122694587,1.0,0.0008367935707185017,kegg,False
K11392,0.0012069253131973365,0.00010057710943311137,1.0,0.0008365768779891627,kegg,False
K07320,0.0012054045454527118,0.00010045037878772599,1.0,0.0008355227621146896,kegg,False
K09882,0.0011925646102927034,9.938038419105862e-05,1.0,0.0008266227972599573,kegg,False
K01138,0.0011905623954129585,9.921353295107987e-05,1.0,0.000825234967661187,kegg,False
K02671,0.0011796079133005273,9.83006594417106e-05,1.0,0.0008176418992704609,kegg,False
K05844,0.0011725613167956324,9.77134430663027e-05,1.0,0.0008127575707705494,kegg,False
K20143,0.0011393540898809818,9.494617415674848e-05,1.0,0.000789740075060445,kegg,False
K02570,0.0011320804628799236,9.434003857332697e-05,1.0,0.0007846983810122168,kegg,False
K03923,0.0011308583013497596,9.423819177914663e-05,1.0,0.0007838512431933948,kegg,False
K07796,0.0011271398183166908,9.392831819305757e-05,1.0,0.0007812737871630632,kegg,False
K02303,0.0011258604813774865,9.382170678145721e-05,1.0,0.0007803870183706675,kegg,False
K02624,0.001111037978916806,9.258649824306716e-05,1.0,0.000770112842581204,kegg,False
K02429,0.0011108673452454854,9.257227877045711e-05,1.0,0.0007699945683330195,kegg,False
K00769,0.0011106539634039144,9.255449695032621e-05,1.0,0.0007698466633111519,kegg,False
K02572,0.0011094547030769263,9.245455858974386e-05,1.0,0.0007690153993967427,kegg,False
K03533,0.0011081424419566517,9.234520349638764e-05,1.0,0.000768105809301066,kegg,False
K00813,0.0011062621904665325,9.218851587221104e-05,1.0,0.0007668025182819462,kegg,False
K02704,0.0010940843797901715,9.117369831584763e-05,1.0,0.0007583615031462337,kegg,False
K11937,0.0010900215219965999,9.083512683304998e-05,1.0,0.0007555453447216035,kegg,False
K23258,0.001089407495439643,9.078395795330358e-05,1.0,0.00075511973394486,kegg,False
K12262,0.001088550262042356,9.071252183686301e-05,1.0,0.0007545255450324488,kegg,False
K13641,0.0010825992288734357,9.021660240611963e-05,1.0,0.0007504006031699928,kegg,False
K11960,0.0010760544577235497,8.967120481029581e-05,1.0,0.0007458641135000393,kegg,False
K07184,0.0010727755383136332,8.939796152613611e-05,1.0,0.0007435913397557724,kegg,False
K07274,0.0010680179001008724,8.90014916750727e-05,1.0,0.000740293596242473,kegg,False
K00892,0.0010643593543913188,8.869661286594324e-05,1.0,0.0007377576855989462,kegg,False
K03782,0.0010607462352547072,8.839551960455893e-05,1.0,0.0007352532622563767,kegg,False
K13243,0.0010560077674594958,8.800064728829131e-05,1.0,0.0007319688066639518,kegg,False
K07400,0.0010554619072764167,8.795515893970139e-05,1.0,0.0007315904452170706,kegg,False
K00376,0.0010532378178027958,8.776981815023298e-05,1.0,0.0007300488238691173,kegg,False
K21085,0.001051686290428061,8.764052420233842e-05,1.0,0.0007289733870437582,kegg,False
K02705,0.0010497358533207708,8.74779877767309e-05,1.0,0.0007276214470619806,kegg,False
K14475,0.0010445846775071414,8.704872312559511e-05,1.0,0.0007240509240701948,kegg,False
K02496,0.0010433584860016685,8.694654050013903e-05,1.0,0.0007232009928853497,kegg,False
K09158,0.0010375471283145833,8.646226069288194e-05,1.0,0.0007191728666893212,kegg,False
K04338,0.0010184041329787184,8.486701108155986e-05,1.0,0.0007059039534447943,kegg,False
K11382,0.001014167369793605,8.451394748280042e-05,1.0,0.0007029672529883327,kegg,False
K23509,0.0010112562498376153,8.427135415313461e-05,1.0,0.0007009494183985666,kegg,False
K00354,0.0010076106598933602,8.396755499111335e-05,1.0,0.0006984224880072286,kegg,False
K09927,0.0010071959679330818,8.393299732775682e-05,1.0,0.0006981350454441607,kegg,False
K06436,0.0009779247634396785,8.149373028663988e-05,1.0,0.0006778457925779646,kegg,False
K02317,0.0009320763392105399,7.767302826754499e-05,1.0,0.0006460660865904209,kegg,False
K20530,0.0009282041418969009,7.735034515807508e-05,1.0,0.0006433820839399002,kegg,False
K15828,0.0009247040825397031,7.705867354497525e-05,1.0,0.0006409560276646662,kegg,False
K00216,0.0009107926188641192,7.589938490534327e-05,1.0,0.000631313335840473,kegg,False
K05839,0.0008995563895237493,7.496303246031244e-05,1.0,0.0006235249751530708,kegg,False
K08365,0.0008940552403061936,7.450460335884947e-05,1.0,0.0006197118690830824,kegg,False
K12943,0.0008672115511868812,7.226762926557344e-05,1.0,0.0006011052416542034,kegg,False
K19229,0.0008266028110299953,6.888356758583295e-05,1.0,0.0005729574079083665,kegg,False
K21086,0.0008051250789955625,6.709375658296355e-05,1.0,0.0005580701785038774,kegg,False
K07232,0.0007325349971731476,6.10445830977623e-05,1.0,0.0005077545679520548,kegg,False
K05714,0.000721855440340724,6.015462002839367e-05,1.0,0.0005003520632440307,kegg,False
K19336,0.0007108494304530682,5.9237452537755684e-05,1.0,0.0004927232785211872,kegg,False
K03815,0.0006828986934234535,5.690822445195446e-05,1.0,0.00047334930395453724,kegg,False
K13677,0.0023208246019643,0.00019340205016369166,0.0,0.0,kegg,False
K03294,0.0022554434896838,0.00018795362414031664,0.0,0.0,kegg,False
K19231,0.0022428137273447233,0.00018690114394539361,0.0,0.0,kegg,False
K11263,0.002171135360703537,0.00018092794672529476,0.0,0.0,kegg,False
K00196,0.002148845266325822,0.00017907043886048518,0.0,0.0,kegg,False
K01713,0.0021104732656175005,0.00017587277213479172,0.0,0.0,kegg,False
K10004,0.002092215692792811,0.00017435130773273426,0.0,0.0,kegg,False
K00574,0.002069917329163185,0.00017249311076359875,0.0,0.0,kegg,False
K03046,0.0020590383463417374,0.00017158652886181146,0.0,0.0,kegg,False
K09251,0.002051986902180006,0.0001709989085150005,0.0,0.0,kegg,False
K03335,0.0020474483633975,0.00017062069694979165,0.0,0.0,kegg,False
K02122,0.002044186258768393,0.00017034885489736608,0.0,0.0,kegg,False
K06400,0.002012998742388075,0.00016774989519900623,0.0,0.0,kegg,False
K22339,0.0020128916313357998,0.0001677409692779833,0.0,0.0,kegg,False
K04744,0.002010758515741884,0.00016756320964515702,0.0,0.0,kegg,False
K16868,0.0020058361219477305,0.00016715301016231087,0.0,0.0,kegg,False
K03426,0.001994084263038343,0.00016617368858652857,0.0,0.0,kegg,False
K09800,0.0019715605835563003,0.00016429671529635836,0.0,0.0,kegg,False
K00786,0.0019520032114210494,0.00016266693428508745,0.0,0.0,kegg,False
K02835,0.0019439075260310392,0.00016199229383591994,0.0,0.0,kegg,False
K03620,0.0019425663394849,0.00016188052829040834,0.0,0.0,kegg,False
K02385,0.0019324213194603001,0.000161035109955025,0.0,0.0,kegg,False
K09903,0.001925641607454173,0.0001604701339545144,0.0,0.0,kegg,False
K14274,0.001910926207830269,0.0001592438506525224,0.0,0.0,kegg,False
K02626,0.0018948998930611177,0.0001579083244217598,0.0,0.0,kegg,False
K00684,0.0018895856842291749,0.00015746547368576457,0.0,0.0,kegg,False
K09013,0.0018843491545124564,0.00015702909620937138,0.0,0.0,kegg,False
K08641,0.0018840613296903107,0.00015700511080752588,0.0,0.0,kegg,False
K00231,0.0018767811130753053,0.00015639842608960878,0.0,0.0,kegg,False
K01267,0.0018764597429067743,0.00015637164524223118,0.0,0.0,kegg,False
K02227,0.0018759850930965554,0.0001563320910913796,0.0,0.0,kegg,False
K01209,0.0018758387994441499,0.00015631989995367916,0.0,0.0,kegg,False
K07146,0.001855721229697568,0.00015464343580813068,0.0,0.0,kegg,False
K02982,0.0018556488725844117,0.000154637406048701,0.0,0.0,kegg,False
K17675,0.001850958924860549,0.0001542465770717124,0.0,0.0,kegg,False
K01684,0.0018500674743298137,0.00015417228952748448,0.0,0.0,kegg,False
K01215,0.0018481747298234417,0.00015401456081862015,0.0,0.0,kegg,False
K02123,0.0018442772665581795,0.00015368977221318162,0.0,0.0,kegg,False
K05845,0.0018428471779434728,0.00015357059816195606,0.0,0.0,kegg,False
K03303,0.001842312437173914,0.00015352603643115951,0.0,0.0,kegg,False
K13527,0.0018381166589164523,0.0001531763882430377,0.0,0.0,kegg,False
K07052,0.0018359095561340394,0.00015299246301116995,0.0,0.0,kegg,False
K00282,0.00183582123749346,0.000152985103124455,0.0,0.0,kegg,False
K02046,0.0018343028612003002,0.00015285857176669168,0.0,0.0,kegg,False
K03326,0.0018338430858031104,0.0001528202571502592,0.0,0.0,kegg,False
K01627,0.001832334905205806,0.00015269457543381717,0.0,0.0,kegg,False
K02556,0.0018279150934509736,0.00015232625778758112,0.0,0.0,kegg,False
K18682,0.0018259410025545863,0.00015216175021288218,0.0,0.0,kegg,False
K09925,0.0018243345496499342,0.00015202787913749452,0.0,0.0,kegg,False
K15866,0.0018219465360752457,0.00015182887800627048,0.0,0.0,kegg,False
K02948,0.0018202779659519982,0.00015168983049599984,0.0,0.0,kegg,False
K13529,0.0018157688174922772,0.00015131406812435644,0.0,0.0,kegg,False
K19504,0.0018139415600591595,0.00015116179667159664,0.0,0.0,kegg,False
K01464,0.0018114710483577044,0.00015095592069647537,0.0,0.0,kegg,False
K04015,0.0018079252999562776,0.00015066044166302313,0.0,0.0,kegg,False
K09952,0.0018041052757214776,0.00015034210631012314,0.0,0.0,kegg,False
K01057,0.0018027267060677624,0.00015022722550564685,0.0,0.0,kegg,False
K00925,0.0018020075244986333,0.00015016729370821944,0.0,0.0,kegg,False
K02472,0.0017937857210858531,0.0001494821434238211,0.0,0.0,kegg,False
K06209,0.0017826074117239857,0.00014855061764366547,0.0,0.0,kegg,False
K16899,0.001776996614306483,0.0001480830511922069,0.0,0.0,kegg,False
K02231,0.0017738807530410965,0.00014782339608675803,0.0,0.0,kegg,False
K02535,0.0017680304602911052,0.00014733587169092543,0.0,0.0,kegg,False
K06155,0.001765061817154519,0.0001470884847628766,0.0,0.0,kegg,False
K01956,0.001757570353264962,0.0001464641961054135,0.0,0.0,kegg,False
K05786,0.0017532055486672031,0.0001461004623889336,0.0,0.0,kegg,False
K05516,0.0017469425869524806,0.0001455785489127067,0.0,0.0,kegg,False
K01772,0.0017467168435448981,0.00014555973696207485,0.0,0.0,kegg,False
K00821,0.0017439199167432486,0.00014532665972860406,0.0,0.0,kegg,False
K19138,0.0017396461475622158,0.0001449705122968513,0.0,0.0,kegg,False
K03687,0.0017391990870182705,0.00014493325725152255,0.0,0.0,kegg,False
K03306,0.0017253947477700344,0.00014378289564750287,0.0,0.0,kegg,False
K01482,0.001722665341292404,0.00014355544510770034,0.0,0.0,kegg,False
K18430,0.0017102908677152856,0.0001425242389762738,0.0,0.0,kegg,False
K07161,0.0016992591058636142,0.00014160492548863452,0.0,0.0,kegg,False
K01911,0.0016956619737330224,0.00014130516447775186,0.0,0.0,kegg,False
K01409,0.0016918877239795087,0.00014099064366495905,0.0,0.0,kegg,False
K01118,0.0016899360739065774,0.00014082800615888144,0.0,0.0,kegg,False
K00982,0.00168901865402128,0.00014075155450177335,0.0,0.0,kegg,False
K15987,0.0016889129183913325,0.00014074274319927772,0.0,0.0,kegg,False
K02198,0.0016870081605024046,0.00014058401337520038,0.0,0.0,kegg,False
K18640,0.001683084991398183,0.00014025708261651524,0.0,0.0,kegg,False
K13566,0.0016824354477009368,0.00014020295397507807,0.0,0.0,kegg,False
K03553,0.001672713000627993,0.00013939275005233275,0.0,0.0,kegg,False
K09729,0.0016721496527117078,0.0001393458043926423,0.0,0.0,kegg,False
K02007,0.0016718690663595276,0.0001393224221966273,0.0,0.0,kegg,False
K12269,0.0016681698132611912,0.00013901415110509927,0.0,0.0,kegg,False
K17203,0.0016681072267702346,0.00013900893556418622,0.0,0.0,kegg,False
K06207,0.001667257752038049,0.00013893814600317075,0.0,0.0,kegg,False
K07462,0.0016626395387454558,0.00013855329489545465,0.0,0.0,kegg,False
K10011,0.0016623911783529054,0.00013853259819607546,0.0,0.0,kegg,False
K01489,0.001659262161503623,0.00013827184679196858,0.0,0.0,kegg,False
K13789,0.0016588357295674928,0.00013823631079729106,0.0,0.0,kegg,False
K02469,0.0016584887604980789,0.00013820739670817323,0.0,0.0,kegg,False
K01591,0.001654607772566747,0.0001378839810472289,0.0,0.0,kegg,False
K13570,0.0016528561628308736,0.00013773801356923947,0.0,0.0,kegg,False
K02887,0.0016527349475799944,0.00013772791229833286,0.0,0.0,kegg,False
K01066,0.0016524476735623312,0.00013770397279686092,0.0,0.0,kegg,False
K03524,0.0016487180402004963,0.00013739317001670802,0.0,0.0,kegg,False
K13934,0.0016471901566522424,0.00013726584638768687,0.0,0.0,kegg,False
K01007,0.0016462460580067156,0.00013718717150055964,0.0,0.0,kegg,False
K09710,0.0016461652815510255,0.00013718044012925212,0.0,0.0,kegg,False
K21739,0.001646045225580597,0.00013717043546504975,0.0,0.0,kegg,False
K02532,0.001644792367272689,0.0001370660306060574,0.0,0.0,kegg,False
K21977,0.001644708537132573,0.00013705904476104774,0.0,0.0,kegg,False
K02027,0.0016381906776809258,0.0001365158898067438,0.0,0.0,kegg,False
K02422,0.0016346491613338017,0.0001362207634444835,0.0,0.0,kegg,False
K02191,0.001633633230509669,0.00013613610254247242,0.0,0.0,kegg,False
K10793,0.0016319179603911061,0.00013599316336592552,0.0,0.0,kegg,False
K05876,0.001631543467460167,0.0001359619556216806,0.0,0.0,kegg,False
K03599,0.0016282285656713843,0.0001356857138059487,0.0,0.0,kegg,False
K02812,0.0016268866629488715,0.00013557388857907262,0.0,0.0,kegg,False
K12700,0.0016266518670749216,0.00013555432225624347,0.0,0.0,kegg,False
K10439,0.0016264395081218676,0.0001355366256768223,0.0,0.0,kegg,False
K10038,0.00162305904578753,0.00013525492048229416,0.0,0.0,kegg,False
K08296,0.0016179584855729474,0.0001348298737977456,0.0,0.0,kegg,False
K10806,0.0016038598818508454,0.00013365499015423712,0.0,0.0,kegg,False
K07096,0.0016011765848998373,0.00013343138207498644,0.0,0.0,kegg,False
K07347,0.0015996297740401278,0.00013330248117001065,0.0,0.0,kegg,False
K02775,0.0015994960178374379,0.0001332913348197865,0.0,0.0,kegg,False
K01085,0.0015993650660708,0.00013328042217256668,0.0,0.0,kegg,False
K02967,0.001599064219431278,0.00013325535161927315,0.0,0.0,kegg,False
K06189,0.0015987322194497336,0.00013322768495414446,0.0,0.0,kegg,False
K04043,0.0015981040181915112,0.0001331753348492926,0.0,0.0,kegg,False
K01243,0.0015977527785069868,0.00013314606487558223,0.0,0.0,kegg,False
K14392,0.0015948285616750758,0.00013290238013958966,0.0,0.0,kegg,False
K05785,0.0015934687637609076,0.0001327890636467423,0.0,0.0,kegg,False
K07102,0.0015929833353153422,0.0001327486112762785,0.0,0.0,kegg,False
K01095,0.0015905276276889184,0.00013254396897407653,0.0,0.0,kegg,False
K11473,0.0015871019574832405,0.0001322584964569367,0.0,0.0,kegg,False
K02016,0.001585618515751281,0.00013213487631260677,0.0,0.0,kegg,False
K09690,0.0015837003720500118,0.00013197503100416765,0.0,0.0,kegg,False
K07027,0.0015823318521369998,0.0001318609876780833,0.0,0.0,kegg,False
K03786,0.001581147915898904,0.00013176232632490867,0.0,0.0,kegg,False
K01667,0.0015804139425336153,0.00013170116187780128,0.0,0.0,kegg,False
K03327,0.0015785521900419446,0.00013154601583682872,0.0,0.0,kegg,False
K03070,0.001576269244687519,0.00013135577039062658,0.0,0.0,kegg,False
K19055,0.0015756538101808497,0.00013130448418173748,0.0,0.0,kegg,False
K02653,0.001574336626689274,0.00013119471889077284,0.0,0.0,kegg,False
K06994,0.00157077187152713,0.00013089765596059418,0.0,0.0,kegg,False
K21495,0.0015704613029862244,0.00013087177524885203,0.0,0.0,kegg,False
K03701,0.0015704535893109632,0.00013087113244258027,0.0,0.0,kegg,False
K00949,0.0015678550821062057,0.00013065459017551714,0.0,0.0,kegg,False
K02798,0.0015665606443444448,0.00013054672036203708,0.0,0.0,kegg,False
K01470,0.0015623048371150102,0.00013019206975958418,0.0,0.0,kegg,False
K02013,0.0015616644427763004,0.0001301387035646917,0.0,0.0,kegg,False
K14989,0.0015599841934367238,0.00012999868278639365,0.0,0.0,kegg,False
K06978,0.0015553333086751413,0.00012961110905626179,0.0,0.0,kegg,False
K02588,0.0015525816408044752,0.00012938180340037292,0.0,0.0,kegg,False
K02355,0.0015510873071401879,0.00012925727559501567,0.0,0.0,kegg,False
K13378,0.0015441679202274315,0.00012868066001895263,0.0,0.0,kegg,False
K15777,0.0015416905683406429,0.0001284742140283869,0.0,0.0,kegg,False
K20461,0.0015400819811024775,0.00012834016509187312,0.0,0.0,kegg,False
K23121,0.0015396485674892956,0.00012830404729077463,0.0,0.0,kegg,False
K01810,0.0015384233121983541,0.00012820194268319617,0.0,0.0,kegg,False
K07733,0.0015347894316147625,0.00012789911930123022,0.0,0.0,kegg,False
K02566,0.0015347844113060799,0.00012789870094217332,0.0,0.0,kegg,False
K08219,0.0015333537742789958,0.00012777948118991632,0.0,0.0,kegg,False
K14162,0.0015320900270941967,0.0001276741689245164,0.0,0.0,kegg,False
K00001,0.0015317102357331354,0.00012764251964442796,0.0,0.0,kegg,False
K03757,0.0015308972109597193,0.0001275747675799766,0.0,0.0,kegg,False
K00600,0.0015278164395007175,0.0001273180366250598,0.0,0.0,kegg,False
K07793,0.001527368895337188,0.000127280741278099,0.0,0.0,kegg,False
K16092,0.0015262288003046135,0.00012718573335871778,0.0,0.0,kegg,False
K01419,0.0015240615449515864,0.00012700512874596554,0.0,0.0,kegg,False
K10747,0.0015234330263789275,0.00012695275219824396,0.0,0.0,kegg,False
K06180,0.0015208431566349006,0.00012673692971957505,0.0,0.0,kegg,False
K18928,0.0015199719190562393,0.00012666432658801994,0.0,0.0,kegg,False
K03684,0.0015192656186508362,0.000126605468220903,0.0,0.0,kegg,False
K01745,0.0015166059486531381,0.00012638382905442818,0.0,0.0,kegg,False
K03312,0.0015144024923041033,0.00012620020769200862,0.0,0.0,kegg,False
K02963,0.0015130190662562028,0.0001260849221880169,0.0,0.0,kegg,False
K21393,0.001511684229585211,0.00012597368579876758,0.0,0.0,kegg,False
K13954,0.0015088867959261354,0.00012574056632717794,0.0,0.0,kegg,False
K00788,0.0015075305946707267,0.00012562754955589388,0.0,0.0,kegg,False
K03585,0.0015036845899427098,0.00012530704916189248,0.0,0.0,kegg,False
K12678,0.001501536762938893,0.00012512806357824107,0.0,0.0,kegg,False
K01012,0.0015007647668666615,0.0001250637305722218,0.0,0.0,kegg,False
K07407,0.0015004226187606807,0.00012503521823005673,0.0,0.0,kegg,False
K05499,0.0014979073552130338,0.00012482561293441949,0.0,0.0,kegg,False
K12974,0.0014963108086308015,0.00012469256738590012,0.0,0.0,kegg,False
K01241,0.0014951211832968144,0.0001245934319414012,0.0,0.0,kegg,False
K01876,0.0014933333777821555,0.00012444444814851296,0.0,0.0,kegg,False
K02036,0.0014924911120539847,0.00012437425933783206,0.0,0.0,kegg,False
K02567,0.0014904290995928213,0.00012420242496606845,0.0,0.0,kegg,False
K12063,0.0014881989377729808,0.0001240165781477484,0.0,0.0,kegg,False
K11931,0.0014880904297333536,0.0001240075358111128,0.0,0.0,kegg,False
K13979,0.001487715197083122,0.0001239762664235935,0.0,0.0,kegg,False
K01992,0.0014876963152986034,0.00012397469294155028,0.0,0.0,kegg,False
K01071,0.0014876882978172776,0.00012397402481810648,0.0,0.0,kegg,False
K01912,0.0014872563377532101,0.00012393802814610085,0.0,0.0,kegg,False
K02821,0.0014867867132730389,0.00012389889277275324,0.0,0.0,kegg,False
K02655,0.0014842130320828432,0.00012368441934023692,0.0,0.0,kegg,False
K02931,0.0014835433060162362,0.00012362860883468634,0.0,0.0,kegg,False
K00876,0.0014814880138659498,0.00012345733448882915,0.0,0.0,kegg,False
K10122,0.001479406677006604,0.00012328388975055033,0.0,0.0,kegg,False
K02419,0.001479043607033359,0.0001232536339194466,0.0,0.0,kegg,False
K07248,0.0014778632195526593,0.00012315526829605495,0.0,0.0,kegg,False
K04762,0.0014746957632042318,0.00012289131360035266,0.0,0.0,kegg,False
K23265,0.0014716594701349793,0.00012263828917791493,0.0,0.0,kegg,False
K13888,0.0014695278969624821,0.00012246065808020685,0.0,0.0,kegg,False
K01894,0.001467969581224526,0.00012233079843537717,0.0,0.0,kegg,False
K01000,0.0014646572546580209,0.00012205477122150173,0.0,0.0,kegg,False
K16962,0.001463394617258781,0.00012194955143823175,0.0,0.0,kegg,False
K01567,0.0014615252581658949,0.00012179377151382458,0.0,0.0,kegg,False
K00844,0.0014600596606129162,0.00012167163838440969,0.0,0.0,kegg,False
K10679,0.0014595055134129257,0.00012162545945107715,0.0,0.0,kegg,False
K00857,0.0014578278475849875,0.00012148565396541563,0.0,0.0,kegg,False
K07639,0.0014564154925744608,0.0001213679577145384,0.0,0.0,kegg,False
K11742,0.0014561142967501892,0.00012134285806251577,0.0,0.0,kegg,False
K11189,0.0014550511733975413,0.00012125426444979511,0.0,0.0,kegg,False
K00262,0.0014537013974039832,0.0001211417831169986,0.0,0.0,kegg,False
K01356,0.0014531541528910704,0.0001210961794075892,0.0,0.0,kegg,False
K18702,0.001451363043395212,0.00012094692028293432,0.0,0.0,kegg,False
K02069,0.001448190669803087,0.0001206825558169239,0.0,0.0,kegg,False
K02669,0.0014471164275478483,0.00012059303562898735,0.0,0.0,kegg,False
K02795,0.0014440228076493915,0.00012033523397078263,0.0,0.0,kegg,False
K18148,0.001442839545053587,0.00012023662875446557,0.0,0.0,kegg,False
K02394,0.0014427209982183626,0.00012022674985153022,0.0,0.0,kegg,False
K01156,0.0014416685370591813,0.00012013904475493177,0.0,0.0,kegg,False
K06151,0.0014412160818841862,0.00012010134015701552,0.0,0.0,kegg,False
K02587,0.001440991896950528,0.00012008265807921067,0.0,0.0,kegg,False
K00121,0.0014385721958690067,0.00011988101632241723,0.0,0.0,kegg,False
K01130,0.0014382761899957733,0.00011985634916631445,0.0,0.0,kegg,False
K01577,0.001438180690360222,0.00011984839086335182,0.0,0.0,kegg,False
K02388,0.0014377539573850388,0.00011981282978208657,0.0,0.0,kegg,False
K01955,0.0014366091663711624,0.00011971743053093021,0.0,0.0,kegg,False
K02192,0.0014363043155500835,0.0001196920262958403,0.0,0.0,kegg,False
K00942,0.0014353384301335548,0.00011961153584446291,0.0,0.0,kegg,False
K09472,0.001432612614283922,0.00011938438452366015,0.0,0.0,kegg,False
K02851,0.0014325184904947837,0.00011937654087456531,0.0,0.0,kegg,False
K03615,0.0014314771771582625,0.00011928976476318854,0.0,0.0,kegg,False
K07043,0.0014286411628067195,0.0001190534302338933,0.0,0.0,kegg,False
K13292,0.001424127602362273,0.00011867730019685608,0.0,0.0,kegg,False
K10947,0.0014238653232379794,0.00011865544360316495,0.0,0.0,kegg,False
K06077,0.001422218738950967,0.00011851822824591393,0.0,0.0,kegg,False
K16329,0.0014195129557012514,0.00011829274630843761,0.0,0.0,kegg,False
K01596,0.0014191195643438509,0.00011825996369532091,0.0,0.0,kegg,False
K02008,0.0014190106862410257,0.00011825089052008548,0.0,0.0,kegg,False
K02584,0.0014180104917633151,0.00011816754098027626,0.0,0.0,kegg,False
K02662,0.0014176725548567665,0.00011813937957139721,0.0,0.0,kegg,False
K01805,0.0014171360629037643,0.00011809467190864702,0.0,0.0,kegg,False
K08315,0.0014144716634744063,0.00011787263862286719,0.0,0.0,kegg,False
K03408,0.0014143844175285012,0.0001178653681273751,0.0,0.0,kegg,False
K01183,0.001412673117272325,0.00011772275977269376,0.0,0.0,kegg,False
K01467,0.001411387084230692,0.00011761559035255766,0.0,0.0,kegg,False
K16210,0.0014097609056907831,0.00011748007547423193,0.0,0.0,kegg,False
K02446,0.0014081216142556121,0.00011734346785463434,0.0,0.0,kegg,False
K09758,0.001406596220500785,0.00011721635170839874,0.0,0.0,kegg,False
K01951,0.0014048972831471253,0.00011707477359559378,0.0,0.0,kegg,False
K07265,0.0014035736290363727,0.00011696446908636438,0.0,0.0,kegg,False
K09939,0.0014003597318372751,0.00011669664431977293,0.0,0.0,kegg,False
K07496,0.0014000583171667998,0.00011667152643056665,0.0,0.0,kegg,False
K03545,0.001399335154222311,0.00011661126285185924,0.0,0.0,kegg,False
K17948,0.0013991995695242796,0.0001165999641270233,0.0,0.0,kegg,False
K02502,0.0013991983795198604,0.00011659986495998836,0.0,0.0,kegg,False
K07789,0.001396707131424665,0.00011639226095205542,0.0,0.0,kegg,False
K02200,0.0013963497850147377,0.00011636248208456147,0.0,0.0,kegg,False
K02647,0.0013937731973924373,0.00011614776644936978,0.0,0.0,kegg,False
K02913,0.0013920570268788478,0.00011600475223990399,0.0,0.0,kegg,False
K00651,0.0013918587007121707,0.00011598822505934756,0.0,0.0,kegg,False
K02482,0.00139156551216642,0.000115963792680535,0.0,0.0,kegg,False
K03535,0.0013904639061262337,0.00011587199217718614,0.0,0.0,kegg,False
K01792,0.001390016567166534,0.0001158347139305445,0.0,0.0,kegg,False
K01719,0.0013884053481618922,0.00011570044568015769,0.0,0.0,kegg,False
K01205,0.0013881831003986662,0.00011568192503322219,0.0,0.0,kegg,False
K02878,0.0013873775073214509,0.00011561479227678757,0.0,0.0,kegg,False
K00835,0.0013868205528022627,0.00011556837940018855,0.0,0.0,kegg,False
K02335,0.0013862541830041326,0.00011552118191701106,0.0,0.0,kegg,False
K02080,0.0013858938144195609,0.00011549115120163007,0.0,0.0,kegg,False
K21511,0.0013842020242793756,0.00011535016868994797,0.0,0.0,kegg,False
K00801,0.001383741421415797,0.00011531178511798309,0.0,0.0,kegg,False
K22111,0.0013831676786868073,0.00011526397322390061,0.0,0.0,kegg,False
K02518,0.001382255783374205,0.0001151879819478504,0.0,0.0,kegg,False
K03338,0.0013809297824349186,0.00011507748186957656,0.0,0.0,kegg,False
K09960,0.0013788423525980674,0.00011490352938317229,0.0,0.0,kegg,False
K11069,0.0013784179014092802,0.00011486815845077335,0.0,0.0,kegg,False
K18954,0.0013763793841376805,0.00011469828201147337,0.0,0.0,kegg,False
K12684,0.0013760619426691578,0.00011467182855576316,0.0,0.0,kegg,False
K02781,0.0013739634526845012,0.0001144969543903751,0.0,0.0,kegg,False
K19236,0.001373606833209064,0.00011446723610075532,0.0,0.0,kegg,False
K05790,0.0013725316098126546,0.00011437763415105455,0.0,0.0,kegg,False
K07156,0.0013714606697603497,0.00011428838914669581,0.0,0.0,kegg,False
K05601,0.0013708082945984323,0.00011423402454986936,0.0,0.0,kegg,False
K01133,0.0013696919106281507,0.0001141409925523459,0.0,0.0,kegg,False
K21470,0.0013696549871453725,0.00011413791559544771,0.0,0.0,kegg,False
K06989,0.0013684065196332739,0.00011403387663610615,0.0,0.0,kegg,False
K03745,0.0013681040860359882,0.00011400867383633235,0.0,0.0,kegg,False
K03328,0.001366140728078614,0.00011384506067321783,0.0,0.0,kegg,False
K04477,0.0013659406915567855,0.00011382839096306547,0.0,0.0,kegg,False
K03777,0.0013652133988591162,0.00011376778323825969,0.0,0.0,kegg,False
K02470,0.0013645529255836366,0.00011371274379863638,0.0,0.0,kegg,False
K01207,0.0013625309796831352,0.00011354424830692794,0.0,0.0,kegg,False
K05820,0.0013624610895261193,0.00011353842412717661,0.0,0.0,kegg,False
K07271,0.0013591045263229593,0.00011325871052691327,0.0,0.0,kegg,False
K18320,0.0013580514627665595,0.00011317095523054663,0.0,0.0,kegg,False
K15539,0.0013562617238222477,0.00011302181031852064,0.0,0.0,kegg,False
K09128,0.0013559567303517393,0.00011299639419597828,0.0,0.0,kegg,False
K08169,0.0013549697788275083,0.00011291414823562569,0.0,0.0,kegg,False
K02897,0.0013545666813035968,0.00011288055677529974,0.0,0.0,kegg,False
K18929,0.0013531648548409582,0.00011276373790341318,0.0,0.0,kegg,False
K16234,0.001353008416522123,0.00011275070137684358,0.0,0.0,kegg,False
K02392,0.0013516027733458562,0.00011263356444548802,0.0,0.0,kegg,False
K12056,0.0013505832595730987,0.00011254860496442489,0.0,0.0,kegg,False
K03635,0.0013485604655404416,0.00011238003879503681,0.0,0.0,kegg,False
K01163,0.0013462478785374063,0.00011218732321145053,0.0,0.0,kegg,False
K01525,0.0013454296782981325,0.00011211913985817771,0.0,0.0,kegg,False
K13894,0.0013423975846829318,0.00011186646539024432,0.0,0.0,kegg,False
K04033,0.0013423009455813563,0.0001118584121317797,0.0,0.0,kegg,False
K19221,0.0013419237520604641,0.000111826979338372,0.0,0.0,kegg,False
K19228,0.0013396838109092047,0.00011164031757576706,0.0,0.0,kegg,False
K16886,0.0013391064382587171,0.00011159220318822643,0.0,0.0,kegg,False
K02847,0.0013367485653090001,0.00011139571377575001,0.0,0.0,kegg,False
K01598,0.0013364423761478648,0.00011137019801232206,0.0,0.0,kegg,False
K13002,0.0013332599962028713,0.00011110499968357262,0.0,0.0,kegg,False
K00176,0.001332973489140426,0.00011108112409503549,0.0,0.0,kegg,False
K07786,0.0013313695474193768,0.00011094746228494807,0.0,0.0,kegg,False
K01935,0.0013312592530724462,0.00011093827108937052,0.0,0.0,kegg,False
K03580,0.001325565134995997,0.00011046376124966641,0.0,0.0,kegg,False
K19265,0.0013254827630426729,0.00011045689692022275,0.0,0.0,kegg,False
K09004,0.0013252036578711344,0.00011043363815592786,0.0,0.0,kegg,False
K08368,0.001322512353270585,0.00011020936277254875,0.0,0.0,kegg,False
K09893,0.0013206948786814367,0.00011005790655678639,0.0,0.0,kegg,False
K13678,0.001318461998170366,0.00010987183318086383,0.0,0.0,kegg,False
K02113,0.0013182695504959545,0.00010985579587466288,0.0,0.0,kegg,False
K03086,0.0013179530948239358,0.00010982942456866131,0.0,0.0,kegg,False
K05788,0.0013164084304829657,0.00010970070254024714,0.0,0.0,kegg,False
K09858,0.0013149681135672655,0.00010958067613060546,0.0,0.0,kegg,False
K01974,0.0013145516573599074,0.00010954597144665895,0.0,0.0,kegg,False
K14192,0.0013145311240522724,0.00010954426033768937,0.0,0.0,kegg,False
K08298,0.001314504265068984,0.000109542022089082,0.0,0.0,kegg,False
K02421,0.0013128799863100966,0.00010940666552584139,0.0,0.0,kegg,False
K02380,0.0013114041265844228,0.00010928367721536857,0.0,0.0,kegg,False
K09778,0.0013096930100019995,0.00010914108416683328,0.0,0.0,kegg,False
K00333,0.0013088622502024864,0.00010907185418354054,0.0,0.0,kegg,False
K06133,0.0013087856514818383,0.00010906547095681986,0.0,0.0,kegg,False
K02484,0.0013081761643923898,0.00010901468036603248,0.0,0.0,kegg,False
K00885,0.0013080813353519298,0.00010900677794599416,0.0,0.0,kegg,False
K02461,0.0013077327783813906,0.00010897773153178255,0.0,0.0,kegg,False
K15635,0.0013075242420516235,0.00010896035350430196,0.0,0.0,kegg,False
K03633,0.0013058150674048006,0.00010881792228373338,0.0,0.0,kegg,False
K01512,0.0013044041121974082,0.00010870034268311734,0.0,0.0,kegg,False
K10800,0.001304321750667914,0.00010869347922232615,0.0,0.0,kegg,False
K02759,0.0013040605638689196,0.0001086717136557433,0.0,0.0,kegg,False
K09691,0.001303230978058243,0.00010860258150485358,0.0,0.0,kegg,False
K05837,0.0012966222234023685,0.00010805185195019737,0.0,0.0,kegg,False
K12985,0.0012950735694793691,0.00010792279745661409,0.0,0.0,kegg,False
K10206,0.0012949662164879509,0.0001079138513739959,0.0,0.0,kegg,False
K01961,0.0012948415405874625,0.00010790346171562187,0.0,0.0,kegg,False
K01051,0.001292104007589048,0.00010767533396575399,0.0,0.0,kegg,False
K02855,0.0012908376836422847,0.00010756980697019039,0.0,0.0,kegg,False
K04652,0.0012902412765712053,0.00010752010638093378,0.0,0.0,kegg,False
K03543,0.001288207549665377,0.00010735062913878142,0.0,0.0,kegg,False
K05805,0.001288036852556185,0.00010733640437968207,0.0,0.0,kegg,False
K02551,0.001286359785631051,0.00010719664880258759,0.0,0.0,kegg,False
K01681,0.0012837377765927086,0.00010697814804939238,0.0,0.0,kegg,False
K00033,0.0012780612516092166,0.00010650510430076805,0.0,0.0,kegg,False
K19611,0.0012772787086160217,0.00010643989238466848,0.0,0.0,kegg,False
K19157,0.001273154875109478,0.0001060962395924565,0.0,0.0,kegg,False
K21028,0.0012715700344723224,0.0001059641695393602,0.0,0.0,kegg,False
K01585,0.0012688176353414392,0.00010573480294511993,0.0,0.0,kegg,False
K01495,0.0012675603926524774,0.00010563003272103979,0.0,0.0,kegg,False
K09516,0.0012671279425807524,0.00010559399521506271,0.0,0.0,kegg,False
K03644,0.0012671245066887792,0.0001055937088907316,0.0,0.0,kegg,False
K12368,0.0012668119608360124,0.00010556766340300103,0.0,0.0,kegg,False
K02071,0.0012667181604365614,0.00010555984670304678,0.0,0.0,kegg,False
K02945,0.001265408369000447,0.00010545069741670391,0.0,0.0,kegg,False
K23269,0.0012639779347816437,0.00010533149456513697,0.0,0.0,kegg,False
K07806,0.0012630775686452561,0.00010525646405377134,0.0,0.0,kegg,False
K06113,0.0012623030306386184,0.00010519191921988486,0.0,0.0,kegg,False
K03296,0.0012614111003068239,0.00010511759169223532,0.0,0.0,kegg,False
K08369,0.001257153010243185,0.00010476275085359875,0.0,0.0,kegg,False
K08310,0.0012546324516980122,0.00010455270430816768,0.0,0.0,kegg,False
K21929,0.001252564916295775,0.00010438040969131458,0.0,0.0,kegg,False
K02890,0.0012513921638629718,0.00010428268032191432,0.0,0.0,kegg,False
K12954,0.0012510656604019304,0.00010425547170016086,0.0,0.0,kegg,False
K00368,0.0012504592448950717,0.0001042049370745893,0.0,0.0,kegg,False
K17214,0.0012498444224331904,0.00010415370186943253,0.0,0.0,kegg,False
K03079,0.0012491360571760088,0.00010409467143133407,0.0,0.0,kegg,False
K06145,0.001248227034228316,0.00010401891951902633,0.0,0.0,kegg,False
K02357,0.0012474372401330871,0.00010395310334442393,0.0,0.0,kegg,False
K01582,0.001246809191520992,0.00010390076596008266,0.0,0.0,kegg,False
K02965,0.0012462079314066274,0.00010385066095055228,0.0,0.0,kegg,False
K02066,0.0012459759195763073,0.00010383132663135894,0.0,0.0,kegg,False
K07038,0.0012440045821325702,0.00010366704851104751,0.0,0.0,kegg,False
K02065,0.0012426755555866548,0.0001035562962988879,0.0,0.0,kegg,False
K01686,0.0012392204272349177,0.00010326836893624314,0.0,0.0,kegg,False
K13821,0.0012391221272081805,0.00010326017726734837,0.0,0.0,kegg,False
K08996,0.001237769183586653,0.00010314743196555441,0.0,0.0,kegg,False
K09771,0.0012373541026041563,0.00010311284188367968,0.0,0.0,kegg,False
K02459,0.0012362634403235361,0.00010302195336029468,0.0,0.0,kegg,False
K00645,0.0012335865891022152,0.0001027988824251846,0.0,0.0,kegg,False
K11740,0.0012324599784019775,0.00010270499820016479,0.0,0.0,kegg,False
K07346,0.001229062564912268,0.00010242188040935566,0.0,0.0,kegg,False
K00929,0.0012284896633068365,0.00010237413860890303,0.0,0.0,kegg,False
K16927,0.0012281313539954431,0.00010234427949962026,0.0,0.0,kegg,False
K09921,0.0012269951329656082,0.00010224959441380068,0.0,0.0,kegg,False
K05874,0.0012261977965421754,0.00010218314971184795,0.0,0.0,kegg,False
K15532,0.0012235828570294053,0.00010196523808578377,0.0,0.0,kegg,False
K07000,0.001221096346254272,0.00010175802885452268,0.0,0.0,kegg,False
K00098,0.0012181554566889688,0.00010151295472408073,0.0,0.0,kegg,False
K00966,0.0012152897645521382,0.00010127414704601152,0.0,0.0,kegg,False
K07812,0.0012121234420995413,0.00010101028684162844,0.0,0.0,kegg,False
K00116,0.0012087232020879456,0.00010072693350732881,0.0,0.0,kegg,False
K00127,0.0012083587885040525,0.00010069656570867104,0.0,0.0,kegg,False
K01840,0.0012076968655728721,0.00010064140546440602,0.0,0.0,kegg,False
K00264,0.001207253771814083,0.00010060448098450692,0.0,0.0,kegg,False
K13498,0.0012060142931577407,0.0001005011910964784,0.0,0.0,kegg,False
K15873,0.0012030534433138328,0.00010025445360948607,0.0,0.0,kegg,False
K03071,0.0012016250481691913,0.00010013542068076594,0.0,0.0,kegg,False
K00124,0.0012004616734183568,0.00010003847278486306,0.0,0.0,kegg,False
K04651,0.0011996191621683188,9.996826351402656e-05,0.0,0.0,kegg,False
K06857,0.0011989212749548483,9.991010624623736e-05,0.0,0.0,kegg,False
K02822,0.001198664066228364,9.9888672185697e-05,0.0,0.0,kegg,False
K07560,0.0011981967103690885,9.984972586409072e-05,0.0,0.0,kegg,False
K19270,0.0011961198416623568,9.967665347186307e-05,0.0,0.0,kegg,False
K01220,0.0011943594712802927,9.952995594002439e-05,0.0,0.0,kegg,False
K00336,0.0011941104538778834,9.950920448982362e-05,0.0,0.0,kegg,False
K03212,0.001193985682344854,9.949880686207118e-05,0.0,0.0,kegg,False
K07679,0.0011930400965917346,9.942000804931122e-05,0.0,0.0,kegg,False
K06415,0.0011908450818001945,9.923709015001621e-05,0.0,0.0,kegg,False
K11959,0.0011906226542791917,9.921855452326598e-05,0.0,0.0,kegg,False
K03931,0.0011896966028692743,9.914138357243952e-05,0.0,0.0,kegg,False
K02919,0.0011874943257010433,9.895786047508694e-05,0.0,0.0,kegg,False
K11719,0.0011864577270401138,9.887147725334281e-05,0.0,0.0,kegg,False
K00573,0.0011859468425689257,9.882890354741047e-05,0.0,0.0,kegg,False
K08289,0.0011857285433054111,9.881071194211759e-05,0.0,0.0,kegg,False
K23349,0.0011847207971253499,9.872673309377915e-05,0.0,0.0,kegg,False
K13895,0.0011836341223252762,9.863617686043969e-05,0.0,0.0,kegg,False
K19222,0.0011825007935888302,9.854173279906919e-05,0.0,0.0,kegg,False
K20373,0.0011815959725415977,9.846633104513315e-05,0.0,0.0,kegg,False
K08194,0.0011806797827872547,9.83899818989379e-05,0.0,0.0,kegg,False
K15832,0.0011774996616532034,9.812497180443362e-05,0.0,0.0,kegg,False
K00175,0.0011771260290918593,9.809383575765493e-05,0.0,0.0,kegg,False
K03694,0.0011765489586506885,9.804574655422404e-05,0.0,0.0,kegg,False
K00332,0.0011762307860567725,9.80192321713977e-05,0.0,0.0,kegg,False
K00948,0.0011757594605323887,9.797995504436573e-05,0.0,0.0,kegg,False
K19709,0.0011757291778740004,9.797743148950003e-05,0.0,0.0,kegg,False
K13381,0.0011753720394130276,9.794766995108563e-05,0.0,0.0,kegg,False
K21089,0.001173577086021929,9.779809050182741e-05,0.0,0.0,kegg,False
K01966,0.0011663035021549338,9.719195851291114e-05,0.0,0.0,kegg,False
K16053,0.001160277668125411,9.668980567711759e-05,0.0,0.0,kegg,False
K05539,0.0011595588310066819,9.662990258389015e-05,0.0,0.0,kegg,False
K08348,0.0011590872684210096,9.659060570175081e-05,0.0,0.0,kegg,False
K04655,0.0011590266279310896,9.658555232759079e-05,0.0,0.0,kegg,False
K03634,0.001158734261846948,9.656118848724567e-05,0.0,0.0,kegg,False
K22650,0.001158425180015754,9.65354316679795e-05,0.0,0.0,kegg,False
K01673,0.0011574659163423352,9.645549302852794e-05,0.0,0.0,kegg,False
K16013,0.0011566007432463146,9.638339527052622e-05,0.0,0.0,kegg,False
K03040,0.0011564503223705925,9.637086019754938e-05,0.0,0.0,kegg,False
K06006,0.0011561492662297936,9.634577218581613e-05,0.0,0.0,kegg,False
K01491,0.001154863499877704,9.623862498980867e-05,0.0,0.0,kegg,False
K03973,0.0011544935499500956,9.620779582917464e-05,0.0,0.0,kegg,False
K01676,0.0011536755195493524,9.61396266291127e-05,0.0,0.0,kegg,False
K07749,0.0011528377377239152,9.606981147699293e-05,0.0,0.0,kegg,False
K19050,0.0011526664153211784,9.60555346100982e-05,0.0,0.0,kegg,False
K16958,0.0011506762811322447,9.588969009435372e-05,0.0,0.0,kegg,False
K03586,0.0011499708784726323,9.583090653938602e-05,0.0,0.0,kegg,False
K16012,0.0011493520491219454,9.577933742682878e-05,0.0,0.0,kegg,False
K01438,0.0011452200071120201,9.543500059266834e-05,0.0,0.0,kegg,False
K09801,0.001144904263300244,9.540868860835367e-05,0.0,0.0,kegg,False
K03749,0.0011431057715016058,9.525881429180048e-05,0.0,0.0,kegg,False
K18899,0.001142486605889815,9.520721715748458e-05,0.0,0.0,kegg,False
K18141,0.001142022326904004,9.516852724200034e-05,0.0,0.0,kegg,False
K15024,0.0011417765506514872,9.514804588762393e-05,0.0,0.0,kegg,False
K03835,0.001141721010042043,9.514341750350358e-05,0.0,0.0,kegg,False
K03836,0.001141513887275115,9.512615727292625e-05,0.0,0.0,kegg,False
K13896,0.0011406579923228944,9.505483269357454e-05,0.0,0.0,kegg,False
K01897,0.0011403263819435194,9.502719849529329e-05,0.0,0.0,kegg,False
K07755,0.001138601792999358,9.48834827499465e-05,0.0,0.0,kegg,False
K21029,0.0011371578456167595,9.476315380139663e-05,0.0,0.0,kegg,False
K00389,0.0011360807201680815,9.467339334734013e-05,0.0,0.0,kegg,False
K04774,0.001135508433247465,9.462570277062207e-05,0.0,0.0,kegg,False
K12543,0.0011352984178253517,9.460820148544598e-05,0.0,0.0,kegg,False
K01608,0.0011344007232539136,9.45333936044928e-05,0.0,0.0,kegg,False
K10820,0.001133565342019354,9.446377850161283e-05,0.0,0.0,kegg,False
K18921,0.0011334256401711353,9.445213668092794e-05,0.0,0.0,kegg,False
K04656,0.0011332004831548816,9.443337359624013e-05,0.0,0.0,kegg,False
K00840,0.0011322532537045979,9.435443780871648e-05,0.0,0.0,kegg,False
K22131,0.0011321713019925206,9.434760849937671e-05,0.0,0.0,kegg,False
K06445,0.001132094470832199,9.434120590268325e-05,0.0,0.0,kegg,False
K03557,0.0011301339042529138,9.417782535440948e-05,0.0,0.0,kegg,False
K04752,0.0011287691255637373,9.40640937969781e-05,0.0,0.0,kegg,False
K23181,0.001128025783473313,9.400214862277609e-05,0.0,0.0,kegg,False
K12507,0.0011279603958700688,9.399669965583907e-05,0.0,0.0,kegg,False
K00005,0.001125970718162691,9.383089318022425e-05,0.0,0.0,kegg,False
K06215,0.001125190985074981,9.376591542291509e-05,0.0,0.0,kegg,False
K00285,0.001124238945799653,9.368657881663775e-05,0.0,0.0,kegg,False
K02519,0.001123837948013491,9.365316233445758e-05,0.0,0.0,kegg,False
K13620,0.0011228306182685596,9.356921818904664e-05,0.0,0.0,kegg,False
K02386,0.0011218169690289186,9.348474741907656e-05,0.0,0.0,kegg,False
K22397,0.001117311182425642,9.310926520213684e-05,0.0,0.0,kegg,False
K01079,0.0011172428671170874,9.310357225975729e-05,0.0,0.0,kegg,False
K07345,0.001117184302355285,9.309869186294041e-05,0.0,0.0,kegg,False
K02498,0.0011166602468172422,9.305502056810352e-05,0.0,0.0,kegg,False
K19802,0.0011159614439046606,9.299678699205505e-05,0.0,0.0,kegg,False
K12957,0.001115224518675266,9.293537655627217e-05,0.0,0.0,kegg,False
K08156,0.0011125918252581448,9.271598543817874e-05,0.0,0.0,kegg,False
K15034,0.0011087266838388664,9.239389031990554e-05,0.0,0.0,kegg,False
K11910,0.001108586492728806,9.23822077274005e-05,0.0,0.0,kegg,False
K07279,0.0011058733261777845,9.215611051481537e-05,0.0,0.0,kegg,False
K14347,0.0011054314526838444,9.21192877236537e-05,0.0,0.0,kegg,False
K01443,0.0011053079235840968,9.210899363200807e-05,0.0,0.0,kegg,False
K13732,0.0011052347369425342,9.210289474521118e-05,0.0,0.0,kegg,False
K16710,0.0011040872431360706,9.200727026133922e-05,0.0,0.0,kegg,False
K12264,0.0011037015685444853,9.197513071204043e-05,0.0,0.0,kegg,False
K13051,0.0011036526373594657,9.197105311328881e-05,0.0,0.0,kegg,False
K01212,0.0011030133962882578,9.191778302402148e-05,0.0,0.0,kegg,False
K19333,0.0011029131011327437,9.190942509439532e-05,0.0,0.0,kegg,False
K06980,0.0011028235250507955,9.190196042089963e-05,0.0,0.0,kegg,False
K04016,0.001102295682749446,9.185797356245384e-05,0.0,0.0,kegg,False
K00457,0.0011013606531957859,9.178005443298216e-05,0.0,0.0,kegg,False
K19577,0.0011009840043702094,9.174866703085079e-05,0.0,0.0,kegg,False
K04753,0.00110078950004794,9.173245833732833e-05,0.0,0.0,kegg,False
K16055,0.0011001149623300738,9.167624686083949e-05,0.0,0.0,kegg,False
K09937,0.0010985538668096206,9.154615556746838e-05,0.0,0.0,kegg,False
K03548,0.0010985111074226206,9.154259228521839e-05,0.0,0.0,kegg,False
K11177,0.0010966086278448156,9.13840523204013e-05,0.0,0.0,kegg,False
K00833,0.0010944460548653933,9.120383790544944e-05,0.0,0.0,kegg,False
K07259,0.0010930021990285723,9.108351658571436e-05,0.0,0.0,kegg,False
K05523,0.0010911810463699863,9.093175386416552e-05,0.0,0.0,kegg,False
K00996,0.0010909830807288128,9.091525672740106e-05,0.0,0.0,kegg,False
K23060,0.0010904805818903634,9.087338182419694e-05,0.0,0.0,kegg,False
K03776,0.0010893028390377498,9.077523658647915e-05,0.0,0.0,kegg,False
K03672,0.0010892603141243228,9.077169284369357e-05,0.0,0.0,kegg,False
K01144,0.0010887092716643032,9.072577263869194e-05,0.0,0.0,kegg,False
K01920,0.0010883560948884124,9.069634124070103e-05,0.0,0.0,kegg,False
K04765,0.0010862986603805904,9.05248883650492e-05,0.0,0.0,kegg,False
K02560,0.001085866198609862,9.048884988415518e-05,0.0,0.0,kegg,False
K02048,0.001085058047564139,9.042150396367824e-05,0.0,0.0,kegg,False
K09774,0.001085004891363509,9.04170742802924e-05,0.0,0.0,kegg,False
K09946,0.0010848504371837237,9.040420309864364e-05,0.0,0.0,kegg,False
K15550,0.001078055642999015,8.983797024991791e-05,0.0,0.0,kegg,False
K06178,0.0010755911212375231,8.963259343646026e-05,0.0,0.0,kegg,False
K01682,0.0010745140953875936,8.954284128229947e-05,0.0,0.0,kegg,False
K02196,0.0010732553351764948,8.943794459804123e-05,0.0,0.0,kegg,False
K14053,0.001072833797263847,8.940281643865392e-05,0.0,0.0,kegg,False
K05522,0.0010718854705388718,8.932378921157265e-05,0.0,0.0,kegg,False
K16088,0.0010709652173321385,8.924710144434488e-05,0.0,0.0,kegg,False
K14187,0.001070733417929787,8.922778482748225e-05,0.0,0.0,kegg,False
K03322,0.001069266939226281,8.910557826885676e-05,0.0,0.0,kegg,False
K03598,0.0010673207364925875,8.894339470771563e-05,0.0,0.0,kegg,False
K01141,0.001067157438135331,8.892978651127758e-05,0.0,0.0,kegg,False
K15461,0.001066922111530568,8.891017596088067e-05,0.0,0.0,kegg,False
K12524,0.0010654439598026747,8.87869966502229e-05,0.0,0.0,kegg,False
K03787,0.0010650752386757245,8.875626988964372e-05,0.0,0.0,kegg,False
K07676,0.0010633438922850954,8.861199102375795e-05,0.0,0.0,kegg,False
K21742,0.001063123366978663,8.859361391488858e-05,0.0,0.0,kegg,False
K07487,0.0010619340831697103,8.849450693080919e-05,0.0,0.0,kegg,False
K02364,0.0010616081843284639,8.846734869403866e-05,0.0,0.0,kegg,False
K03643,0.0010612479144990168,8.84373262082514e-05,0.0,0.0,kegg,False
K10126,0.0010612382771584717,8.84365230965393e-05,0.0,0.0,kegg,False
K10003,0.0010611206468194635,8.842672056828863e-05,0.0,0.0,kegg,False
K06176,0.0010607329117815866,8.839440931513222e-05,0.0,0.0,kegg,False
K03611,0.0010591091526184176,8.82590960515348e-05,0.0,0.0,kegg,False
K01720,0.0010575678374819995,8.813065312349996e-05,0.0,0.0,kegg,False
K01712,0.0010519742948664388,8.766452457220323e-05,0.0,0.0,kegg,False
K00566,0.0010518508688382626,8.765423906985522e-05,0.0,0.0,kegg,False
K02170,0.001050532364597279,8.754436371643993e-05,0.0,0.0,kegg,False
K03291,0.0010479152977320057,8.732627481100048e-05,0.0,0.0,kegg,False
K02844,0.0010477870359843046,8.731558633202539e-05,0.0,0.0,kegg,False
K02062,0.0010476723759630805,8.73060313302567e-05,0.0,0.0,kegg,False
K18691,0.0010462016388503813,8.718346990419845e-05,0.0,0.0,kegg,False
K15257,0.0010417586634204352,8.681322195170293e-05,0.0,0.0,kegg,False
K13629,0.0010414538852824182,8.678782377353485e-05,0.0,0.0,kegg,False
K06899,0.001041418663426318,8.678488861885983e-05,0.0,0.0,kegg,False
K01093,0.0010413333126996706,8.677777605830589e-05,0.0,0.0,kegg,False
K04786,0.0010409947106205153,8.674955921837627e-05,0.0,0.0,kegg,False
K08318,0.0010409339967679169,8.674449973065973e-05,0.0,0.0,kegg,False
K02621,0.0010398213976451404,8.665178313709503e-05,0.0,0.0,kegg,False
K18324,0.0010354975237398623,8.629146031165518e-05,0.0,0.0,kegg,False
K07276,0.0010337713544809053,8.614761287340878e-05,0.0,0.0,kegg,False
K00335,0.0010336746384166826,8.613955320139022e-05,0.0,0.0,kegg,False
K03485,0.001030452663230968,8.587105526924734e-05,0.0,0.0,kegg,False
K08676,0.0010297654601532757,8.58137883461063e-05,0.0,0.0,kegg,False
K19227,0.001028714491344988,8.572620761208232e-05,0.0,0.0,kegg,False
K23238,0.0010251898959134534,8.543249132612111e-05,0.0,0.0,kegg,False
K01070,0.0010250733850359348,8.54227820863279e-05,0.0,0.0,kegg,False
K00252,0.0010240086713324684,8.533405594437236e-05,0.0,0.0,kegg,False
K18094,0.0010229448248503506,8.524540207086255e-05,0.0,0.0,kegg,False
K01174,0.0010209512639749994,8.507927199791661e-05,0.0,0.0,kegg,False
K07287,0.0010200063405334323,8.500052837778603e-05,0.0,0.0,kegg,False
K16140,0.00101959728555084,8.496644046257001e-05,0.0,0.0,kegg,False
K10002,0.0010176653185712899,8.480544321427416e-05,0.0,0.0,kegg,False
K11912,0.0010161562394439044,8.467968662032537e-05,0.0,0.0,kegg,False
K15268,0.0010129994748508961,8.441662290424134e-05,0.0,0.0,kegg,False
K13053,0.0010109211349755161,8.424342791462634e-05,0.0,0.0,kegg,False
K09908,0.0010103638664078229,8.419698886731857e-05,0.0,0.0,kegg,False
K05789,0.0010094928402116282,8.412440335096902e-05,0.0,0.0,kegg,False
K01160,0.0010082610523622268,8.40217543635189e-05,0.0,0.0,kegg,False
K06190,0.0010082090018318178,8.401741681931815e-05,0.0,0.0,kegg,False
K03765,0.0010063195567407133,8.385996306172611e-05,0.0,0.0,kegg,False
K03301,0.001005478230374301,8.378985253119175e-05,0.0,0.0,kegg,False
K03669,0.0010052983434891906,8.377486195743255e-05,0.0,0.0,kegg,False
K11474,0.0010046919926572394,8.372433272143662e-05,0.0,0.0,kegg,False
K10013,0.0010045777134630805,8.371480945525671e-05,0.0,0.0,kegg,False
K07647,0.00100334489952211,8.361207496017583e-05,0.0,0.0,kegg,False
K09016,0.00100270076494257,8.355839707854751e-05,0.0,0.0,kegg,False
K16363,0.0010023888295957533,8.353240246631277e-05,0.0,0.0,kegg,False
K03797,0.0009985884779147175,8.321570649289313e-05,0.0,0.0,kegg,False
K07396,0.0009981756829466376,8.31813069122198e-05,0.0,0.0,kegg,False
K00631,0.000997402193403529,8.311684945029408e-05,0.0,0.0,kegg,False
K18244,0.0009971908844509374,8.309924037091145e-05,0.0,0.0,kegg,False
K12142,0.0009954280763667693,8.295233969723077e-05,0.0,0.0,kegg,False
K03607,0.0009942624190539934,8.285520158783279e-05,0.0,0.0,kegg,False
K07454,0.0009937900560498556,8.281583800415463e-05,0.0,0.0,kegg,False
K01637,0.0009936600415855986,8.280500346546655e-05,0.0,0.0,kegg,False
K02466,0.000993081219370418,8.275676828086816e-05,0.0,0.0,kegg,False
K01206,0.0009889597020758412,8.24133085063201e-05,0.0,0.0,kegg,False
K18892,0.000986237279413742,8.218643995114516e-05,0.0,0.0,kegg,False
K07701,0.0009843636914379967,8.203030761983306e-05,0.0,0.0,kegg,False
K01825,0.0009838513633992167,8.198761361660139e-05,0.0,0.0,kegg,False
K04082,0.0009838424508928918,8.198687090774098e-05,0.0,0.0,kegg,False
K07153,0.0009836165394299192,8.196804495249326e-05,0.0,0.0,kegg,False
K13635,0.0009819650488218272,8.183042073515226e-05,0.0,0.0,kegg,False
K12952,0.000981877622433855,8.182313520282125e-05,0.0,0.0,kegg,False
K20510,0.0009811535095105275,8.176279245921063e-05,0.0,0.0,kegg,False
K07262,0.0009810705900967275,8.175588250806063e-05,0.0,0.0,kegg,False
K15634,0.000979713790183515,8.164281584862626e-05,0.0,0.0,kegg,False
K21512,0.000978635280788237,8.155294006568641e-05,0.0,0.0,kegg,False
K15547,0.0009784976748779758,8.154147290649799e-05,0.0,0.0,kegg,False
K19226,0.000978082387215122,8.150686560126017e-05,0.0,0.0,kegg,False
K02750,0.0009772595350834642,8.143829459028867e-05,0.0,0.0,kegg,False
K21084,0.000976183503307797,8.134862527564975e-05,0.0,0.0,kegg,False
K02361,0.00097572393178826,8.131032764902166e-05,0.0,0.0,kegg,False
K00799,0.0009753371645250268,8.127809704375223e-05,0.0,0.0,kegg,False
K20542,0.0009732655204869999,8.110546004058332e-05,0.0,0.0,kegg,False
K10017,0.0009732270158844817,8.110225132370681e-05,0.0,0.0,kegg,False
K02241,0.0009728282270391489,8.106901891992908e-05,0.0,0.0,kegg,False
K02553,0.0009717942575876535,8.098285479897113e-05,0.0,0.0,kegg,False
K11903,0.0009717101871972356,8.097584893310296e-05,0.0,0.0,kegg,False
K19163,0.0009714677451425552,8.095564542854627e-05,0.0,0.0,kegg,False
K23016,0.0009694432924957246,8.078694104131038e-05,0.0,0.0,kegg,False
K07648,0.0009688260866830974,8.073550722359145e-05,0.0,0.0,kegg,False
K03231,0.0009688071890273667,8.073393241894723e-05,0.0,0.0,kegg,False
K19745,0.0009686265495756775,8.071887913130646e-05,0.0,0.0,kegg,False
K11900,0.0009665802471181705,8.054835392651421e-05,0.0,0.0,kegg,False
K08304,0.0009655834502120182,8.046528751766819e-05,0.0,0.0,kegg,False
K01278,0.0009645545967861304,8.037954973217754e-05,0.0,0.0,kegg,False
K10545,0.000963919294141238,8.032660784510317e-05,0.0,0.0,kegg,False
K08970,0.0009630834197468908,8.025695164557423e-05,0.0,0.0,kegg,False
K05787,0.0009627637404800426,8.023031170667021e-05,0.0,0.0,kegg,False
K21966,0.000962630600710132,8.021921672584434e-05,0.0,0.0,kegg,False
K11935,0.0009622769486593607,8.01897457216134e-05,0.0,0.0,kegg,False
K10001,0.0009610819890618428,8.009016575515357e-05,0.0,0.0,kegg,False
K11747,0.0009572855375650519,7.977379479708767e-05,0.0,0.0,kegg,False
K12516,0.0009556960273046425,7.964133560872021e-05,0.0,0.0,kegg,False
K00634,0.0009555512515222456,7.962927096018714e-05,0.0,0.0,kegg,False
K03185,0.0009554507724228078,7.962089770190065e-05,0.0,0.0,kegg,False
K08306,0.0009546111772424639,7.955093143687199e-05,0.0,0.0,kegg,False
K12518,0.0009518571737719449,7.932143114766208e-05,0.0,0.0,kegg,False
K12113,0.0009510899644733706,7.925749703944755e-05,0.0,0.0,kegg,False
K16137,0.000950639557352274,7.92199631126895e-05,0.0,0.0,kegg,False
K12944,0.0009499129901390498,7.915941584492081e-05,0.0,0.0,kegg,False
K09911,0.0009492399628513733,7.910333023761444e-05,0.0,0.0,kegg,False
K06048,0.0009481397634500809,7.901164695417341e-05,0.0,0.0,kegg,False
K03591,0.0009472133602710393,7.893444668925327e-05,0.0,0.0,kegg,False
K16692,0.0009455066872740645,7.879222393950538e-05,0.0,0.0,kegg,False
K08173,0.0009454144521687063,7.878453768072553e-05,0.0,0.0,kegg,False
K11940,0.0009452772826789162,7.877310688990968e-05,0.0,0.0,kegg,False
K13014,0.000944355538037806,7.869629483648383e-05,0.0,0.0,kegg,False
K06175,0.0009417174571527612,7.84764547627301e-05,0.0,0.0,kegg,False
K07662,0.0009413576733871637,7.844647278226364e-05,0.0,0.0,kegg,False
K00998,0.0009408979669910588,7.840816391592157e-05,0.0,0.0,kegg,False
K03566,0.0009405268389673154,7.837723658060962e-05,0.0,0.0,kegg,False
K15256,0.0009386454516693478,7.822045430577898e-05,0.0,0.0,kegg,False
K02199,0.000937426731047026,7.811889425391883e-05,0.0,0.0,kegg,False
K14645,0.0009373515022342313,7.811262518618594e-05,0.0,0.0,kegg,False
K10109,0.0009364692757897379,7.803910631581149e-05,0.0,0.0,kegg,False
K07180,0.0009362570800034096,7.802142333361747e-05,0.0,0.0,kegg,False
K01421,0.0009348489423838788,7.79040785319899e-05,0.0,0.0,kegg,False
K16066,0.0009347392212365926,7.789493510304938e-05,0.0,0.0,kegg,False
K00363,0.0009343149058380106,7.785957548650089e-05,0.0,0.0,kegg,False
K05590,0.0009342622536054656,7.785518780045546e-05,0.0,0.0,kegg,False
K00557,0.0009342324967156757,7.785270805963963e-05,0.0,0.0,kegg,False
K03290,0.0009330498269587519,7.775415224656266e-05,0.0,0.0,kegg,False
K11734,0.0009328259147165742,7.773549289304784e-05,0.0,0.0,kegg,False
K03981,0.0009327742743470908,7.773118952892423e-05,0.0,0.0,kegg,False
K03112,0.0009320624901436702,7.767187417863918e-05,0.0,0.0,kegg,False
K02680,0.0009318981273992663,7.765817728327219e-05,0.0,0.0,kegg,False
K11906,0.0009309268835042752,7.757724029202293e-05,0.0,0.0,kegg,False
K02622,0.000930655835422902,7.755465295190851e-05,0.0,0.0,kegg,False
K18446,0.0009301864498083714,7.751553748403095e-05,0.0,0.0,kegg,False
K08989,0.0009282353055650948,7.735294213042457e-05,0.0,0.0,kegg,False
K02616,0.0009274732478219466,7.728943731849556e-05,0.0,0.0,kegg,False
K07645,0.0009268722048754832,7.723935040629027e-05,0.0,0.0,kegg,False
K04770,0.0009251552961299475,7.709627467749563e-05,0.0,0.0,kegg,False
K06887,0.0009247221427772934,7.706017856477444e-05,0.0,0.0,kegg,False
K03721,0.0009231840138516647,7.693200115430539e-05,0.0,0.0,kegg,False
K09955,0.0009229587123941831,7.69132260328486e-05,0.0,0.0,kegg,False
K23188,0.0009219207585109899,7.682672987591582e-05,0.0,0.0,kegg,False
K12525,0.0009218015806297736,7.681679838581447e-05,0.0,0.0,kegg,False
K19804,0.0009213319450527082,7.677766208772568e-05,0.0,0.0,kegg,False
K01669,0.0009183715358921484,7.65309613243457e-05,0.0,0.0,kegg,False
K07791,0.0009174235305515446,7.645196087929539e-05,0.0,0.0,kegg,False
K00884,0.0009170838196443677,7.642365163703064e-05,0.0,0.0,kegg,False
K10804,0.0009169558834265372,7.641299028554477e-05,0.0,0.0,kegg,False
K01190,0.0009164195869652945,7.636829891377455e-05,0.0,0.0,kegg,False
K06202,0.0009153756185412629,7.628130154510523e-05,0.0,0.0,kegg,False
K07678,0.0009150951166586417,7.625792638822015e-05,0.0,0.0,kegg,False
K13043,0.0009146088091312966,7.621740076094138e-05,0.0,0.0,kegg,False
K03184,0.0009136411388730776,7.613676157275647e-05,0.0,0.0,kegg,False
K20881,0.0009118202371368652,7.598501976140543e-05,0.0,0.0,kegg,False
K17883,0.0009116973481538867,7.59747790128239e-05,0.0,0.0,kegg,False
K14201,0.0009108427510460892,7.59035625871741e-05,0.0,0.0,kegg,False
K02521,0.0009107825672391368,7.589854726992806e-05,0.0,0.0,kegg,False
K03119,0.0009103292443330868,7.586077036109057e-05,0.0,0.0,kegg,False
K18919,0.0009097534148787548,7.581278457322957e-05,0.0,0.0,kegg,False
K03809,0.0009084811042077952,7.570675868398293e-05,0.0,0.0,kegg,False
K07310,0.0009082168460679413,7.568473717232845e-05,0.0,0.0,kegg,False
K01975,0.0009080000658112081,7.566667215093401e-05,0.0,0.0,kegg,False
K10544,0.0009079491834293615,7.566243195244679e-05,0.0,0.0,kegg,False
K03807,0.000905689270683594,7.54741058902995e-05,0.0,0.0,kegg,False
K12112,0.0009005898899014208,7.504915749178507e-05,0.0,0.0,kegg,False
K10551,0.0008990829035321786,7.492357529434821e-05,0.0,0.0,kegg,False
K09998,0.0008983422879985703,7.486185733321419e-05,0.0,0.0,kegg,False
K02854,0.0008981818267473939,7.484848556228283e-05,0.0,0.0,kegg,False
K07685,0.0008979785005192025,7.483154170993355e-05,0.0,0.0,kegg,False
K07640,0.000897865750459554,7.48221458716295e-05,0.0,0.0,kegg,False
K03478,0.000895883184115361,7.465693200961342e-05,0.0,0.0,kegg,False
K16074,0.0008938037661674667,7.448364718062223e-05,0.0,0.0,kegg,False
K07637,0.0008935533217431912,7.44627768119326e-05,0.0,0.0,kegg,False
K01690,0.0008931865216873579,7.443221014061316e-05,0.0,0.0,kegg,False
K07710,0.0008919962726702108,7.433302272251756e-05,0.0,0.0,kegg,False
K07314,0.0008903048083470899,7.419206736225749e-05,0.0,0.0,kegg,False
K03528,0.0008898718663365067,7.415598886137557e-05,0.0,0.0,kegg,False
K07351,0.0008896416410595984,7.41368034216332e-05,0.0,0.0,kegg,False
K08326,0.000887636557806048,7.3969713150504e-05,0.0,0.0,kegg,False
K07390,0.0008873486591819015,7.394572159849179e-05,0.0,0.0,kegg,False
K07773,0.0008867158734628749,7.389298945523957e-05,0.0,0.0,kegg,False
K05834,0.0008860320600160965,7.383600500134137e-05,0.0,0.0,kegg,False
K06946,0.0008808694837325511,7.340579031104593e-05,0.0,0.0,kegg,False
K02298,0.0008807791444617302,7.339826203847751e-05,0.0,0.0,kegg,False
K04017,0.0008799742063425951,7.333118386188292e-05,0.0,0.0,kegg,False
K07751,0.0008798555691973948,7.332129743311623e-05,0.0,0.0,kegg,False
K12500,0.000879447815654451,7.328731797120425e-05,0.0,0.0,kegg,False
K16263,0.0008793758947589459,7.32813245632455e-05,0.0,0.0,kegg,False
K04063,0.0008792741890819927,7.327284909016606e-05,0.0,0.0,kegg,False
K09934,0.0008785291756356287,7.32107646363024e-05,0.0,0.0,kegg,False
K02505,0.0008766897606719763,7.305748005599802e-05,0.0,0.0,kegg,False
K10748,0.0008746022639013844,7.288352199178203e-05,0.0,0.0,kegg,False
K00673,0.0008743822651476808,7.286518876230673e-05,0.0,0.0,kegg,False
K14055,0.0008743037962506213,7.285864968755178e-05,0.0,0.0,kegg,False
K11258,0.0008740883592945397,7.284069660787832e-05,0.0,0.0,kegg,False
K19775,0.0008737654680182138,7.281378900151782e-05,0.0,0.0,kegg,False
K18142,0.0008735507855760433,7.27958987980036e-05,0.0,0.0,kegg,False
K03573,0.0008729076401120745,7.274230334267287e-05,0.0,0.0,kegg,False
K02438,0.0008724105320999045,7.270087767499204e-05,0.0,0.0,kegg,False
K02064,0.0008714383403314248,7.26198616942854e-05,0.0,0.0,kegg,False
K00322,0.0008712755341456993,7.26062945121416e-05,0.0,0.0,kegg,False
K02297,0.0008703197913658245,7.252664928048538e-05,0.0,0.0,kegg,False
K01782,0.0008701369252765235,7.251141043971029e-05,0.0,0.0,kegg,False
K11250,0.0008690506596541591,7.242088830451325e-05,0.0,0.0,kegg,False
K00932,0.0008683767663236701,7.23647305269725e-05,0.0,0.0,kegg,False
K11893,0.0008677257118162488,7.23104759846874e-05,0.0,0.0,kegg,False
K14744,0.0008671640109888826,7.226366758240689e-05,0.0,0.0,kegg,False
K18997,0.0008670868379278018,7.225723649398348e-05,0.0,0.0,kegg,False
K09978,0.0008660189543150148,7.21682461929179e-05,0.0,0.0,kegg,False
K02568,0.0008651050427612908,7.209208689677424e-05,0.0,0.0,kegg,False
K08484,0.000865001908198478,7.208349234987317e-05,0.0,0.0,kegg,False
K03812,0.0008649646097766366,7.208038414805305e-05,0.0,0.0,kegg,False
K09906,0.0008643087377785047,7.202572814820872e-05,0.0,0.0,kegg,False
K09997,0.0008634404578338763,7.195337148615636e-05,0.0,0.0,kegg,False
K07665,0.0008632110709476692,7.193425591230577e-05,0.0,0.0,kegg,False
K19784,0.0008622124892991379,7.185104077492815e-05,0.0,0.0,kegg,False
K01631,0.0008619963207752222,7.183302673126851e-05,0.0,0.0,kegg,False
K03576,0.0008619270256680161,7.182725213900134e-05,0.0,0.0,kegg,False
K01424,0.0008618015569826642,7.181679641522202e-05,0.0,0.0,kegg,False
K01692,0.0008613917596244166,7.178264663536805e-05,0.0,0.0,kegg,False
K06918,0.0008608345472635888,7.173621227196573e-05,0.0,0.0,kegg,False
K02100,0.0008586385980727683,7.155321650606402e-05,0.0,0.0,kegg,False
K11896,0.0008586249290379227,7.155207741982689e-05,0.0,0.0,kegg,False
K07245,0.0008583066576712458,7.152555480593714e-05,0.0,0.0,kegg,False
K03482,0.0008574258215324447,7.145215179437039e-05,0.0,0.0,kegg,False
K00090,0.0008573374619574044,7.144478849645037e-05,0.0,0.0,kegg,False
K05275,0.0008566578566349616,7.138815471958013e-05,0.0,0.0,kegg,False
K06141,0.0008566352313577857,7.138626927981547e-05,0.0,0.0,kegg,False
K19338,0.000855143048014995,7.126192066791625e-05,0.0,0.0,kegg,False
K03225,0.0008551419867653767,7.126183223044806e-05,0.0,0.0,kegg,False
K06957,0.0008550518445585303,7.125432037987753e-05,0.0,0.0,kegg,False
K08992,0.0008547642989890033,7.12303582490836e-05,0.0,0.0,kegg,False
K01146,0.0008532408015404632,7.110340012837194e-05,0.0,0.0,kegg,False
K11941,0.0008526612857500041,7.105510714583367e-05,0.0,0.0,kegg,False
K01638,0.0008522636158952745,7.102196799127287e-05,0.0,0.0,kegg,False
K17938,0.0008522014724096356,7.101678936746964e-05,0.0,0.0,kegg,False
K02848,0.0008518671655748939,7.09889304645745e-05,0.0,0.0,kegg,False
K02381,0.0008516727237839296,7.097272698199413e-05,0.0,0.0,kegg,False
K09891,0.0008491948666934639,7.076623889112199e-05,0.0,0.0,kegg,False
K05982,0.0008486891064592759,7.072409220493966e-05,0.0,0.0,kegg,False
K04334,0.0008483275758376875,7.069396465314062e-05,0.0,0.0,kegg,False
K18218,0.0008480894437799646,7.067412031499705e-05,0.0,0.0,kegg,False
K07349,0.0008479071679880779,7.065893066567316e-05,0.0,0.0,kegg,False
K02441,0.0008474390083507092,7.06199173625591e-05,0.0,0.0,kegg,False
K07811,0.0008472974093344949,7.060811744454125e-05,0.0,0.0,kegg,False
K21602,0.0008471705357628722,7.059754464690601e-05,0.0,0.0,kegg,False
K02257,0.0008470263836718066,7.058553197265056e-05,0.0,0.0,kegg,False
K05712,0.0008468165769334239,7.056804807778533e-05,0.0,0.0,kegg,False
K01433,0.0008447110492511543,7.039258743759619e-05,0.0,0.0,kegg,False
K07285,0.0008442955165828114,7.035795971523428e-05,0.0,0.0,kegg,False
K03683,0.0008437659676667689,7.03138306388974e-05,0.0,0.0,kegg,False
K02436,0.0008434620777050027,7.028850647541689e-05,0.0,0.0,kegg,False
K06159,0.0008433809484151576,7.028174570126314e-05,0.0,0.0,kegg,False
K13480,0.0008426815104712479,7.022345920593732e-05,0.0,0.0,kegg,False
K08227,0.0008425764842390752,7.021470701992293e-05,0.0,0.0,kegg,False
K09786,0.0008422866404424243,7.019055337020203e-05,0.0,0.0,kegg,False
K04091,0.0008417207778627103,7.014339815522587e-05,0.0,0.0,kegg,False
K02504,0.0008408822659374727,7.007352216145606e-05,0.0,0.0,kegg,False
K10124,0.0008402234176330517,7.001861813608764e-05,0.0,0.0,kegg,False
K19230,0.0008390057000426605,6.991714167022171e-05,0.0,0.0,kegg,False
K09896,0.0008377357224914224,6.981131020761853e-05,0.0,0.0,kegg,False
K09907,0.0008372863002410835,6.977385835342363e-05,0.0,0.0,kegg,False
K20861,0.0008362086036447569,6.968405030372973e-05,0.0,0.0,kegg,False
K16370,0.0008360474856351256,6.967062380292713e-05,0.0,0.0,kegg,False
K06073,0.000835527374274774,6.96272811895645e-05,0.0,0.0,kegg,False
K03753,0.0008348368347184952,6.956973622654126e-05,0.0,0.0,kegg,False
K01061,0.000834059579050099,6.950496492084158e-05,0.0,0.0,kegg,False
K13918,0.0008339589387682193,6.949657823068495e-05,0.0,0.0,kegg,False
K01716,0.000833900290035262,6.949169083627183e-05,0.0,0.0,kegg,False
K11735,0.0008334909081465452,6.945757567887876e-05,0.0,0.0,kegg,False
K18920,0.0008333107197744241,6.944255998120201e-05,0.0,0.0,kegg,False
K23240,0.0008332382602309869,6.943652168591557e-05,0.0,0.0,kegg,False
K02682,0.0008296258890427545,6.913549075356288e-05,0.0,0.0,kegg,False
K02742,0.0008281964073493503,6.901636727911252e-05,0.0,0.0,kegg,False
K12369,0.0008276723336279744,6.897269446899787e-05,0.0,0.0,kegg,False
K21885,0.0008273792046843648,6.89482670570304e-05,0.0,0.0,kegg,False
K00666,0.0008273215258441966,6.894346048701639e-05,0.0,0.0,kegg,False
K12057,0.0008257761082264536,6.88146756855378e-05,0.0,0.0,kegg,False
K07286,0.0008256604961720256,6.880504134766881e-05,0.0,0.0,kegg,False
K07715,0.0008249831507608654,6.874859589673879e-05,0.0,0.0,kegg,False
K06212,0.000823626859126564,6.863557159388034e-05,0.0,0.0,kegg,False
K01766,0.0008226259845992645,6.855216538327205e-05,0.0,0.0,kegg,False
K01119,0.0008223447187720436,6.852872656433697e-05,0.0,0.0,kegg,False
K06917,0.0008216332131239902,6.846943442699919e-05,0.0,0.0,kegg,False
K07236,0.0008207543457887867,6.839619548239889e-05,0.0,0.0,kegg,False
K04691,0.0008206357493819993,6.838631244849994e-05,0.0,0.0,kegg,False
K00187,0.0008181634176599912,6.818028480499927e-05,0.0,0.0,kegg,False
K02336,0.0008181460771899035,6.817883976582529e-05,0.0,0.0,kegg,False
K06222,0.0008179045545959345,6.815871288299455e-05,0.0,0.0,kegg,False
K06186,0.0008172346298033968,6.810288581694973e-05,0.0,0.0,kegg,False
K15836,0.0008170981607076401,6.809151339230334e-05,0.0,0.0,kegg,False
K07113,0.0008164978262224475,6.804148551853729e-05,0.0,0.0,kegg,False
K00881,0.0008163094395960364,6.802578663300304e-05,0.0,0.0,kegg,False
K18554,0.0008158470301123362,6.798725250936135e-05,0.0,0.0,kegg,False
K18138,0.0008146303475787229,6.78858622982269e-05,0.0,0.0,kegg,False
K12266,0.0008144092677785609,6.786743898154674e-05,0.0,0.0,kegg,False
K03632,0.0008132135792294338,6.776779826911948e-05,0.0,0.0,kegg,False
K02460,0.0008131188978390977,6.775990815325815e-05,0.0,0.0,kegg,False
K07797,0.0008116396371132149,6.763663642610125e-05,0.0,0.0,kegg,False
K18837,0.0008115789412505677,6.763157843754731e-05,0.0,0.0,kegg,False
K14393,0.000811217719734966,6.76014766445805e-05,0.0,0.0,kegg,False
K02319,0.0008101418150358022,6.751181791965018e-05,0.0,0.0,kegg,False
K13634,0.0008100710528288578,6.750592106907149e-05,0.0,0.0,kegg,False
K11074,0.0008098237141585097,6.748530951320914e-05,0.0,0.0,kegg,False
K07714,0.0008087203315729236,6.73933609644103e-05,0.0,0.0,kegg,False
K05501,0.0008085843144546391,6.738202620455326e-05,0.0,0.0,kegg,False
K03214,0.000808231738441818,6.73526448701515e-05,0.0,0.0,kegg,False
K00247,0.0008078211238455313,6.73184269871276e-05,0.0,0.0,kegg,False
K23124,0.0008062984305690873,6.719153588075728e-05,0.0,0.0,kegg,False
K11535,0.0008059899884832809,6.716583237360674e-05,0.0,0.0,kegg,False
K07703,0.0008058770898021643,6.715642415018036e-05,0.0,0.0,kegg,False
K09894,0.0008055082722395975,6.712568935329979e-05,0.0,0.0,kegg,False
K07237,0.0008036485950074345,6.697071625061954e-05,0.0,0.0,kegg,False
K03796,0.00080342192479656,6.695182706638e-05,0.0,0.0,kegg,False
K03314,0.0008033829191415454,6.694857659512878e-05,0.0,0.0,kegg,False
K02478,0.0008029910140111322,6.691591783426102e-05,0.0,0.0,kegg,False
K03675,0.0008029696436603789,6.691413697169824e-05,0.0,0.0,kegg,False
K12299,0.0008020133855705599,6.683444879754666e-05,0.0,0.0,kegg,False
K15736,0.0008018532364268695,6.682110303557245e-05,0.0,0.0,kegg,False
K23015,0.0008013225656922983,6.677688047435819e-05,0.0,0.0,kegg,False
K07702,0.0008013222111307353,6.677685092756128e-05,0.0,0.0,kegg,False
K10014,0.0008004548024563622,6.670456687136352e-05,0.0,0.0,kegg,False
K16841,0.0007998475325045991,6.665396104204992e-05,0.0,0.0,kegg,False
K06192,0.0007991287062807511,6.659405885672926e-05,0.0,0.0,kegg,False
K20543,0.0007987812653315314,6.656510544429428e-05,0.0,0.0,kegg,False
K22051,0.0007987345424922618,6.656121187435515e-05,0.0,0.0,kegg,False
K07261,0.0007982729959017382,6.652274965847818e-05,0.0,0.0,kegg,False
K03468,0.0007981587966972907,6.651323305810755e-05,0.0,0.0,kegg,False
K06039,0.0007973877634512045,6.644898028760037e-05,0.0,0.0,kegg,False
K11073,0.0007968470113156262,6.640391760963551e-05,0.0,0.0,kegg,False
K07479,0.0007967541305471438,6.639617754559532e-05,0.0,0.0,kegg,False
K18765,0.0007965514458326472,6.63792871527206e-05,0.0,0.0,kegg,False
K13727,0.0007959678043584421,6.633065036320351e-05,0.0,0.0,kegg,False
K01175,0.0007957444663989906,6.631203886658256e-05,0.0,0.0,kegg,False
K12972,0.0007952936967987694,6.627447473323078e-05,0.0,0.0,kegg,False
K00117,0.000794590659263419,6.621588827195159e-05,0.0,0.0,kegg,False
K16711,0.0007941376542394876,6.617813785329063e-05,0.0,0.0,kegg,False
K21973,0.0007937195080169363,6.614329233474469e-05,0.0,0.0,kegg,False
K03208,0.0007937059072715733,6.614215893929778e-05,0.0,0.0,kegg,False
K05809,0.000793204004918939,6.610033374324492e-05,0.0,0.0,kegg,False
K02344,0.0007918981844253181,6.59915153687765e-05,0.0,0.0,kegg,False
K12067,0.0007915861223690913,6.596551019742428e-05,0.0,0.0,kegg,False
K11745,0.0007910338676187481,6.591948896822902e-05,0.0,0.0,kegg,False
K11066,0.0007909749005143603,6.591457504286336e-05,0.0,0.0,kegg,False
K02506,0.0007905570644160605,6.587975536800504e-05,0.0,0.0,kegg,False
K02063,0.0007904580306017422,6.587150255014518e-05,0.0,0.0,kegg,False
K05880,0.0007882383732503266,6.568653110419389e-05,0.0,0.0,kegg,False
K00138,0.0007874940660421362,6.562450550351134e-05,0.0,0.0,kegg,False
K12143,0.000786265883204261,6.552215693368842e-05,0.0,0.0,kegg,False
K21021,0.0007860254003152963,6.550211669294136e-05,0.0,0.0,kegg,False
K11732,0.0007854225480695491,6.545187900579576e-05,0.0,0.0,kegg,False
K07121,0.0007853058231741538,6.544215193117948e-05,0.0,0.0,kegg,False
K03477,0.0007852757699677476,6.54396474973123e-05,0.0,0.0,kegg,False
K12984,0.0007851931813544471,6.54327651128706e-05,0.0,0.0,kegg,False
K21088,0.0007839279152236947,6.532732626864122e-05,0.0,0.0,kegg,False
K07642,0.0007830763226764612,6.525636022303844e-05,0.0,0.0,kegg,False
K08997,0.0007828489824337321,6.5237415202811e-05,0.0,0.0,kegg,False
K05517,0.0007810430576303351,6.508692146919459e-05,0.0,0.0,kegg,False
K09933,0.0007809384703465917,6.507820586221598e-05,0.0,0.0,kegg,False
K16693,0.0007806750169386216,6.50562514115518e-05,0.0,0.0,kegg,False
K21645,0.0007792750865456643,6.493959054547202e-05,0.0,0.0,kegg,False
K19235,0.0007779995864855445,6.483329887379538e-05,0.0,0.0,kegg,False
K07269,0.0007779825763078253,6.483188135898544e-05,0.0,0.0,kegg,False
K07186,0.0007778642960116314,6.482202466763595e-05,0.0,0.0,kegg,False
K08485,0.0007758042100164806,6.465035083470672e-05,0.0,0.0,kegg,False
K16346,0.0007757097570189326,6.464247975157772e-05,0.0,0.0,kegg,False
K11894,0.0007751737317674064,6.45978109806172e-05,0.0,0.0,kegg,False
K09996,0.0007747876423270859,6.45656368605905e-05,0.0,0.0,kegg,False
K09475,0.0007738191759042399,6.448493132535332e-05,0.0,0.0,kegg,False
K02462,0.0007737003787905099,6.447503156587583e-05,0.0,0.0,kegg,False
K09019,0.000773573594292061,6.446446619100508e-05,0.0,0.0,kegg,False
K16324,0.0007729268460993181,6.44105705082765e-05,0.0,0.0,kegg,False
K08279,0.0007725181880454447,6.437651567045372e-05,0.0,0.0,kegg,False
K19416,0.0007724457904824303,6.437048254020253e-05,0.0,0.0,kegg,False
K19810,0.0007724166783834401,6.436805653195334e-05,0.0,0.0,kegg,False
K06916,0.0007718635332641417,6.432196110534514e-05,0.0,0.0,kegg,False
K06140,0.0007717743689467294,6.431453074556079e-05,0.0,0.0,kegg,False
K11201,0.0007707184479795106,6.422653733162588e-05,0.0,0.0,kegg,False
K04020,0.0007706167486516146,6.421806238763454e-05,0.0,0.0,kegg,False
K08351,0.0007688216096618039,6.406846747181699e-05,0.0,0.0,kegg,False
K07644,0.0007687476721780457,6.406230601483714e-05,0.0,0.0,kegg,False
K02468,0.0007677624562155243,6.398020468462703e-05,0.0,0.0,kegg,False
K09900,0.0007677065042765078,6.397554202304232e-05,0.0,0.0,kegg,False
K07643,0.000763590257144695,6.363252142872458e-05,0.0,0.0,kegg,False
K03181,0.0007619320195560724,6.349433496300603e-05,0.0,0.0,kegg,False
K22014,0.0007613740718103058,6.344783931752549e-05,0.0,0.0,kegg,False
K07350,0.0007611732112422411,6.343110093685342e-05,0.0,0.0,kegg,False
K03808,0.0007608246202868349,6.340205169056958e-05,0.0,0.0,kegg,False
K03597,0.000760823611420408,6.340196761836733e-05,0.0,0.0,kegg,False
K02167,0.0007606732818164288,6.338944015136907e-05,0.0,0.0,kegg,False
K05245,0.0007585922174236016,6.321601811863346e-05,0.0,0.0,kegg,False
K07122,0.0007583156017827355,6.319296681522796e-05,0.0,0.0,kegg,False
K17713,0.0007573218395743365,6.311015329786138e-05,0.0,0.0,kegg,False
K08308,0.000757192970205685,6.309941418380708e-05,0.0,0.0,kegg,False
K15551,0.0007561008063484836,6.30084005290403e-05,0.0,0.0,kegg,False
K13695,0.0007555860643250175,6.296550536041812e-05,0.0,0.0,kegg,False
K07664,0.0007551664381722173,6.293053651435144e-05,0.0,0.0,kegg,False
K16136,0.0007546762451473793,6.288968709561494e-05,0.0,0.0,kegg,False
K12290,0.0007545223913282728,6.287686594402273e-05,0.0,0.0,kegg,False
K23256,0.0007534624293097534,6.278853577581279e-05,0.0,0.0,kegg,False
K03690,0.0007531138203467288,6.275948502889407e-05,0.0,0.0,kegg,False
K00228,0.0007527378965086542,6.272815804238785e-05,0.0,0.0,kegg,False
K21967,0.000752191731726384,6.268264431053199e-05,0.0,0.0,kegg,False
K16695,0.0007519117404193719,6.265931170161433e-05,0.0,0.0,kegg,False
K05779,0.0007506550889747159,6.255459074789298e-05,0.0,0.0,kegg,False
K03855,0.0007505175314971563,6.254312762476303e-05,0.0,0.0,kegg,False
K11750,0.0007490632671052057,6.242193892543381e-05,0.0,0.0,kegg,False
K03761,0.0007473695757303434,6.228079797752861e-05,0.0,0.0,kegg,False
K22719,0.0007469621443830444,6.22468453652537e-05,0.0,0.0,kegg,False
K19335,0.0007468536908216556,6.22378075684713e-05,0.0,0.0,kegg,False
K08322,0.0007462858143398721,6.219048452832267e-05,0.0,0.0,kegg,False
K10108,0.000745093514046174,6.209112617051449e-05,0.0,0.0,kegg,False
K21430,0.0007449715694310548,6.208096411925457e-05,0.0,0.0,kegg,False
K19591,0.0007443261448117304,6.202717873431087e-05,0.0,0.0,kegg,False
K11179,0.0007437685752811422,6.198071460676185e-05,0.0,0.0,kegg,False
K01096,0.0007436638814489806,6.197199012074839e-05,0.0,0.0,kegg,False
K06336,0.0007427647605726832,6.189706338105693e-05,0.0,0.0,kegg,False
K16321,0.0007419961283004859,6.183301069170715e-05,0.0,0.0,kegg,False
K21637,0.0007414336498213782,6.178613748511485e-05,0.0,0.0,kegg,False
K10975,0.0007407154585329485,6.172628821107904e-05,0.0,0.0,kegg,False
K05798,0.000739692332946337,6.164102774552809e-05,0.0,0.0,kegg,False
K12291,0.0007385679098243183,6.154732581869319e-05,0.0,0.0,kegg,False
K19234,0.0007384815332420933,6.154012777017444e-05,0.0,0.0,kegg,False
K00076,0.000738381594284891,6.153179952374092e-05,0.0,0.0,kegg,False
K02393,0.0007376499689004647,6.147083074170539e-05,0.0,0.0,kegg,False
K01484,0.0007370309292542102,6.141924410451751e-05,0.0,0.0,kegg,False
K06214,0.0007362883209312272,6.135736007760227e-05,0.0,0.0,kegg,False
K05708,0.0007352377068748016,6.126980890623346e-05,0.0,0.0,kegg,False
K21698,0.0007341236553117503,6.11769712759792e-05,0.0,0.0,kegg,False
K04065,0.0007338585687839645,6.115488073199703e-05,0.0,0.0,kegg,False
K18988,0.0007318901816249687,6.0990848468747386e-05,0.0,0.0,kegg,False
K11209,0.0007311052568681526,6.0925438072346055e-05,0.0,0.0,kegg,False
K14057,0.0007306511608742384,6.088759673951987e-05,0.0,0.0,kegg,False
K10015,0.0007298820294021496,6.0823502450179136e-05,0.0,0.0,kegg,False
K16322,0.0007290465363384826,6.075387802820689e-05,0.0,0.0,kegg,False
K05365,0.0007274916217879187,6.0624301815659895e-05,0.0,0.0,kegg,False
K04333,0.0007266940589376429,6.0557838244803576e-05,0.0,0.0,kegg,False
K12963,0.0007259281632992936,6.049401360827447e-05,0.0,0.0,kegg,False
K07708,0.0007240582361865227,6.033818634887689e-05,0.0,0.0,kegg,False
K21901,0.0007233080407629843,6.027567006358203e-05,0.0,0.0,kegg,False
K18968,0.0007225286789165163,6.0210723243043025e-05,0.0,0.0,kegg,False
K03819,0.0007224024017255937,6.0200200143799476e-05,0.0,0.0,kegg,False
K10111,0.0007222457817685353,6.018714848071127e-05,0.0,0.0,kegg,False
K03788,0.0007218607080398936,6.0155059003324466e-05,0.0,0.0,kegg,False
K16704,0.0007218306837079634,6.015255697566362e-05,0.0,0.0,kegg,False
K07147,0.0007217783301019772,6.0148194175164765e-05,0.0,0.0,kegg,False
K21087,0.000721290317732997,6.010752647774975e-05,0.0,0.0,kegg,False
K12372,0.0007212521669862774,6.0104347248856445e-05,0.0,0.0,kegg,False
K05803,0.0007200062566758789,6.0000521389656576e-05,0.0,0.0,kegg,False
K14762,0.000719551392281578,5.996261602346484e-05,0.0,0.0,kegg,False
K01908,0.0007188963129459431,5.9908026078828594e-05,0.0,0.0,kegg,False
K13301,0.0007187863665561123,5.989886387967603e-05,0.0,0.0,kegg,False
K07592,0.0007181803456953847,5.984836214128206e-05,0.0,0.0,kegg,False
K11901,0.0007176912349923378,5.980760291602815e-05,0.0,0.0,kegg,False
K21090,0.0007174490731419477,5.978742276182897e-05,0.0,0.0,kegg,False
K12519,0.0007173233961880137,5.977694968233447e-05,0.0,0.0,kegg,False
K21741,0.0007171121203904934,5.9759343365874445e-05,0.0,0.0,kegg,False
K03712,0.0007170673869307468,5.975561557756224e-05,0.0,0.0,kegg,False
K01521,0.0007165378513390845,5.971148761159037e-05,0.0,0.0,kegg,False
K13771,0.0007153954162462397,5.961628468718664e-05,0.0,0.0,kegg,False
K18991,0.000714945495813378,5.95787913177815e-05,0.0,0.0,kegg,False
K02467,0.0007145646969317425,5.95470580776452e-05,0.0,0.0,kegg,False
K13283,0.0007144763471697478,5.9539695597478984e-05,0.0,0.0,kegg,False
K03532,0.0007143448292602925,5.952873577169104e-05,0.0,0.0,kegg,False
K11933,0.0007130803402402797,5.9423361686689974e-05,0.0,0.0,kegg,False
K11748,0.0007128204989923975,5.940170824936646e-05,0.0,0.0,kegg,False
K02679,0.0007124242107259529,5.936868422716274e-05,0.0,0.0,kegg,False
K09975,0.0007117737478508898,5.931447898757415e-05,0.0,0.0,kegg,False
K22110,0.0007117706917135239,5.931422430946033e-05,0.0,0.0,kegg,False
K03623,0.0007116375888256169,5.9303132402134745e-05,0.0,0.0,kegg,False
K22104,0.0007116192912453437,5.9301607603778645e-05,0.0,0.0,kegg,False
K08990,0.0007115623767413455,5.9296864728445454e-05,0.0,0.0,kegg,False
K11391,0.0007094021858592466,5.911684882160389e-05,0.0,0.0,kegg,False
K11930,0.0007089899140026154,5.908249283355128e-05,0.0,0.0,kegg,False
K09904,0.0007089334791463679,5.907778992886399e-05,0.0,0.0,kegg,False
K11961,0.0007086507039320303,5.905422532766919e-05,0.0,0.0,kegg,False
K16291,0.000707753474948082,5.8979456245673503e-05,0.0,0.0,kegg,False
K09159,0.0007065219201460462,5.887682667883718e-05,0.0,0.0,kegg,False
K02457,0.0007063915008256806,5.886595840214005e-05,0.0,0.0,kegg,False
K00101,0.0007061925208981328,5.884937674151107e-05,0.0,0.0,kegg,False
K03764,0.0007057400745303973,5.881167287753311e-05,0.0,0.0,kegg,False
K08160,0.0007033303977868993,5.8610866482241605e-05,0.0,0.0,kegg,False
K10550,0.0007025864165547365,5.854886804622804e-05,0.0,0.0,kegg,False
K13683,0.000701916413684092,5.849303447367433e-05,0.0,0.0,kegg,False
K07026,0.0007012598393832897,5.8438319948607476e-05,0.0,0.0,kegg,False
K09780,0.0006999986894141924,5.8333224117849366e-05,0.0,0.0,kegg,False
K11938,0.0006997343930287941,5.831119941906618e-05,0.0,0.0,kegg,False
K19776,0.0006991893334260971,5.826577778550809e-05,0.0,0.0,kegg,False
K09892,0.0006991445493195801,5.826204577663168e-05,0.0,0.0,kegg,False
K08154,0.0006991392033494263,5.8261600279118855e-05,0.0,0.0,kegg,False
K12961,0.0006980446592536591,5.8170388271138264e-05,0.0,0.0,kegg,False
K18800,0.0006980141742014628,5.81678478501219e-05,0.0,0.0,kegg,False
K00276,0.0006980135756596306,5.816779797163588e-05,0.0,0.0,kegg,False
K06966,0.0006978694383495559,5.815578652912966e-05,0.0,0.0,kegg,False
K01407,0.0006977077695783538,5.8142314131529484e-05,0.0,0.0,kegg,False
K04046,0.0006965774544101331,5.804812120084442e-05,0.0,0.0,kegg,False
K08994,0.0006963271657104145,5.802726380920121e-05,0.0,0.0,kegg,False
K03746,0.0006945637449931819,5.7880312082765156e-05,0.0,0.0,kegg,False
K00906,0.0006932772808741869,5.777310673951558e-05,0.0,0.0,kegg,False
K09897,0.0006930683125320049,5.77556927110004e-05,0.0,0.0,kegg,False
K03645,0.0006928032469930894,5.773360391609078e-05,0.0,0.0,kegg,False
K05591,0.0006925171440199535,5.77097620016628e-05,0.0,0.0,kegg,False
K16076,0.0006909038825302643,5.75753235441887e-05,0.0,0.0,kegg,False
K02450,0.000690692953095295,5.755774609127458e-05,0.0,0.0,kegg,False
K00242,0.000690361095134185,5.753009126118209e-05,0.0,0.0,kegg,False
K12370,0.0006896815382786223,5.747346152321853e-05,0.0,0.0,kegg,False
K12975,0.0006895021235847754,5.745851029873128e-05,0.0,0.0,kegg,False
K13069,0.0006886759626595763,5.7389663554964694e-05,0.0,0.0,kegg,False
K10763,0.0006874517538559454,5.7287646154662113e-05,0.0,0.0,kegg,False
K02846,0.0006871083980420673,5.725903317017227e-05,0.0,0.0,kegg,False
K18657,0.0006869119354092692,5.724266128410576e-05,0.0,0.0,kegg,False
K09160,0.0006865881165701688,5.72156763808474e-05,0.0,0.0,kegg,False
K10000,0.0006861139629498076,5.7176163579150635e-05,0.0,0.0,kegg,False
K05819,0.0006846208289068246,5.7051735742235385e-05,0.0,0.0,kegg,False
K08349,0.000684101695130642,5.7008474594220166e-05,0.0,0.0,kegg,False
K05526,0.0006834683347924266,5.695569456603555e-05,0.0,0.0,kegg,False
K05921,0.0006821473322429192,5.684561102024327e-05,0.0,0.0,kegg,False
K08317,0.0006793597530171077,5.661331275142564e-05,0.0,0.0,kegg,False
K02024,0.0006784482501923859,5.6537354182698826e-05,0.0,0.0,kegg,False
K07290,0.0006779410647279941,5.649508872733284e-05,0.0,0.0,kegg,False
K11076,0.0006770258386361065,5.64188198863422e-05,0.0,0.0,kegg,False
K05777,0.0006769045430388282,5.640871191990235e-05,0.0,0.0,kegg,False
K18326,0.000676693692723039,5.639114106025325e-05,0.0,0.0,kegg,False
K02485,0.0006760705202212076,5.633921001843396e-05,0.0,0.0,kegg,False
K02791,0.0006759482407853079,5.6329020065442325e-05,0.0,0.0,kegg,False
K05368,0.0006759205809065574,5.6326715075546453e-05,0.0,0.0,kegg,False
K19777,0.0006757842541065295,5.631535450887745e-05,0.0,0.0,kegg,False
K02565,0.0006741234455898621,5.6176953799155175e-05,0.0,0.0,kegg,False
K14065,0.0006739405211586011,5.6161710096550096e-05,0.0,0.0,kegg,False
K06149,0.0006736522251632846,5.613768543027371e-05,0.0,0.0,kegg,False
K03234,0.0006731107082106687,5.609255901755573e-05,0.0,0.0,kegg,False
K06447,0.0006724873394103055,5.604061161752546e-05,0.0,0.0,kegg,False
K09895,0.0006715929573021741,5.596607977518118e-05,0.0,0.0,kegg,False
K14062,0.0006715879428610778,5.596566190508982e-05,0.0,0.0,kegg,False
K08225,0.0006705061153577152,5.5875509613142934e-05,0.0,0.0,kegg,False
K03600,0.0006703967093249935,5.586639244374946e-05,0.0,0.0,kegg,False
K09909,0.0006702774886277596,5.585645738564663e-05,0.0,0.0,kegg,False
K01169,0.0006700549297372012,5.583791081143343e-05,0.0,0.0,kegg,False
K07340,0.0006687835212806603,5.573196010672169e-05,0.0,0.0,kegg,False
K02345,0.000668054149207709,5.5671179100642414e-05,0.0,0.0,kegg,False
K13574,0.0006668094653634622,5.556745544695518e-05,0.0,0.0,kegg,False
K02681,0.0006652792723761959,5.543993936468299e-05,0.0,0.0,kegg,False
K03472,0.0006652193550381359,5.543494625317799e-05,0.0,0.0,kegg,False
K14059,0.0006650471503236836,5.5420595860306965e-05,0.0,0.0,kegg,False
K13684,0.0006650231333348246,5.5418594444568714e-05,0.0,0.0,kegg,False
K11925,0.0006640599972493652,5.533833310411376e-05,0.0,0.0,kegg,False
K05373,0.0006616189910392273,5.513491591993561e-05,0.0,0.0,kegg,False
K11607,0.000661369303919545,5.5114108659962085e-05,0.0,0.0,kegg,False
K11929,0.000660833647670615,5.506947063921792e-05,0.0,0.0,kegg,False
K10538,0.0006602583944817055,5.5021532873475455e-05,0.0,0.0,kegg,False
K04067,0.0006589971501090236,5.4916429175751965e-05,0.0,0.0,kegg,False
K23186,0.0006576600041439298,5.480500034532748e-05,0.0,0.0,kegg,False
K07677,0.0006567715885198357,5.473096570998631e-05,0.0,0.0,kegg,False
K09456,0.0006567274282650906,5.472728568875755e-05,0.0,0.0,kegg,False
K12582,0.000654476545070419,5.4539712089201584e-05,0.0,0.0,kegg,False
K12068,0.0006542977843384078,5.452481536153398e-05,0.0,0.0,kegg,False
K04080,0.0006537015834765374,5.447513195637812e-05,0.0,0.0,kegg,False
K04022,0.0006535027387616532,5.4458561563471105e-05,0.0,0.0,kegg,False
K00483,0.0006532280101080649,5.443566750900541e-05,0.0,0.0,kegg,False
K02430,0.0006530577754302033,5.442148128585028e-05,0.0,0.0,kegg,False
K02853,0.0006519884494332375,5.433237078610313e-05,0.0,0.0,kegg,False
K02613,0.000651509423567926,5.429245196399384e-05,0.0,0.0,kegg,False
K12145,0.0006509976418504285,5.424980348753571e-05,0.0,0.0,kegg,False
K02562,0.0006488916964063421,5.4074308033861836e-05,0.0,0.0,kegg,False
K09999,0.0006488514977283301,5.407095814402751e-05,0.0,0.0,kegg,False
K05804,0.0006482255747291224,5.401879789409353e-05,0.0,0.0,kegg,False
K18898,0.0006467609813411553,5.389674844509627e-05,0.0,0.0,kegg,False
K03078,0.0006462601816020777,5.385501513350648e-05,0.0,0.0,kegg,False
K11107,0.0006452773868627861,5.377311557189885e-05,0.0,0.0,kegg,False
K01659,0.000644873805581491,5.373948379845758e-05,0.0,0.0,kegg,False
K12349,0.0006441367147612055,5.367805956343379e-05,0.0,0.0,kegg,False
K08276,0.000643528152132289,5.362734601102408e-05,0.0,0.0,kegg,False
K02423,0.0006430392000560699,5.358660000467249e-05,0.0,0.0,kegg,False
K03435,0.000642915898344109,5.357632486200909e-05,0.0,0.0,kegg,False
K03805,0.000642247282475725,5.352060687297708e-05,0.0,0.0,kegg,False
K02403,0.0006422317092022022,5.351930910018352e-05,0.0,0.0,kegg,False
K23007,0.0006416450649822844,5.347042208185703e-05,0.0,0.0,kegg,False
K08312,0.0006410743834054812,5.3422865283790106e-05,0.0,0.0,kegg,False
K05374,0.0006406115459550192,5.3384295496251595e-05,0.0,0.0,kegg,False
K09024,0.0006402307841397173,5.335256534497645e-05,0.0,0.0,kegg,False
K07690,0.0006397971139366077,5.331642616138397e-05,0.0,0.0,kegg,False
K02043,0.0006393294577035004,5.327745480862504e-05,0.0,0.0,kegg,False
K18140,0.0006393167931969119,5.3276399433075994e-05,0.0,0.0,kegg,False
K06074,0.0006386267435883199,5.321889529902666e-05,0.0,0.0,kegg,False
K08363,0.0006383253095349951,5.319377579458292e-05,0.0,0.0,kegg,False
K02458,0.000637728574207563,5.314404785063025e-05,0.0,0.0,kegg,False
K23227,0.0006375542782556123,5.3129523187967687e-05,0.0,0.0,kegg,False
K02494,0.0006366374046162372,5.30531170513531e-05,0.0,0.0,kegg,False
K13654,0.0006365526356254637,5.3046052968788643e-05,0.0,0.0,kegg,False
K03717,0.0006365492440493397,5.3045770337444974e-05,0.0,0.0,kegg,False
K00299,0.0006360059306162069,5.300049421801724e-05,0.0,0.0,kegg,False
K18778,0.0006358735406026067,5.2989461716883894e-05,0.0,0.0,kegg,False
K04775,0.0006358186075494422,5.2984883962453514e-05,0.0,0.0,kegg,False
K07757,0.0006340632846016258,5.2838607050135485e-05,0.0,0.0,kegg,False
K00855,0.0006338915577779982,5.282429648149985e-05,0.0,0.0,kegg,False
K02391,0.0006329005728006254,5.274171440005212e-05,0.0,0.0,kegg,False
K06146,0.0006326285712551302,5.2719047604594184e-05,0.0,0.0,kegg,False
K14588,0.0006320335298844235,5.266946082370196e-05,0.0,0.0,kegg,False
K09901,0.0006317294466432879,5.2644120553607325e-05,0.0,0.0,kegg,False
K02402,0.0006312546019761708,5.2604550164680895e-05,0.0,0.0,kegg,False
K14063,0.0006311382477641569,5.259485398034641e-05,0.0,0.0,kegg,False
K22214,0.0006302340801963109,5.251950668302591e-05,0.0,0.0,kegg,False
K19688,0.0006297636212599894,5.248030177166578e-05,0.0,0.0,kegg,False
K19156,0.0006284831401413931,5.237359501178275e-05,0.0,0.0,kegg,False
K23228,0.0006281557712403214,5.234631427002679e-05,0.0,0.0,kegg,False
K11106,0.0006260819089060649,5.2173492408838744e-05,0.0,0.0,kegg,False
K09918,0.0006256033687942466,5.213361406618722e-05,0.0,0.0,kegg,False
K12973,0.0006252541271492281,5.210451059576901e-05,0.0,0.0,kegg,False
K11963,0.0006251157112612872,5.20929759384406e-05,0.0,0.0,kegg,False
K15548,0.0006244920296045827,5.204100246704856e-05,0.0,0.0,kegg,False
K05812,0.0006237159326798738,5.1976327723322816e-05,0.0,0.0,kegg,False
K07772,0.0006223557641635781,5.186298034696484e-05,0.0,0.0,kegg,False
K15549,0.0006220551474530222,5.1837928954418514e-05,0.0,0.0,kegg,False
K08313,0.0006197705211492449,5.164754342910374e-05,0.0,0.0,kegg,False
K11477,0.0006196189897777161,5.1634915814809676e-05,0.0,0.0,kegg,False
K07589,0.000618839045745665,5.1569920478805415e-05,0.0,0.0,kegg,False
K19304,0.0006186174453177191,5.1551453776476594e-05,0.0,0.0,kegg,False
K02686,0.000617638319541147,5.146985996176225e-05,0.0,0.0,kegg,False
K12945,0.0006176102611850608,5.146752176542173e-05,0.0,0.0,kegg,False
K09823,0.0006175331614778428,5.146109678982023e-05,0.0,0.0,kegg,False
K09023,0.0006175251950466412,5.1460432920553436e-05,0.0,0.0,kegg,False
K23237,0.0006173433474860443,5.144527895717036e-05,0.0,0.0,kegg,False
K16138,0.0006169365421826181,5.141137851521818e-05,0.0,0.0,kegg,False
K14287,0.0006169033960119647,5.140861633433039e-05,0.0,0.0,kegg,False
K15540,0.0006155309807270397,5.1294248393919976e-05,0.0,0.0,kegg,False
K08162,0.0006148483524767215,5.123736270639346e-05,0.0,0.0,kegg,False
K10016,0.0006145963965471728,5.121636637893107e-05,0.0,0.0,kegg,False
K12265,0.0006142374548321329,5.1186454569344406e-05,0.0,0.0,kegg,False
K14051,0.0006139071479989914,5.1158928999915956e-05,0.0,0.0,kegg,False
K21964,0.0006138322365864954,5.1152686382207955e-05,0.0,0.0,kegg,False
K07336,0.0006130231938136152,5.10852661511346e-05,0.0,0.0,kegg,False
K09912,0.0006129214909912136,5.107679091593447e-05,0.0,0.0,kegg,False
K15545,0.0006127033586050532,5.105861321708777e-05,0.0,0.0,kegg,False
K03674,0.0006125432766322918,5.104527305269099e-05,0.0,0.0,kegg,False
K02425,0.0006124171969966538,5.103476641638781e-05,0.0,0.0,kegg,False
K12288,0.0006114065733583609,5.0950547779863405e-05,0.0,0.0,kegg,False
K18531,0.0006112955414653941,5.094129512211618e-05,0.0,0.0,kegg,False
K02399,0.0006106383434918586,5.088652862432155e-05,0.0,0.0,kegg,False
K13255,0.0006097919088785393,5.081599240654494e-05,0.0,0.0,kegg,False
K07283,0.0006090624686400371,5.075520572000309e-05,0.0,0.0,kegg,False
K00455,0.0006089668614479484,5.07472384539957e-05,0.0,0.0,kegg,False
K02849,0.0006088145803312568,5.073454836093807e-05,0.0,0.0,kegg,False
K03203,0.0006087351293635222,5.0727927446960184e-05,0.0,0.0,kegg,False
K00427,0.0006082741077232163,5.068950897693469e-05,0.0,0.0,kegg,False
K19714,0.0006078298592917792,5.065248827431493e-05,0.0,0.0,kegg,False
K09914,0.0006067164414989433,5.0559703458245276e-05,0.0,0.0,kegg,False
K11892,0.0006063115425277847,5.0525961877315395e-05,0.0,0.0,kegg,False
K14052,0.0006062935694795414,5.0524464123295114e-05,0.0,0.0,kegg,False
K02464,0.0006058488204481495,5.048740170401246e-05,0.0,0.0,kegg,False
K05887,0.0006050368190031782,5.0419734916931516e-05,0.0,0.0,kegg,False
K05596,0.0006047498284428041,5.039581903690034e-05,0.0,0.0,kegg,False
K12962,0.0006033598351078324,5.027998625898604e-05,0.0,0.0,kegg,False
K09899,0.0006024463028902567,5.020385857418806e-05,0.0,0.0,kegg,False
K07700,0.0006022261484878691,5.018551237398909e-05,0.0,0.0,kegg,False
K18862,0.0006011538327932401,5.0096152732770004e-05,0.0,0.0,kegg,False
K23185,0.0006009660924085606,5.008050770071338e-05,0.0,0.0,kegg,False
K00146,0.0006003072241779095,5.00256020148258e-05,0.0,0.0,kegg,False
K03804,0.0005986747707445795,4.9889564228714955e-05,0.0,0.0,kegg,False
K13638,0.0005973115515034761,4.977596262528968e-05,0.0,0.0,kegg,False
K07689,0.0005957618708627196,4.96468225718933e-05,0.0,0.0,kegg,False
K06866,0.0005957164018974261,4.964303349145217e-05,0.0,0.0,kegg,False
K05778,0.0005946269950633714,4.9552249588614285e-05,0.0,0.0,kegg,False
K15827,0.0005940560116769331,4.9504667639744426e-05,0.0,0.0,kegg,False
K18922,0.0005927631286761183,4.939692738967653e-05,0.0,0.0,kegg,False
K02451,0.0005924902064159535,4.937418386799613e-05,0.0,0.0,kegg,False
K10829,0.0005909047742161598,4.9242064518013315e-05,0.0,0.0,kegg,False
K07711,0.0005901311947894974,4.917759956579145e-05,0.0,0.0,kegg,False
K09862,0.0005897134632472873,4.9142788603940604e-05,0.0,0.0,kegg,False
K14348,0.0005896712851080316,4.9139273759002634e-05,0.0,0.0,kegg,False
K05818,0.0005896093885300923,4.913411571084102e-05,0.0,0.0,kegg,False
K09802,0.0005884975283239405,4.9041460693661706e-05,0.0,0.0,kegg,False
K06988,0.0005830005153935843,4.8583376282798694e-05,0.0,0.0,kegg,False
K05775,0.0005825819033879077,4.85484919489923e-05,0.0,0.0,kegg,False
K18478,0.0005812846408837076,4.8440386740308964e-05,0.0,0.0,kegg,False
K21906,0.0005809389515789292,4.84115792982441e-05,0.0,0.0,kegg,False
K02299,0.000579397300909554,4.8283108409129504e-05,0.0,0.0,kegg,False
K07740,0.000578504555320326,4.8208712943360506e-05,0.0,0.0,kegg,False
K11746,0.0005782483767843149,4.8187364732026236e-05,0.0,0.0,kegg,False
K02339,0.0005767371720243657,4.806143100203047e-05,0.0,0.0,kegg,False
K21965,0.000576440929036366,4.803674408636383e-05,0.0,0.0,kegg,False
K05835,0.0005752081283586615,4.7934010696555125e-05,0.0,0.0,kegg,False
K03919,0.0005726165536607449,4.771804613839541e-05,0.0,0.0,kegg,False
K13244,0.0005723032713339297,4.769193927782748e-05,0.0,0.0,kegg,False
K05875,0.0005719690839663719,4.7664090330530995e-05,0.0,0.0,kegg,False
K10984,0.0005702632977337808,4.752194147781506e-05,0.0,0.0,kegg,False
K07227,0.00056944104231125,4.745342019260416e-05,0.0,0.0,kegg,False
K16703,0.0005693133930727291,4.744278275606076e-05,0.0,0.0,kegg,False
K15737,0.0005691206802645896,4.7426723355382465e-05,0.0,0.0,kegg,False
K02850,0.000568493240701374,4.73744367251145e-05,0.0,0.0,kegg,False
K01529,0.0005680289375685208,4.7335744797376734e-05,0.0,0.0,kegg,False
K10973,0.0005678157435868267,4.731797863223556e-05,0.0,0.0,kegg,False
K12149,0.0005670091012782696,4.72507584398558e-05,0.0,0.0,kegg,False
K07235,0.0005664227706803124,4.7201897556692704e-05,0.0,0.0,kegg,False
K03676,0.0005658578842319542,4.715482368599618e-05,0.0,0.0,kegg,False
K23187,0.0005656281843715666,4.7135682030963886e-05,0.0,0.0,kegg,False
K03649,0.0005651572646525997,4.709643872104997e-05,0.0,0.0,kegg,False
K01671,0.0005642059628405904,4.7017163570049196e-05,0.0,0.0,kegg,False
K15735,0.0005634387469846627,4.695322891538856e-05,0.0,0.0,kegg,False
K06858,0.0005617281736061655,4.681068113384713e-05,0.0,0.0,kegg,False
K07136,0.0005611844007187974,4.676536672656645e-05,0.0,0.0,kegg,False
K03516,0.0005602166546183491,4.6684721218195756e-05,0.0,0.0,kegg,False
K07470,0.0005596427047278272,4.663689206065226e-05,0.0,0.0,kegg,False
K02617,0.0005579959269656332,4.649966058046943e-05,0.0,0.0,kegg,False
K03838,0.0005578198828166085,4.6484990234717375e-05,0.0,0.0,kegg,False
K07311,0.0005559226944143662,4.632689120119719e-05,0.0,0.0,kegg,False
K03618,0.0005557970051953355,4.6316417099611294e-05,0.0,0.0,kegg,False
K11739,0.0005557170344318534,4.630975286932111e-05,0.0,0.0,kegg,False
K05997,0.000555228879883413,4.6269073323617753e-05,0.0,0.0,kegg,False
K02255,0.0005550965918026952,4.6258049316891266e-05,0.0,0.0,kegg,False
K21972,0.0005549365017187306,4.6244708476560885e-05,0.0,0.0,kegg,False
K21963,0.000554297653910061,4.619147115917175e-05,0.0,0.0,kegg,False
K13637,0.0005518816553907694,4.599013794923078e-05,0.0,0.0,kegg,False
K08354,0.0005506708315748979,4.5889235964574825e-05,0.0,0.0,kegg,False
K06078,0.0005498044132532354,4.581703443776962e-05,0.0,0.0,kegg,False
K07356,0.0005489079639791429,4.574233033159524e-05,0.0,0.0,kegg,False
K16326,0.0005480492285347984,4.5670769044566535e-05,0.0,0.0,kegg,False
K07229,0.0005476547150368935,4.563789291974112e-05,0.0,0.0,kegg,False
K02611,0.0005471978598662879,4.559982165552399e-05,0.0,0.0,kegg,False
K22486,0.0005451665303277427,4.543054419397856e-05,0.0,0.0,kegg,False
K01483,0.0005449992445986673,4.541660371655561e-05,0.0,0.0,kegg,False
K23242,0.0005449172451053072,4.5409770425442265e-05,0.0,0.0,kegg,False
K03668,0.0005444840726794275,4.537367272328563e-05,0.0,0.0,kegg,False
K09612,0.0005436406865762457,4.5303390548020474e-05,0.0,0.0,kegg,False
K07686,0.0005434443678171949,4.528703065143291e-05,0.0,0.0,kegg,False
K03774,0.0005424358319219719,4.520298599349766e-05,0.0,0.0,kegg,False
K04336,0.0005422173607616911,4.5184780063474264e-05,0.0,0.0,kegg,False
K10680,0.0005419091530263591,4.5159096085529926e-05,0.0,0.0,kegg,False
K11736,0.0005410739877349992,4.5089498977916604e-05,0.0,0.0,kegg,False
K05984,0.0005403098520303804,4.5025821002531696e-05,0.0,0.0,kegg,False
K03824,0.0005400486905242794,4.5004057543689945e-05,0.0,0.0,kegg,False
K10125,0.0005399149889854113,4.4992915748784276e-05,0.0,0.0,kegg,False
K07661,0.0005372311634366962,4.476926361972469e-05,0.0,0.0,kegg,False
K23243,0.0005369481279695065,4.474567733079221e-05,0.0,0.0,kegg,False
K07781,0.0005338122634657461,4.4484355288812174e-05,0.0,0.0,kegg,False
K12146,0.000533133193495783,4.442776612464858e-05,0.0,0.0,kegg,False
K05372,0.0005324164132965489,4.436803444137907e-05,0.0,0.0,kegg,False
K19303,0.0005322491449031654,4.4354095408597116e-05,0.0,0.0,kegg,False
K06144,0.0005297652017864535,4.4147100148871126e-05,0.0,0.0,kegg,False
K08984,0.0005286279225213841,4.405232687678201e-05,0.0,0.0,kegg,False
K00529,0.0005279810886650633,4.399842405542194e-05,0.0,0.0,kegg,False
K02511,0.0005273563529713249,4.394636274761041e-05,0.0,0.0,kegg,False
K09020,0.0005273421718578215,4.3945180988151786e-05,0.0,0.0,kegg,False
K05877,0.0005268510232496501,4.390425193747084e-05,0.0,0.0,kegg,False
K15833,0.0005263225164358926,4.386020970299105e-05,0.0,0.0,kegg,False
K17247,0.0005255207702582327,4.379339752151939e-05,0.0,0.0,kegg,False
K13632,0.0005229769964520895,4.3581416371007464e-05,0.0,0.0,kegg,False
K09470,0.0005227620121427432,4.356350101189526e-05,0.0,0.0,kegg,False
K11905,0.0005220562934498058,4.350469112081715e-05,0.0,0.0,kegg,False
K07251,0.0005211292820189602,4.342744016824668e-05,0.0,0.0,kegg,False
K09476,0.0005194663992773092,4.328886660644244e-05,0.0,0.0,kegg,False
K16135,0.0005182721825154896,4.3189348542957465e-05,0.0,0.0,kegg,False
K11926,0.0005180657628082254,4.317214690068545e-05,0.0,0.0,kegg,False
K21905,0.0005171360379698622,4.3094669830821856e-05,0.0,0.0,kegg,False
K07660,0.0005168753714597159,4.3072947621643e-05,0.0,0.0,kegg,False
K16077,0.0005155220218085484,4.29601684840457e-05,0.0,0.0,kegg,False
K02300,0.0005144814375236708,4.287345312697257e-05,0.0,0.0,kegg,False
K03974,0.0005130812778782043,4.275677315651702e-05,0.0,0.0,kegg,False
K02362,0.0005101745376435758,4.251454480363131e-05,0.0,0.0,kegg,False
K12148,0.0005082306094730306,4.235255078941921e-05,0.0,0.0,kegg,False
K08277,0.0005080824680027368,4.2340205666894734e-05,0.0,0.0,kegg,False
K09473,0.0005079626804027163,4.2330223366893025e-05,0.0,0.0,kegg,False
K14061,0.0005066553463538618,4.222127886282181e-05,0.0,0.0,kegg,False
K04064,0.0005041508039465188,4.201256699554323e-05,0.0,0.0,kegg,False
K02618,0.0005038653202590719,4.198877668825599e-05,0.0,0.0,kegg,False
K07140,0.0005028104560455796,4.1900871337131633e-05,0.0,0.0,kegg,False
K08723,0.0004970704947666588,4.14225412305549e-05,0.0,0.0,kegg,False
K06197,0.0004965023840996756,4.137519867497297e-05,0.0,0.0,kegg,False
K15721,0.0004952535364297181,4.1271128035809844e-05,0.0,0.0,kegg,False
K22041,0.0004945003879477894,4.1208365662315784e-05,0.0,0.0,kegg,False
K19164,0.0004944612344588366,4.120510287156972e-05,0.0,0.0,kegg,False
K07490,0.000494347143080533,4.1195595256711084e-05,0.0,0.0,kegg,False
K13639,0.0004940556421641598,4.1171303513679985e-05,0.0,0.0,kegg,False
K19155,0.0004921610126225581,4.101341771854651e-05,0.0,0.0,kegg,False
K13938,0.0004901633622921327,4.084694685767772e-05,0.0,0.0,kegg,False
K06976,0.0004892780722796763,4.077317268997302e-05,0.0,0.0,kegg,False
K11909,0.0004884809384017903,4.070674486681586e-05,0.0,0.0,kegg,False
K10549,0.0004882222077879328,4.068518398232773e-05,0.0,0.0,kegg,False
K10972,0.00048576152333009847,4.048012694417487e-05,0.0,0.0,kegg,False
K09161,0.0004825241410022423,4.021034508352019e-05,0.0,0.0,kegg,False
K13650,0.0004817506085918935,4.014588404932446e-05,0.0,0.0,kegg,False
K11685,0.000481681193382741,4.014009944856175e-05,0.0,0.0,kegg,False
K06219,0.0004801205942412128,4.0010049520101064e-05,0.0,0.0,kegg,False
K08350,0.0004786927729792185,3.9891064414934874e-05,0.0,0.0,kegg,False
K15722,0.00047746284880339926,3.97885707336166e-05,0.0,0.0,kegg,False
K18530,0.00047675414243796726,3.9729511869830605e-05,0.0,0.0,kegg,False
K09018,0.00047660244536615635,3.97168704471797e-05,0.0,0.0,kegg,False
K06080,0.0004753634872268026,3.961362393556688e-05,0.0,0.0,kegg,False
K00151,0.0004748541739331885,3.9571181161099046e-05,0.0,0.0,kegg,False
K03840,0.0004745871437781083,3.954892864817569e-05,0.0,0.0,kegg,False
K07225,0.0004715171652728899,3.9293097106074156e-05,0.0,0.0,kegg,False
K12147,0.00046741078806913195,3.8950899005760994e-05,0.0,0.0,kegg,False
K09917,0.0004672346494705414,3.8936220789211784e-05,0.0,0.0,kegg,False
K01143,0.000466726170170548,3.8893847514212335e-05,0.0,0.0,kegg,False
K10094,0.00046655210077914855,3.887934173159571e-05,0.0,0.0,kegg,False
K14064,0.00046451031397256286,3.8709192831046905e-05,0.0,0.0,kegg,False
K09980,0.0004643211476212292,3.869342896843577e-05,0.0,0.0,kegg,False
K18697,0.0004621664349491402,3.851386957909502e-05,0.0,0.0,kegg,False
K19778,0.00045938699874149624,3.8282249895124684e-05,0.0,0.0,kegg,False
K22443,0.0004571999746048278,3.8099997883735654e-05,0.0,0.0,kegg,False
K15829,0.0004549649788316911,3.791374823597426e-05,0.0,0.0,kegg,False
K11922,0.0004542298359848726,3.785248633207271e-05,0.0,0.0,kegg,False
K19162,0.00045398366872302393,3.783197239358533e-05,0.0,0.0,kegg,False
K10857,0.0004529436829747429,3.774530691456191e-05,0.0,0.0,kegg,False
K23264,0.00045237303857559194,3.769775321463266e-05,0.0,0.0,kegg,False
K09920,0.0004523582659722525,3.769652216435438e-05,0.0,0.0,kegg,False
K18843,0.00045055532770340646,3.754627730861721e-05,0.0,0.0,kegg,False
K03041,0.0004490910324510515,3.742425270425429e-05,0.0,0.0,kegg,False
K03425,0.0004470029145513566,3.7250242879279715e-05,0.0,0.0,kegg,False
K21907,0.0004469523053680724,3.724602544733937e-05,0.0,0.0,kegg,False
K15536,0.00044682445662148196,3.72353713851235e-05,0.0,0.0,kegg,False
K03747,0.00044443136098633394,3.703594674886116e-05,0.0,0.0,kegg,False
K11208,0.0004441594073885583,3.7013283949046526e-05,0.0,0.0,kegg,False
K21968,0.0004438583405755972,3.698819504796643e-05,0.0,0.0,kegg,False
K11932,0.0004434263403637582,3.695219503031318e-05,0.0,0.0,kegg,False
K02508,0.00044300062583860266,3.691671881988356e-05,0.0,0.0,kegg,False
K03207,0.0004407236279851278,3.6726968998760646e-05,0.0,0.0,kegg,False
K03242,0.00044022476733296905,3.668539727774742e-05,0.0,0.0,kegg,False
K16348,0.0004337720167339783,3.614766806116486e-05,0.0,0.0,kegg,False
K07348,0.0004326116731855031,3.605097276545859e-05,0.0,0.0,kegg,False
K07688,0.00043119926861576006,3.5933272384646674e-05,0.0,0.0,kegg,False
K02609,0.00043008255515483126,3.584021292956927e-05,0.0,0.0,kegg,False
K03619,0.00042797093275666857,3.566424439638905e-05,0.0,0.0,kegg,False
K06938,0.0004253274935620776,3.54439577968398e-05,0.0,0.0,kegg,False
K11139,0.00042065290243510254,3.505440853625855e-05,0.0,0.0,kegg,False
K09898,0.00041882046182970786,3.490170515247565e-05,0.0,0.0,kegg,False
K04337,0.0004179256527998511,3.482713773332093e-05,0.0,0.0,kegg,False
K02615,0.00041600902184959994,3.4667418487466664e-05,0.0,0.0,kegg,False
K05713,0.0004145667068031609,3.454722556693008e-05,0.0,0.0,kegg,False
K23239,0.00041343203037692497,3.445266919807708e-05,0.0,0.0,kegg,False
K21975,0.0004127070356205846,3.439225296838205e-05,0.0,0.0,kegg,False
K09021,0.0004125442262804417,3.437868552337014e-05,0.0,0.0,kegg,False
K11264,0.00040750526205396415,3.3958771837830346e-05,0.0,0.0,kegg,False
K02322,0.0004074702033477498,3.395585027897915e-05,0.0,0.0,kegg,False
K09913,0.00040471730080545766,3.372644173378814e-05,0.0,0.0,kegg,False
K00021,0.00040395406262591605,3.366283855215967e-05,0.0,0.0,kegg,False
K05817,0.0004038327608741062,3.365273007284218e-05,0.0,0.0,kegg,False
K12152,0.00040347951202801844,3.3623292669001535e-05,0.0,0.0,kegg,False
K14056,0.00040339496609067844,3.3616247174223205e-05,0.0,0.0,kegg,False
K19000,0.000401231782268853,3.343598185573775e-05,0.0,0.0,kegg,False
K09982,0.00040083065306560227,3.3402554422133525e-05,0.0,0.0,kegg,False
K05594,0.0003988547227439995,3.323789356199996e-05,0.0,0.0,kegg,False
K02972,0.00039879269676731856,3.323272473060988e-05,0.0,0.0,kegg,False
K08320,0.00039778625452169,3.3148854543474165e-05,0.0,0.0,kegg,False
K21976,0.00039482023857273393,3.290168654772783e-05,0.0,0.0,kegg,False
K12289,0.0003909802031962713,3.258168359968928e-05,0.0,0.0,kegg,False
K19238,0.0003884275764618836,3.2368964705156964e-05,0.0,0.0,kegg,False
K03329,0.00038256651603797915,3.188054300316493e-05,0.0,0.0,kegg,False
K04785,0.0003778182347923336,3.1484852899361134e-05,0.0,0.0,kegg,False
K05884,0.00037638663160850946,3.136555263404245e-05,0.0,0.0,kegg,False
K11531,0.00037405081539615686,3.1170901283013074e-05,0.0,0.0,kegg,False
K18840,0.0003735222539007131,3.1126854491726095e-05,0.0,0.0,kegg,False
K03971,0.00036807411765045305,3.0672843137537754e-05,0.0,0.0,kegg,False
K12151,0.00036593907860796944,3.0494923217330787e-05,0.0,0.0,kegg,False
K22444,0.00034960513562919056,2.9133761302432547e-05,0.0,0.0,kegg,False
K09916,0.000345894450414977,2.8824537534581415e-05,0.0,0.0,kegg,False
K22720,0.0003289247446256769,2.7410395385473074e-05,0.0,0.0,kegg,False
K21695,0.0003279002026110969,2.7325016884258074e-05,0.0,0.0,kegg,False
K07724,0.0003188498303649533,2.6570819197079442e-05,0.0,0.0,kegg,False
K12529,0.00026693831358648684,2.224485946554057e-05,0.0,0.0,kegg,False
vanillylmandelate (VMA),0.1621700013596538,0.01351416677997115,11.0,0.40297731477473275,metabolome,True
catechol sulfate,0.12665252390295562,0.010554376991912967,12.0,0.32485730980576794,metabolome,True
X-11795,0.138818775204334,0.011568231267027834,9.0,0.31964204241319094,metabolome,True
mannitol/sorbitol,0.12226893499905558,0.010189077916587965,11.0,0.30382688964165,metabolome,True
1-stearoyl-2-arachidonoyl-GPC (18:0/20:4),0.1184410959797474,0.009870091331645616,11.0,0.2943150670082531,metabolome,True
glycodeoxycholate 3-sulfate,0.11592535228791839,0.0096604460239932,10.0,0.2779768542486853,metabolome,True
deoxycarnitine,0.11099583213375203,0.00924965267781267,10.0,0.2661563811738455,metabolome,True
tryptophan betaine,0.10577510804182769,0.008814592336818973,11.0,0.2628412693551818,metabolome,True
N4-acetylcytidine,0.10917374536239949,0.00909781211353329,10.0,0.26178720791819077,metabolome,True
glycochenodeoxycholate glucuronide (1),0.10859689222286008,0.009049741018571674,10.0,0.2604039745017903,metabolome,True
glucuronate,0.10236755818098109,0.008530629848415091,11.0,0.2543738260464799,metabolome,True
imidazole lactate,0.1016300048710919,0.008469167072590992,9.0,0.23401173421708849,metabolome,True
maleate,0.0905137769766597,0.007542814748054975,11.0,0.2249182863067297,metabolome,True
arachidonoylcarnitine (C20:4),0.0888972051690805,0.007408100430756709,9.0,0.204693379431158,metabolome,True
homostachydrine*,0.08704655743415432,0.007253879786179526,9.0,0.20043210554433377,metabolome,True
androsterone glucuronide,0.0823782018227874,0.0068648501518989505,10.0,0.19753430073249204,metabolome,True
N-acetyl-aspartyl-glutamate (NAAG),0.0805418332268129,0.0067118194355677415,10.0,0.19313088115708937,metabolome,True
3-carboxy-4-methyl-5-pentyl-2-furanpropionate (3-CMPFP)**,0.0752414540406208,0.006270121170051733,11.0,0.18696798948525684,metabolome,True
N-palmitoyl-sphingosine (d18:1/16:0),0.0779657970655628,0.0064971497554635665,10.0,0.1869538162234701,metabolome,True
hippurate,0.0741916552806295,0.006182637940052458,11.0,0.18435933756561526,metabolome,True
choline phosphate,0.069065609579052,0.005755467464921,11.0,0.17162159251464812,metabolome,True
1-stearoyl-2-docosahexaenoyl-GPC (18:0/22:6),0.0690372866564319,0.005753107221369325,11.0,0.17155121269588802,metabolome,True
oleoyl-linoleoyl-glycerol (18:1/18:2) [1],0.07437489777986869,0.006197908148322391,9.0,0.1712545309208816,metabolome,True
"N,N-dimethylalanine",0.062342570530698596,0.00519521421089155,11.0,0.15491546807661036,metabolome,True
"bilirubin (E,Z or Z,E)*",0.0671890930194076,0.005599091084950634,9.0,0.15470860399827827,metabolome,True
gulonate*,0.06351228918341209,0.005292690765284341,10.0,0.15229581799750694,metabolome,True
guaiacol sulfate,0.0591956765729426,0.004932973047745217,12.0,0.15183391259027007,metabolome,True
alpha-tocopherol,0.0575670038506544,0.004797250320887867,12.0,0.1476564495377218,metabolome,True
pseudouridine,0.06682577430446811,0.005568814525372342,8.0,0.14683123370130055,metabolome,True
dihomo-linolenoylcarnitine (C20:3n3 or 6)*,0.063327936791191,0.005277328065932584,9.0,0.14581796322546559,metabolome,True
2-aminoheptanoate,0.0593294364083061,0.004944119700692175,10.0,0.14226577510126873,metabolome,True
4-allylphenol sulfate,0.053999222809867894,0.004499935234155658,11.0,0.1341830278436246,metabolome,False
3-hydroxydecanoylcarnitine,0.0519153273335007,0.004326277277791725,11.0,0.12900474211693663,metabolome,False
salicylate,0.0529118076124488,0.0044093173010374,10.0,0.12687697334910783,metabolome,False
X-23644,0.0508078311440411,0.004233985928670092,11.0,0.1262527174711336,metabolome,False
decadienedioic acid (C10:2-DC)**,0.052281515728337696,0.004356792977361475,10.0,0.12536559941971462,metabolome,False
pantothenate,0.0535906671351443,0.004465888927928692,9.0,0.1233970712689892,metabolome,False
2-ketocaprylate,0.0513517761500907,0.004279314679174225,10.0,0.1231361812801026,metabolome,False
4-vinylphenol sulfate,0.0496587635823082,0.004138230298525684,10.0,0.11907651444702873,metabolome,False
10-undecenoate (11:1n1),0.05100313438132151,0.004250261198443459,9.0,0.117439056922403,metabolome,False
beta-hydroxyisovalerate,0.050692772327638,0.004224397693969833,9.0,0.11672442188416034,metabolome,False
methylsuccinate,0.0470106104638793,0.003917550871989942,10.0,0.11272652060270179,metabolome,False
N-acetylglucosamine/N-acetylgalactosamine,0.0488109873002016,0.0040675822750168,9.0,0.11239145173176589,metabolome,False
palmitoyl dihydrosphingomyelin (d18:0/16:0)*,0.0511319659473554,0.004260997162279617,8.0,0.11234841226704793,metabolome,False
4-ethylphenylsulfate,0.0467996089718055,0.0038999674143171247,10.0,0.11222056112230462,metabolome,False
behenoyl sphingomyelin (d18:1/22:0)*,0.0439788821361194,0.0036649068446766163,11.0,0.1092834166702858,metabolome,False
undecenoylcarnitine (C11:1),0.0522268547428095,0.004352237895234125,7.0,0.10860269134347662,metabolome,False
6-bromotryptophan,0.0468173451530772,0.0039014454294231,9.0,0.10780092104303261,metabolome,False
glutamine conjugate of C6H10O2 (1)*,0.04191291175262169,0.0034927426460518076,11.0,0.10414967312606728,metabolome,False
cholesterol,0.0471778201561916,0.003931485013015966,8.0,0.10366026595233226,metabolome,False
ribonate,0.0446736796260532,0.0037228066355044337,9.0,0.10286494875614192,metabolome,False
X-21339,0.0435485606038023,0.003629046716983525,9.0,0.10027426646766296,metabolome,False
ascorbic acid 2-sulfate,0.0405403512277297,0.003378362602310808,10.0,0.09721151656655867,metabolome,False
theophylline,0.0429327581815966,0.0035777298484663835,8.0,0.09433291144943672,metabolome,False
1-palmitoyl-2-docosahexaenoyl-GPC (16:0/22:6),0.048207506611563894,0.004017292217630325,6.0,0.0938074763760933,metabolome,False
N-palmitoyl-sphingadienine (d18:2/16:0)*,0.0402468348577316,0.003353902904810967,9.0,0.09267176198360594,metabolome,False
N-delta-acetylornithine,0.039806116095083804,0.003317176341256984,9.0,0.09165696953053033,metabolome,False
1-stearoyl-2-oleoyl-GPS (18:0/18:1),0.037806347218270406,0.0031505289348558673,10.0,0.09065566127646443,metabolome,False
1-stearoyl-2-arachidonoyl-GPE (18:0/20:4),0.043093249677867596,0.0035911041398222995,7.0,0.08960989354613907,metabolome,False
3-methoxytyrosine,0.0378163884436181,0.0031513657036348415,9.0,0.08707545230114734,metabolome,False
N-palmitoyl-heptadecasphingosine (d17:1/16:0)*,0.0389306577451954,0.0032442214787662834,8.0,0.08553939800960798,metabolome,False
cytidine,0.04311737563235969,0.0035931146360299745,6.0,0.08390253884363898,metabolome,False
phosphoethanolamine,0.0343791494271588,0.0028649291189298998,9.0,0.07916091698079064,metabolome,False
glutamine conjugate of C6H10O2 (2)*,0.032907883008441705,0.0027423235840368086,10.0,0.07890965710374419,metabolome,False
indolelactate,0.0340533768159564,0.0028377814013297,9.0,0.07841079782253026,metabolome,False
1-stearoyl-2-arachidonoyl-GPI (18:0/20:4),0.037354858571412096,0.003112904880951008,7.0,0.07767724469696939,metabolome,False
1-(1-enyl-palmitoyl)-2-palmitoleoyl-GPC (P-16:0/16:1)*,0.0335029604186413,0.0027919133682201085,9.0,0.07714341723113302,metabolome,False
tyrosine,0.036711484192751,0.0030592903493959164,7.0,0.07633938528712905,metabolome,False
isoursodeoxycholate,0.0346533567674489,0.0028877797306207415,8.0,0.07614120717663914,metabolome,False
indolepropionate,0.0325952960144736,0.0027162746678728,9.0,0.07505344270465515,metabolome,False
2-hydroxydecanoate,0.035484837000144404,0.0029570697500120335,7.0,0.07378864415783795,metabolome,False
4-guanidinobutanoate,0.033344991319408004,0.0027787492766173337,8.0,0.07326643445806616,metabolome,False
taurolithocholate 3-sulfate,0.0306135638398919,0.0025511303199909916,9.0,0.07049033574115665,metabolome,False
N-acetylhistidine,0.0333520426095828,0.0027793368841319,7.0,0.06935362290224242,metabolome,False
cholate,0.0315299163249289,0.0026274930270774083,8.0,0.06927830707048828,metabolome,False
X-11381,0.035424471461320994,0.0029520392884434163,6.0,0.06893283854150482,metabolome,False
3-hydroxybutyroylglycine**,0.029611864278327897,0.0024676553565273246,9.0,0.06818383726304071,metabolome,False
"branched-chain, straight-chain, or cyclopropyl 10:1 fatty acid (1)*",0.0296096391749246,0.0024674699312437166,9.0,0.06817871377311391,metabolome,False
1-(1-enyl-palmitoyl)-2-arachidonoyl-GPC (P-16:0/20:4)*,0.032047083413301806,0.0026705902844418174,7.0,0.0666400365392986,metabolome,False
lithocholate sulfate (1),0.028890644131578998,0.002407553677631583,9.0,0.06652316650436971,metabolome,False
linoleoyl-linoleoyl-glycerol (18:2/18:2) [2]*,0.0319536684786538,0.0026628057065544836,7.0,0.06644578564357824,metabolome,False
3-carboxy-4-methyl-5-propyl-2-furanpropanoate (CMPF),0.0317258261256103,0.002643818843800858,7.0,0.06597200078970548,metabolome,False
uridine,0.0309291064460468,0.0025774255371705667,7.0,0.0643152687909473,metabolome,False
"sphingomyelin (d18:1/20:0, d16:1/22:0)*",0.029233293441677997,0.0024361077868064996,8.0,0.06423211082653661,metabolome,False
4-hydroxyhippurate,0.028883528581124796,0.002406960715093733,8.0,0.06346359887864055,metabolome,False
hexadecadienoate (16:2n6),0.032323446438520496,0.0026936205365433747,6.0,0.06289852247716285,metabolome,False
X-11787,0.030239119099668598,0.00251992659163905,7.0,0.06288048043965504,metabolome,False
"hydroxy-N6,N6,N6-trimethyllysine*",0.0299059250095567,0.0024921604174630583,7.0,0.06218762280723414,metabolome,False
1-(1-enyl-palmitoyl)-2-linoleoyl-GPE (P-16:0/18:2)*,0.028079817895840197,0.0023399848246533498,8.0,0.06169766600786549,metabolome,False
X-13553,0.0280610544984221,0.002338421208201842,7.0,0.05835132242736074,metabolome,False
erythritol,0.0840972898628092,0.0070081074885674334,1.0,0.058291799361138666,metabolome,False
1-linolenoyl-GPC (18:3)*,0.026519844318901902,0.0022099870265751584,8.0,0.05827005372462157,metabolome,False
pipecolate,0.0261826812901419,0.002181890107511825,8.0,0.05752923083126098,metabolome,False
oleamide,0.035560456354066704,0.002963371362838892,4.0,0.05723234663969305,metabolome,False
2-aminophenol sulfate,0.027018909778568703,0.0022515758148807254,7.0,0.05618424340445529,metabolome,False
"glycosyl ceramide (d18:1/20:0, d16:1/22:0)*",0.025333548870919303,0.0021111290725766086,8.0,0.055663496210332127,metabolome,False
1-stearoyl-2-oleoyl-GPC (18:0/18:1),0.026209820013472898,0.002184151667789408,7.0,0.0545017885359671,metabolome,False
1-palmitoyl-2-oleoyl-GPE (16:0/18:1),0.0261876511668552,0.0021823042639046,7.0,0.054455689715379126,metabolome,False
carnitine,0.024565888052746298,0.0020471573377288583,8.0,0.053976772993584374,metabolome,False
linoleoyl-linoleoyl-glycerol (18:2/18:2) [1]*,0.0259233249238466,0.002160277076987217,7.0,0.053906038745110886,metabolome,False
gluconate,0.023126126559867698,0.0019271772133223081,9.0,0.05324987427544504,metabolome,False
succinoyltaurine,0.0264435263479014,0.00220362719565845,6.0,0.05145672629719292,metabolome,False
succinate,0.0261145478551107,0.002176212321259225,6.0,0.05081656370925057,metabolome,False
"5,6-dihydrothymine",0.031420376291456,0.0026183646909546665,4.0,0.050569144826414836,metabolome,False
"sphingomyelin (d18:1/24:1, d18:2/24:0)*",0.0255908843005171,0.002132573691709758,6.0,0.049797561483676506,metabolome,False
phytanate,0.0252895325051623,0.0021074610420968583,6.0,0.04921115796665956,metabolome,False
N-methylpipecolate,0.0236345949383779,0.0019695495781981583,7.0,0.04914675853563898,metabolome,False
X-24556,0.024043605603643898,0.0020036338003036583,6.0,0.04678669616401386,metabolome,False
ethylmalonate,0.0238393938446959,0.0019866161537246585,6.0,0.046389318429720515,metabolome,False
"bilirubin (E,E)*",0.0257809995017952,0.0021484166251496003,5.0,0.04619334998350532,metabolome,False
X-25810,0.023067533832239098,0.0019222944860199248,6.0,0.04488734819783086,metabolome,False
2-hydroxyoctanoate,0.0245845126043773,0.0020487093836981086,5.0,0.0440495332552495,metabolome,False
1-palmitoyl-2-oleoyl-GPC (16:0/18:1),0.0273644343179539,0.0022803695264961583,4.0,0.04404135804362778,metabolome,False
nicotinamide,0.0225068751620002,0.0018755729301666833,6.0,0.04379635680125714,metabolome,False
X-24801,0.0224449549940334,0.00187041291616945,6.0,0.04367586571797933,metabolome,False
thyroxine,0.020866730147561397,0.0017388941789634497,7.0,0.043391145507862175,metabolome,False
S-methylcysteine,0.0222859424661305,0.0018571618721775415,6.0,0.04336644162610613,metabolome,False
O-sulfo-tyrosine,0.0239039109913117,0.001991992582609308,5.0,0.04283005887026732,metabolome,False
X-24748,0.0219506723478377,0.0018292226956531418,6.0,0.042714036100245205,metabolome,False
"2,6-dihydroxybenzoic acid",0.0228397651628999,0.0019033137635749917,5.0,0.04092336550557094,metabolome,False
X-16576,0.0253538712976835,0.0021128226081402915,4.0,0.04080548169346659,metabolome,False
X-25420,0.024751805892009496,0.0020626504910007913,4.0,0.039836494803809824,metabolome,False
X-17010,0.021868668403799297,0.0018223890336499413,5.0,0.039183393691915765,metabolome,False
X-24947,0.021659785815192203,0.001804982151266017,5.0,0.03880912633582213,metabolome,False
3-(4-hydroxyphenyl)lactate,0.0239177086728307,0.001993142389402558,4.0,0.03849406711660762,metabolome,False
N-palmitoyl-sphinganine (d18:0/16:0),0.0214054092422341,0.0017837841035195084,5.0,0.03835334470247467,metabolome,False
stachydrine,0.0348141110863315,0.0029011759238609584,2.0,0.038247210258500454,metabolome,False
sphingosine,0.0210525541474523,0.0017543795122876918,5.0,0.037721113245134025,metabolome,False
X-15461,0.020927776063726998,0.0017439813386439164,5.0,0.03749754093206708,metabolome,False
retinol (vitamin A),0.0205951943848176,0.0017162661987347998,5.0,0.0369016345595894,metabolome,False
3-methylglutaconate,0.0203587916579381,0.0016965659714948417,5.0,0.036478057735151725,metabolome,False
orotidine,0.0203052789705055,0.0016921065808754583,5.0,0.03638217587072052,metabolome,False
tridecenedioate (C13:1-DC)*,0.019431190713066298,0.0016192658927555248,5.0,0.03481601995851278,metabolome,False
N-acetylputrescine,0.0215841665021681,0.0017986805418473417,4.0,0.03473837587687947,metabolome,False
dimethylarginine (SDMA + ADMA),0.0248140797798314,0.0020678399816526165,3.0,0.03439961887515937,metabolome,False
xanthine,0.0165009191481237,0.001375076595676975,7.0,0.03431269675250867,metabolome,False
X-15486,0.0172356938197969,0.0014363078183164083,6.0,0.033539111529952724,metabolome,False
X-23739,0.0207651731920786,0.0017304310993398835,4.0,0.033420256993591524,metabolome,False
1-stearoyl-2-docosahexaenoyl-GPE (18:0/22:6)*,0.0206096971575648,0.0017174747631304,4.0,0.0331700279691701,metabolome,False
dodecenedioate (C12:1-DC)*,0.020394912583941903,0.0016995760486618252,4.0,0.03282434553337542,metabolome,False
carotene diol (1),0.017821592831435,0.0014851327359529168,5.0,0.031932007712450486,metabolome,False
X-11478,0.017763298474348498,0.0014802748728623748,5.0,0.031827558246138185,metabolome,False
"androstenediol (3beta,17beta) disulfate (2)",0.0229530745787923,0.0019127562148993583,3.0,0.03181971785894407,metabolome,False
3-methylglutarylcarnitine (2),0.0227883549811833,0.001899029581765275,3.0,0.03159136800961278,metabolome,False
sphinganine-1-phosphate,0.0176279264743396,0.0014689938728616335,5.0,0.031585004183253905,metabolome,False
allantoin,0.019451567796685096,0.0016209639830570912,4.0,0.031306090668267235,metabolome,False
pyridoxate,0.019193876169491204,0.0015994896807909338,4.0,0.03089135199374455,metabolome,False
X-18921,0.0156570463051116,0.0013047538587593,6.0,0.030467205309345654,metabolome,False
glutamine conjugate of C7H12O2*,0.0185963585828752,0.0015496965485729333,4.0,0.029929684536498625,metabolome,False
N-acetylserine,0.0185303277288566,0.0015441939774047165,4.0,0.02982341197665069,metabolome,False
caprate (10:0),0.016460519673743703,0.0013717099728119753,5.0,0.029493291993844973,metabolome,False
X-18913,0.021205969814399997,0.0017671641511999997,3.0,0.029397716375781327,metabolome,False
X-21470,0.0182390751248929,0.0015199229270744083,4.0,0.029354658993736352,metabolome,False
argininate*,0.0182275666246151,0.0015189638853845917,4.0,0.029336136777074005,metabolome,False
"sphingomyelin (d18:1/17:0, d17:1/18:0, d19:1/16:0)",0.018216184194133102,0.0015180153495110919,4.0,0.029317817461920633,metabolome,False
hypotaurine,0.0181003448291541,0.001508362069096175,4.0,0.029131381196171136,metabolome,False
glycolithocholate sulfate*,0.0179568967305498,0.00149640806087915,4.0,0.02890051038781079,metabolome,False
"cys-gly, oxidized",0.0207202458253563,0.0017266871521130248,3.0,0.02872435994870939,metabolome,False
X-14056,0.017801386105753197,0.0014834488421460997,4.0,0.028650225692476824,metabolome,False
margaroylcarnitine (C17)*,0.0177298547078179,0.0014774878923181584,4.0,0.02853510034871035,metabolome,False
2-hydroxyhippurate (salicylurate),0.0203649931748785,0.0016970827645732083,3.0,0.02823187520257912,metabolome,False
1-linoleoyl-2-arachidonoyl-GPC (18:2/20:4n6)*,0.0174877057361965,0.0014573088113497082,4.0,0.028145376613325935,metabolome,False
2'-deoxyuridine,0.0173618868971224,0.0014468239080935334,4.0,0.027942879003621635,metabolome,False
dimethylglycine,0.0169505060234088,0.0014125421686174,4.0,0.027280787029016703,metabolome,False
"N2,N2-dimethylguanosine",0.0168845356768746,0.00140704463973955,4.0,0.027174611852208146,metabolome,False
sarcosine,0.0167862693090173,0.0013988557757514417,4.0,0.027016458234261412,metabolome,False
pentose acid*,0.0194312318537305,0.0016192693211442082,3.0,0.02693740714843979,metabolome,False
X-25422,0.01914506973042,0.001595422477535,3.0,0.026540702210528348,metabolome,False
N-methylproline,0.0164125347924015,0.0013677112327001252,4.0,0.026414955734034712,metabolome,False
ascorbic acid 3-sulfate*,0.0189810661775152,0.0015817555147929331,3.0,0.026313345009932796,metabolome,False
N-acetylasparagine,0.018924310945629602,0.0015770259121358002,3.0,0.02623466555200574,metabolome,False
docosadioate (C22-DC),0.0162775643940211,0.0013564636995017582,4.0,0.02619772925782496,metabolome,False
beta-citrylglutamate,0.016143795719106,0.0013453163099255,4.0,0.025982436880920525,metabolome,False
X-19141,0.015949248353981402,0.0013291040294984501,4.0,0.025669324975724838,metabolome,False
X-25520,0.0183238128655714,0.0015269844054642834,3.0,0.025402198449757735,metabolome,False
ximenoylcarnitine (C26:1)*,0.018317389493874497,0.0015264491244895413,3.0,0.025393293765794942,metabolome,False
dihydroorotate,0.015771524394828602,0.0013142936995690503,4.0,0.02538328929791643,metabolome,False
sphingosine 1-phosphate,0.015724404722498704,0.0013103670602082253,4.0,0.02530745311084722,metabolome,False
stearidonate (18:4n3),0.0226069200096626,0.0018839100008052167,2.0,0.02483624013155231,metabolome,False
3-hydroxyhippurate,0.0153875232006506,0.0012822936000542167,4.0,0.02476526321758639,metabolome,False
octadecenedioylcarnitine (C18:1-DC)*,0.015306342692461599,0.0012755285577051333,4.0,0.02463460822995634,metabolome,False
cystine,0.015282667607449901,0.0012735556339541585,4.0,0.024596504650558414,metabolome,False
pregnenetriol sulfate*,0.017327627993506803,0.0014439689994589003,3.0,0.024021192978981646,metabolome,False
behenoylcarnitine (C22)*,0.0168517031690746,0.0014043085974228835,3.0,0.02336142107855431,metabolome,False
X-12101,0.0168014757882358,0.0014001229823529832,3.0,0.023291791143723657,metabolome,False
urea,0.0165540351148807,0.0013795029262400583,3.0,0.022948765533539774,metabolome,False
isobutyrylcarnitine (C4),0.0162411892647493,0.0013534324387291083,3.0,0.022515069095602854,metabolome,False
phenol sulfate,0.0162049446060992,0.0013504120505082667,3.0,0.02246482332969551,metabolome,False
dihomo-linoleoylcarnitine (C20:2)*,0.0160970069187671,0.0013414172432305918,3.0,0.022315189922394698,metabolome,False
X-25519,0.0159697869044818,0.0013308155753734834,3.0,0.022138825533969394,metabolome,False
3-hydroxyoctanoate,0.0158292763933913,0.0013191063661159416,3.0,0.021944036604766556,metabolome,False
"sphingomyelin (d18:1/20:1, d18:2/20:0)*",0.015771621989092002,0.0013143018324243336,3.0,0.021864110629192714,metabolome,False
N-acetyl-beta-alanine,0.015769102088046,0.0013140918406705,3.0,0.021860617304582063,metabolome,False
glutamine,0.0157346969661412,0.0013112247471784334,3.0,0.021812921678091797,metabolome,False
1-palmitoyl-2-palmitoleoyl-GPC (16:0/16:1)*,0.013537726375148001,0.0011281438645956668,4.0,0.021788130076322257,metabolome,False
pyridoxal,0.019745314483723495,0.0016454428736436247,2.0,0.021692445135435043,metabolome,False
ornithine,0.0153981578132344,0.0012831798177695335,3.0,0.021346379348121034,metabolome,False
glycosyl-N-behenoyl-sphingadienine (d18:2/22:0)*,0.0153188822732809,0.0012765735227734084,3.0,0.021236480114108763,metabolome,False
EDTA,0.0130927163395686,0.00109105969496405,4.0,0.021071914053647122,metabolome,False
eicosapentaenoate (EPA; 20:5n3),0.0151141434353458,0.0012595119529454832,3.0,0.020952651817577092,metabolome,False
stearoyl sphingomyelin (d18:1/18:0),0.0151026840054229,0.0012585570004519083,3.0,0.02093676567449333,metabolome,False
5-methyluridine (ribothymidine),0.01891927441639,0.0015766062013658332,2.0,0.020784947366530228,metabolome,False
gamma-tocopherol/beta-tocopherol,0.014909676257658102,0.0012424730214715084,3.0,0.02066920012211454,metabolome,False
X-21353,0.014791158408903299,0.001232596534075275,3.0,0.020504899496693697,metabolome,False
methionine sulfoxide,0.0147530126168117,0.0012294177180676416,3.0,0.02045201820021666,metabolome,False
lignoceroyl sphingomyelin (d18:1/24:0),0.014456850732944,0.0012047375610786666,3.0,0.020041450650632224,metabolome,False
"sphingomyelin (d18:2/23:0, d18:1/23:1, d17:1/24:1)*",0.014413306217521401,0.0012011088514601168,3.0,0.019981085134444177,metabolome,False
3-formylindole,0.0181655889898691,0.0015137990824890916,2.0,0.019956939295164303,metabolome,False
1-myristoyl-2-palmitoyl-GPC (14:0/16:0),0.0143411930376382,0.0011950994198031833,3.0,0.01988111503980967,metabolome,False
linolenoylcarnitine (C18:3)*,0.014317365332217,0.0011931137776847501,3.0,0.019848082826145835,metabolome,False
4-hydroxychlorothalonil,0.0142445914057544,0.0011870492838128666,3.0,0.01974719674225418,metabolome,False
adenosine 5'-monophosphate (AMP),0.0142128366865095,0.001184403057209125,3.0,0.01970317535402603,metabolome,False
N-oleoylserine,0.0140610640517672,0.0011717553376472667,3.0,0.01949277380631047,metabolome,False
taurochenodeoxycholate,0.017675632941335298,0.0014729694117779416,2.0,0.019418667559337802,metabolome,False
"bilirubin (Z,Z)",0.012022081044155898,0.0010018400870129916,4.0,0.019348793018819838,metabolome,False
1-palmitoyl-2-stearoyl-GPC (16:0/18:0),0.013941221107799402,0.00116176842564995,3.0,0.019326636208867903,metabolome,False
guanidinoacetate,0.0138590757978628,0.0011549229831552333,3.0,0.019212758628910347,metabolome,False
1-stearoyl-2-oleoyl-GPI (18:0/18:1)*,0.0138074087659648,0.0011506173971637334,3.0,0.01914113291393435,metabolome,False
spermidine,0.013730036040949202,0.0011441696700791,3.0,0.019033871541540744,metabolome,False
hyocholate,0.0136713787207322,0.0011392815600610167,3.0,0.01895255522928551,metabolome,False
4-acetamidobutanoate,0.0136159779120573,0.001134664826004775,3.0,0.018875753400618017,metabolome,False
X-23782,0.0135923632972479,0.001132696941437325,3.0,0.018843016593267727,metabolome,False
X-21736,0.0135055900869904,0.0011254658405825335,3.0,0.018722723381191485,metabolome,False
7-methylguanine,0.016907964837192903,0.0014089970697660752,2.0,0.018575297946508414,metabolome,False
1-palmitoyl-2-docosahexaenoyl-GPE (16:0/22:6)*,0.016771855519206503,0.001397654626600542,2.0,0.01842576657716632,metabolome,False
N-acetyltryptophan,0.016261677937615703,0.0013551398281346418,2.0,0.01786527921662769,metabolome,False
lignoceroylcarnitine (C24)*,0.0161817058291612,0.0013484754857634332,2.0,0.017777420875528874,metabolome,False
X-11299,0.0128122091784542,0.0010676840982045167,3.0,0.017761493337579565,metabolome,False
X-25172,0.012798417199522603,0.0010665347666268836,3.0,0.017742373594958005,metabolome,False
5-oxoproline,0.012726037800525898,0.0010605031500438248,3.0,0.017642034442267626,metabolome,False
indoleacetate,0.012686316485029301,0.0010571930404191085,3.0,0.01758696900657843,metabolome,False
X-21383,0.0159644055288057,0.0013303671274004752,2.0,0.017538692095227053,metabolome,False
glycerophosphorylcholine (GPC),0.0123921254585599,0.0010326771215466584,3.0,0.01717913364549183,metabolome,False
3-hydroxydecanoate,0.012362005602522402,0.0010301671335435335,3.0,0.0171373786589093,metabolome,False
1-linoleoyl-2-linolenoyl-GPC (18:2/18:3)*,0.024524839599497902,0.0020437366332914917,1.0,0.01699932342207687,metabolome,False
sebacate (C10-DC),0.0152890801804187,0.0012740900150348918,2.0,0.016796771368640023,metabolome,False
docosapentaenoate (n3 DPA; 22:5n3),0.0151255651953431,0.0012604637662785917,2.0,0.016617131796654586,metabolome,False
X-12844,0.0150189325412815,0.0012515777117734583,2.0,0.016499983852529213,metabolome,False
malate,0.014586591353063,0.0012155492794219166,2.0,0.016025008510255,metabolome,False
betaine,0.014551679853851598,0.0012126399878209665,2.0,0.015986654308205527,metabolome,False
andro steroid monosulfate C19H28O6S (1)*,0.014437786333680099,0.0012031488611400083,2.0,0.015861529487345448,metabolome,False
glutarate (C5-DC),0.0144158682093156,0.0012013223507763,2.0,0.015837449966574053,metabolome,False
linolenate [alpha or gamma; (18:3n3 or 6)],0.0143875120162029,0.001198959334683575,2.0,0.015806297504360595,metabolome,False
gamma-glutamylmethionine,0.011331456405127598,0.0009442880337606332,3.0,0.015708734117704255,metabolome,False
alpha-ketoglutaramate*,0.014274832596628899,0.0011895693830524083,2.0,0.015682506509336606,metabolome,False
citrulline,0.014168652239699202,0.0011807210199749334,2.0,0.015565855464398476,metabolome,False
X-12849,0.0140354331211545,0.001169619426762875,2.0,0.015419499303679734,metabolome,False
1-palmitoleoyl-GPC (16:1)*,0.0138891623205742,0.0011574301933811833,2.0,0.015258804404688893,metabolome,False
lactosyl-N-palmitoyl-sphingosine (d18:1/16:0),0.013822769179131101,0.0011518974315942584,2.0,0.015185864083616225,metabolome,False
2-methylserine,0.013788339237968,0.0011490282698306666,2.0,0.015148038927156321,metabolome,False
1-methyl-4-imidazoleacetate,0.013724545391529798,0.0011437121159608165,2.0,0.015077954223517907,metabolome,False
asparagine,0.013720329351338701,0.001143360779278225,2.0,0.015073322429954449,metabolome,False
piperine,0.0136516594027785,0.001137638283564875,2.0,0.014997880780604005,metabolome,False
"ceramide (d18:1/17:0, d17:1/18:0)*",0.0136414552559416,0.0011367879379951334,2.0,0.014986670379493612,metabolome,False
1-stearoyl-2-linoleoyl-GPE (18:0/18:2)*,0.0136063499706442,0.0011338624975536834,2.0,0.014948103281668691,metabolome,False
X-21286,0.013516041164963098,0.0011263367637469248,2.0,0.01484888891797249,metabolome,False
X-11483,0.0106123285999993,0.0008843607166666083,3.0,0.014711811296530371,metabolome,False
glycosyl-N-palmitoyl-sphingosine (d18:1/16:0),0.0133688008899,0.001114066740825,2.0,0.014687128942401298,metabolome,False
laurate (12:0),0.013311538082382501,0.0011092948401985419,2.0,0.014624219318378939,metabolome,False
X-15503,0.0132329376298424,0.0011027448024868668,2.0,0.01453786789532351,metabolome,False
glutamine_degradant*,0.013199170317795501,0.0010999308598162918,2.0,0.014500770711353495,metabolome,False
X-24328,0.010378775788929599,0.0008648979824107998,3.0,0.014388038351520745,metabolome,False
1-linoleoylglycerol (18:2),0.012679943679724899,0.0010566619733104082,2.0,0.013930341946165301,metabolome,False
7-methylxanthine,0.012665275645241603,0.001055439637103467,2.0,0.013914227463231345,metabolome,False
heptenedioate (C7:1-DC)*,0.012647580236032501,0.001053965019669375,2.0,0.013894787069221216,metabolome,False
cerotoylcarnitine (C26)*,0.012572962355348398,0.0010477468629457,2.0,0.01381281094854729,metabolome,False
2-hydroxynervonate*,0.012559784530179599,0.0010466487108483,2.0,0.013798333627878927,metabolome,False
1-oleoylglycerol (18:1),0.0124837544233585,0.0010403128686132083,2.0,0.013714806018216518,metabolome,False
deoxycholic acid glucuronide,0.0124284752543436,0.0010357062711953,2.0,0.013654075643829387,metabolome,False
3-methylhistidine,0.012398110028954901,0.0010331758357462419,2.0,0.013620716034069186,metabolome,False
X-21471,0.012302137713600001,0.0010251781428000002,2.0,0.013515279669048362,metabolome,False
X-24949,0.0122670814071673,0.0010222567839306084,2.0,0.013476766380006082,metabolome,False
histidine,0.012119521008384199,0.0010099600840320167,2.0,0.0133146547125822,metabolome,False
creatinine,0.0121125916206795,0.001009382635056625,2.0,0.013307042002096871,metabolome,False
9-hydroxystearate,0.0120459003750166,0.0010038250312513833,2.0,0.013233774180065026,metabolome,False
tryptophan,0.0120028682914052,0.0010002390242837666,2.0,0.013186498604202549,metabolome,False
gamma-glutamylglutamine,0.011992359454802799,0.0009993632879002332,2.0,0.013174953467171546,metabolome,False
octadecanedioylcarnitine (C18-DC)*,0.0119679005836191,0.000997325048634925,2.0,0.013148082650722183,metabolome,False
1-ribosyl-imidazoleacetate*,0.0118371417186622,0.0009864284765551833,2.0,0.01300442935482824,metabolome,False
1-(1-enyl-palmitoyl)-2-palmitoyl-GPC (P-16:0/16:0)*,0.0118318314220789,0.0009859859518399083,2.0,0.012998595397745354,metabolome,False
X-13728,0.011683969399357598,0.0009736641166131332,2.0,0.012836152362556408,metabolome,False
1-methyl-5-imidazoleacetate,0.011662363424246399,0.0009718636186871999,2.0,0.012812415772790587,metabolome,False
epiandrosterone sulfate,0.011617014224593701,0.0009680845187161418,2.0,0.012762594584770871,metabolome,False
stearate (18:0),0.011567175354702799,0.0009639312795585666,2.0,0.012707840989855394,metabolome,False
glutarylcarnitine (C5-DC),0.0115234657175189,0.0009602888097932417,2.0,0.012659821045311938,metabolome,False
X-12822,0.0114428046776772,0.0009535670564731,2.0,0.012571205835725099,metabolome,False
isoleucine,0.011416302524866901,0.0009513585437389084,2.0,0.012542090244971544,metabolome,False
2-keto-3-deoxy-gluconate,0.011339515042668198,0.0009449595868890165,2.0,0.012457730573412165,metabolome,False
2-hydroxybehenate,0.011320347568934899,0.0009433622974112416,2.0,0.01243667295122604,metabolome,False
X-12411,0.0108131608070087,0.0009010967339173917,2.0,0.01187947134192413,metabolome,False
X-24544,0.0106474448336811,0.000887287069473425,2.0,0.011697413737197833,metabolome,False
pregnenediol disulfate (C21H34O8S2)*,0.0106409042026467,0.000886742016887225,2.0,0.011690228119567795,metabolome,False
X-12462,0.0167748995760315,0.001397908298002625,1.0,0.011627474345302456,metabolome,False
phenylalanine,0.010577273190413,0.0008814394325344166,2.0,0.011620322307587463,metabolome,False
1-palmitoleoyl-2-linoleoyl-GPC (16:1/18:2)*,0.0105558050558144,0.0008796504213178666,2.0,0.01159673715110266,metabolome,False
"androstenediol (3alpha, 17alpha) monosulfate (3)",0.010520130452647,0.0008766775377205834,2.0,0.011557544593669597,metabolome,False
X-11444,0.010388452940223199,0.0008657044116852666,2.0,0.01141288206037956,metabolome,False
cortisone,0.0103423223465255,0.0008618601955437917,2.0,0.011362202423259714,metabolome,False
3-ureidopropionate,0.0103130863181974,0.0008594238598497833,2.0,0.011330083363266612,metabolome,False
X-18886,0.0159515135686185,0.001329292797384875,1.0,0.011056746655751624,metabolome,False
tetradecadienedioate (C14:2-DC)*,0.0100571135874283,0.0008380927989523583,2.0,0.011048868575679747,metabolome,False
N-acetylarginine,0.009986310712934302,0.0008321925594111918,2.0,0.010971083667687615,metabolome,False
hexadecenedioate (C16:1-DC)*,0.0156712273498079,0.0013059356124839917,1.0,0.01086246705343325,metabolome,False
butyrylcarnitine (C4),0.0098680428673839,0.0008223369056153249,2.0,0.01084115315921164,metabolome,False
N-palmitoylglycine,0.009848745259401399,0.0008207287716167832,2.0,0.010819952569940165,metabolome,False
2-palmitoleoyl-GPC (16:1)*,0.0097321364034316,0.0008110113669526333,2.0,0.010691844647804214,metabolome,False
citrate,0.0152948941951416,0.0012745745162618001,1.0,0.010601612788325073,metabolome,False
N-acetylmethionine,0.0095992724272276,0.0007999393689356333,2.0,0.010545878650825192,metabolome,False
gamma-glutamylisoleucine*,0.0095801043205704,0.0007983420267142,2.0,0.010524820333301092,metabolome,False
caprylate (8:0),0.0095790314427992,0.0007982526202332667,2.0,0.010523641656597412,metabolome,False
cis-4-decenoate (10:1n6)*,0.009564425694204001,0.0007970354745170001,2.0,0.01050759560170553,metabolome,False
dodecadienoate (12:2)*,0.0094031111560312,0.0007835925963359334,2.0,0.01033037346772807,metabolome,False
5-hydroxylysine,0.009331101425217602,0.0007775917854348002,2.0,0.010251262692552568,metabolome,False
N-acetylalanine,0.009293559011847601,0.0007744632509873,2.0,0.010210018135878027,metabolome,False
glucose,0.0092596864554107,0.0007716405379508917,2.0,0.010172805329127845,metabolome,False
X-21796,0.0091724025134214,0.0007643668761184501,2.0,0.010076914117855005,metabolome,False
X-24475,0.0091569088445494,0.0007630757370457832,2.0,0.01005989258283567,metabolome,False
oxalate (ethanedioate),0.0091382350158638,0.0007615195846553167,2.0,0.010039377285165187,metabolome,False
inosine,0.0144470963860196,0.0012039246988349666,1.0,0.01001396412724726,metabolome,False
X-21607,0.0090818340016587,0.0007568195001382249,2.0,0.00997741443786612,metabolome,False
nervonoylcarnitine (C24:1)*,0.009052887769802,0.0007544073141501667,2.0,0.009945613751837714,metabolome,False
gamma-glutamylcitrulline*,0.0139057976673258,0.00115881647227715,1.0,0.009638764446543942,metabolome,False
"androstenediol (3alpha, 17alpha) monosulfate (2)",0.0138742546868643,0.0011561878905720251,1.0,0.009616900518570597,metabolome,False
sphinganine,0.0138380744756314,0.0011531728729692833,1.0,0.009591822307162448,metabolome,False
stearoylcarnitine (C18),0.0086882287017535,0.0007240190584794584,2.0,0.00954499481850537,metabolome,False
acetylcarnitine (C2),0.0086522767229087,0.0007210230602423917,2.0,0.009505497532744538,metabolome,False
alpha-hydroxyisovalerate,0.0085683756860529,0.000714031307171075,2.0,0.00941332282262276,metabolome,False
docosahexaenoate (DHA; 22:6n3),0.0135478758265943,0.0011289896522161918,1.0,0.009390671931780078,metabolome,False
isovalerylcarnitine (C5),0.0084568018864447,0.0007047334905370584,2.0,0.009290746475279799,metabolome,False
"2,3-dihydroxyisovalerate",0.008288449727406699,0.0006907041439505583,2.0,0.009105792724536842,metabolome,False
perfluorooctanoate (PFOA),0.013036925965926198,0.0010864104971605164,1.0,0.009036508476450485,metabolome,False
lyxonate,0.012984346628855298,0.0010820288857379416,1.0,0.00900006325720408,metabolome,False
"androstenediol (3beta,17beta) monosulfate (2)",0.012738702901074699,0.0010615585750895582,1.0,0.008829795999870722,metabolome,False
X-18899,0.012547249616638402,0.0010456041347198669,1.0,0.008697090695554762,metabolome,False
1-palmitoyl-2-arachidonoyl-GPE (16:0/20:4)*,0.012540187774286301,0.0010450156478571918,1.0,0.008692195799438845,metabolome,False
myristate (14:0),0.007759753186238999,0.00064664609885325,2.0,0.008524960207433683,metabolome,False
"N,N,N-trimethyl-alanylproline betaine (TMAP)",0.0076763410724788,0.0006396950893732333,2.0,0.008433322634232944,metabolome,False
2-aminooctanoate,0.011949765861023401,0.00099581382175195,1.0,0.008282946514919858,metabolome,False
"5alpha-pregnan-3beta,20alpha-diol disulfate",0.011941342851735601,0.0009951119043113,1.0,0.008277108129780188,metabolome,False
beta-alanine,0.011901806247696,0.000991817187308,1.0,0.008249703444161224,metabolome,False
"N6,N6,N6-trimethyllysine",0.0116864532272282,0.0009738711022690166,1.0,0.0081004321051989,metabolome,False
"sphingomyelin (d17:2/16:0, d18:2/15:0)*",0.011670147481884401,0.0009725122901570334,1.0,0.008089129823786918,metabolome,False
cysteine s-sulfate,0.0116252644320781,0.0009687720360065083,1.0,0.008058019264358748,metabolome,False
gamma-glutamylhistidine,0.0116177591454317,0.0009681465954526416,1.0,0.008052816996080502,metabolome,False
X-17357,0.0115769405771027,0.0009647450480918916,1.0,0.008024523720528762,metabolome,False
X-25265,0.0115016443746645,0.0009584703645553749,1.0,0.007972332370101852,metabolome,False
N-stearoyl-sphinganine (d18:0/18:0)*,0.007240090430199401,0.0006033408691832834,2.0,0.007954052317685442,metabolome,False
2-hydroxyglutarate,0.0114708224940341,0.0009559018745028417,1.0,0.007950968270443337,metabolome,False
(N(1) + N(8))-acetylspermidine,0.0113798846582224,0.0009483237215185333,1.0,0.007887934965944234,metabolome,False
"sphingomyelin (d17:1/16:0, d18:1/15:0, d16:1/17:0)*",0.0113772611149307,0.0009481050929108916,1.0,0.007886116464308514,metabolome,False
phenylacetylglutamine,0.011142846192571998,0.0009285705160476665,1.0,0.007723632421794402,metabolome,False
isobutyrylglycine,0.011040824127184498,0.0009200686772653749,1.0,0.007652916114816154,metabolome,False
sulfate*,0.0110162957584108,0.0009180246465342333,1.0,0.0076359143451569305,metabolome,False
pregnanediol-3-glucuronide,0.010969563960438298,0.0009141303300365249,1.0,0.007603522331149794,metabolome,False
etiocholanolone glucuronide,0.0068977481087824,0.0005748123423985333,2.0,0.007577950836445557,metabolome,False
X-12100,0.010838078869115603,0.000903173239092967,1.0,0.007512383810813801,metabolome,False
"sphingomyelin (d17:1/14:0, d16:1/15:0)*",0.0108358731397261,0.0009029894283105084,1.0,0.007510854915706388,metabolome,False
"sphingomyelin (d18:2/16:0, d18:1/16:1)*",0.010721829418369001,0.0008934857848640834,1.0,0.007431805831787151,metabolome,False
tartronate (hydroxymalonate),0.0107198377582493,0.0008933198131874416,1.0,0.007430425318190546,metabolome,False
oleate/vaccenate (18:1),0.010601702923743602,0.0008834752436453001,1.0,0.0073485404907270065,metabolome,False
glycocholenate sulfate*,0.0105910788477456,0.0008825899039787999,1.0,0.007341176442402937,metabolome,False
N-acetyl-2-aminooctanoate*,0.0105772759874593,0.0008814396656216084,1.0,0.007331609028711826,metabolome,False
docosadienoate (22:2n6),0.0105563550259386,0.00087969625216155,1.0,0.007317107723219148,metabolome,False
3-phenylpropionate (hydrocinnamate),0.010515194046884701,0.0008762661705737251,1.0,0.0072885771066388515,metabolome,False
"glycosyl ceramide (d18:2/24:1, d18:1/24:2)*",0.010502417494486998,0.0008752014578739166,1.0,0.007279721075367108,metabolome,False
linoleoylcholine*,0.0104420859594755,0.0008701738299562916,1.0,0.007237902441975033,metabolome,False
1-(1-enyl-stearoyl)-2-linoleoyl-GPE (P-18:0/18:2)*,0.010423662392500501,0.000868638532708375,1.0,0.007225132198470456,metabolome,False
dodecanedioate (C12-DC),0.010372166335617002,0.0008643471946347502,1.0,0.007189437851831704,metabolome,False
"sphingomyelin (d18:1/18:1, d18:2/18:0)",0.0102671691720878,0.0008555974310073167,1.0,0.007116659363964647,metabolome,False
propionylcarnitine (C3),0.0101700128793949,0.0008475010732829083,1.0,0.007049315753610906,metabolome,False
X-17676,0.010138444156251699,0.0008448703463543083,1.0,0.007027433982170319,metabolome,False
"sphingomyelin (d18:1/19:0, d19:1/18:0)*",0.010097806520001,0.00084148387666675,1.0,0.006999266119178526,metabolome,False
N-stearoyl-sphingosine (d18:1/18:0)*,0.0100854500324129,0.0008404541693677416,1.0,0.0069907012546452105,metabolome,False
iminodiacetate (IDA),0.0099901574982439,0.0008325131248536583,1.0,0.006924649503257556,metabolome,False
S-methylcysteine sulfoxide,0.0099886320012038,0.0008323860001003166,1.0,0.006923592109285258,metabolome,False
octadecanedioate (C18-DC),0.009962180457035199,0.0008301817047529332,1.0,0.006905257296023335,metabolome,False
ectoine,0.009948461870942898,0.0008290384892452415,1.0,0.006895748296752188,metabolome,False
pregnenolone sulfate,0.0062615596675819,0.0005217966389651584,2.0,0.006879026397034079,metabolome,False
X-25271,0.009763903537718398,0.0008136586281431999,1.0,0.0067678222084287835,metabolome,False
mannonate*,0.0097338937742822,0.0008111578145235166,1.0,0.006747021025513711,metabolome,False
1-methylnicotinamide,0.0096999263919837,0.000808327199331975,1.0,0.006723476630242504,metabolome,False
theobromine,0.0096692461130178,0.00080577050941815,1.0,0.006702210681378498,metabolome,False
citraconate/glutaconate,0.0096679678323455,0.0008056639860287916,1.0,0.006701324644734529,metabolome,False
"9,10-DiHOME",0.009503689699103401,0.0007919741415919501,1.0,0.006587455719850117,metabolome,False
1-(1-enyl-stearoyl)-2-oleoyl-GPE (P-18:0/18:1),0.0094905830195461,0.0007908819182955083,1.0,0.006578370861868471,metabolome,False
N-acetylaspartate (NAA),0.0094750415806454,0.0007895867983871166,1.0,0.006567598357312607,metabolome,False
"sphingomyelin (d18:1/25:0, d19:0/24:1, d20:1/23:0, d19:1/24:0)*",0.009465809612650603,0.0007888174677208835,1.0,0.006561199244725993,metabolome,False
formiminoglutamate,0.009417259943955699,0.0007847716619963082,1.0,0.006527547178753001,metabolome,False
X-11880,0.009403045690343899,0.0007835871408619915,1.0,0.006517694608938218,metabolome,False
dopamine 3-O-sulfate,0.0093865964510943,0.000782216370924525,1.0,0.006506292865130002,metabolome,False
1-palmitoyl-2-linoleoyl-GPE (16:0/18:2),0.009377279670171901,0.0007814399725143251,1.0,0.006499834964701747,metabolome,False
1-arachidonoyl-GPI (20:4)*,0.0093745810359146,0.0007812150863262166,1.0,0.006497964413974936,metabolome,False
creatine,0.009356321356805598,0.0007796934464004665,1.0,0.006485307768882602,metabolome,False
N-acetylphenylalanine,0.009356114127215901,0.0007796761772679918,1.0,0.006485164128276775,metabolome,False
5-(galactosylhydroxy)-lysine,0.0093348327477601,0.0007779027289800083,1.0,0.00647041300010856,metabolome,False
X-21467,0.009316889535747901,0.000776407461312325,1.0,0.006457975713292115,metabolome,False
3-amino-2-piperidone,0.009297279654637901,0.0007747733045531585,1.0,0.0064443831794896034,metabolome,False
octadecadienedioate (C18:2-DC)*,0.0092731650789781,0.0007727637565815084,1.0,0.006427668229360612,metabolome,False
16alpha-hydroxy DHEA 3-sulfate,0.009266338626556798,0.0007721948855463999,1.0,0.006422936493111561,metabolome,False
1-arachidonoyl-GPE (20:4n6)*,0.009136093410024202,0.0007613411175020168,1.0,0.0063326573884905715,metabolome,False
eicosenedioate (C20:1-DC)*,0.0091070020108938,0.0007589168342411499,1.0,0.006312492767204789,metabolome,False
pyrraline,0.009082189623851098,0.0007568491353209249,1.0,0.006295294131083179,metabolome,False
10-heptadecenoate (17:1n7),0.009058442888189801,0.0007548702406824834,1.0,0.006278834148212048,metabolome,False
oleoylcarnitine (C18:1),0.0090366422089411,0.0007530535174117584,1.0,0.006263723068856519,metabolome,False
13-HODE + 9-HODE,0.0090216122683717,0.0007518010223643083,1.0,0.0062533051079268565,metabolome,False
oleoyl-arachidonoyl-glycerol (18:1/20:4) [2]*,0.009003258274210101,0.0007502715228508418,1.0,0.00624058308862173,metabolome,False
1-stearoyl-2-oleoyl-GPE (18:0/18:1),0.008912645461290501,0.0007427204551075417,1.0,0.006177775072823904,metabolome,False
X-07765,0.0088069702304652,0.0007339141858720999,1.0,0.0061045265845223245,metabolome,False
sphingomyelin (d18:2/18:1)*,0.008765944543828499,0.0007304953786523749,1.0,0.0060760897454995594,metabolome,False
proline,0.0087071546339624,0.0007255962194968667,1.0,0.0060353396852305,metabolome,False
branched chain 14:0 dicarboxylic acid**,0.008627054889422201,0.0007189212407851834,1.0,0.005979818773138889,metabolome,False
3-methylxanthine,0.0086108459676985,0.0007175704973082083,1.0,0.005968583604746189,metabolome,False
glycine,0.0085729989343115,0.0007144165778592916,1.0,0.005942350040261431,metabolome,False
X-12680,0.0085598705622849,0.000713322546857075,1.0,0.005933250146205852,metabolome,False
erythronate*,0.0085277112707315,0.0007106426058942917,1.0,0.005910959023936808,metabolome,False
behenoyl dihydrosphingomyelin (d18:0/22:0)*,0.0084382720417778,0.0007031893368148167,1.0,0.005848964474556095,metabolome,False
choline,0.0084223215549745,0.0007018601295812084,1.0,0.005837908439599829,metabolome,False
3-hydroxymyristate,0.008396830274054601,0.0006997358561712168,1.0,0.0058202392301013395,metabolome,False
N6-acetyllysine,0.0083773211885421,0.000698110099045175,1.0,0.005806716562483047,metabolome,False
glycosyl-N-stearoyl-sphingosine (d18:1/18:0),0.0083359280711421,0.000694660672595175,1.0,0.00577802503986265,metabolome,False
16-hydroxypalmitate,0.0083357358912499,0.0006946446576041584,1.0,0.005777891830912212,metabolome,False
X-16580,0.0083109260946416,0.0006925771745534666,1.0,0.005760694990342902,metabolome,False
X-21258,0.008263708870388999,0.0006886424058657499,1.0,0.005727966504478345,metabolome,False
1-myristoyl-2-arachidonoyl-GPC (14:0/20:4)*,0.0082607494779371,0.0006883957898280916,1.0,0.00572591520994414,metabolome,False
fructosyllysine,0.0082482764840428,0.0006873563736702333,1.0,0.005717269589393165,metabolome,False
phenylpyruvate,0.008244998337705,0.00068708319480875,1.0,0.005714997351501656,metabolome,False
palmitoyl sphingomyelin (d18:1/16:0),0.0082300407675298,0.0006858367306274833,1.0,0.005704629553906689,metabolome,False
X-21310,0.0081804831707496,0.0006817069308958,1.0,0.005670278845423167,metabolome,False
4-methyl-2-oxopentanoate,0.0081619878298506,0.00068016565248755,1.0,0.00565745885202553,metabolome,False
2-hydroxy-3-methylvalerate,0.008106538904229,0.00067554490868575,1.0,0.00561902458556584,metabolome,False
margarate (17:0),0.0080576461207323,0.0006714705100610251,1.0,0.005585134690535375,metabolome,False
"branched-chain, straight-chain, or cyclopropyl 12:1 fatty acid*",0.0080346874859349,0.000669557290494575,1.0,0.0055692209775560515,metabolome,False
"5alpha-pregnan-3beta,20beta-diol monosulfate (1)",0.008026764089763199,0.0006688970074802666,1.0,0.005563728897839177,metabolome,False
pregnenetriol disulfate*,0.0079801077947475,0.000665008982895625,1.0,0.005531389218493672,metabolome,False
(2 or 3)-decenoate (10:1n7 or n8),0.007932350858670199,0.0006610292382225165,1.0,0.0054982866328995095,metabolome,False
alanine,0.0078419457728361,0.000653495481069675,1.0,0.005435622602545324,metabolome,False
"3-bromo-5-chloro-2,6-dihydroxybenzoic acid*",0.007840610193748,0.0006533841828123333,1.0,0.005434696849665992,metabolome,False
imidazole propionate,0.0078183054458393,0.0006515254538199417,1.0,0.005419236376539977,metabolome,False
X-21441,0.0077774998291705,0.0006481249857642084,1.0,0.0053909520783949885,metabolome,False
1-(1-enyl-stearoyl)-GPE (P-18:0)*,0.0077771960057270995,0.0006480996671439249,1.0,0.005390741484031807,metabolome,False
alpha-hydroxyisocaproate,0.0077202554434622,0.0006433546202885167,1.0,0.005351273293838394,metabolome,False
4-oxo-retinoic acid,0.007703416857992,0.0006419514048326666,1.0,0.005339601675795107,metabolome,False
"ceramide (d18:1/14:0, d16:1/16:0)*",0.0076944016788517994,0.0006412001399043166,1.0,0.005333352829791835,metabolome,False
X-23665,0.007679562468231,0.00063996353901925,1.0,0.005323067072788292,metabolome,False
2-oxoarginine*,0.007677848395977601,0.0006398206996648001,1.0,0.005321878968438572,metabolome,False
4-hydroxy-2-oxoglutaric acid,0.007606885229310599,0.00063390710244255,1.0,0.005272691049539735,metabolome,False
1-palmitoyl-GPG (16:0)*,0.007585667856985699,0.0006321389880821416,1.0,0.00525798428773384,metabolome,False
threonate,0.0075595313629002,0.00062996094690835,1.0,0.005239867850548754,metabolome,False
gamma-glutamylglycine,0.0074494907811411,0.000620790898428425,1.0,0.005163593531555258,metabolome,False
arabonate/xylonate,0.0074322668630429,0.0006193555719202417,1.0,0.005151654821287295,metabolome,False
linoleoyl-arachidonoyl-glycerol (18:2/20:4) [2]*,0.0074271460739873,0.0006189288394989416,1.0,0.0051481053607911635,metabolome,False
X-24953,0.007386073378591799,0.00061550611488265,1.0,0.005119635937779775,metabolome,False
X-23636,0.0073835150772944,0.0006152929231078667,1.0,0.00511786265844846,metabolome,False
2-palmitoyl-GPC (16:0)*,0.0073648927691152,0.0006137410640929333,1.0,0.005104954658038529,metabolome,False
N-acetylglutamate,0.007334491313415,0.00061120760945125,1.0,0.005083881974735017,metabolome,False
X-21829,0.0072171690693044995,0.0006014307557753749,1.0,0.0050025603920128585,metabolome,False
hydroxy-CMPF*,0.007146620812675,0.0005955517343895833,1.0,0.004953660066836701,metabolome,False
X-25371,0.0070669298853623,0.0005889108237801917,1.0,0.004898422525253696,metabolome,False
N-acetylvaline,0.0070332238759672995,0.0005861019896639416,1.0,0.004875059299873624,metabolome,False
7alpha-hydroxy-3-oxo-4-cholestenoate (7-Hoca),0.0069908194643234995,0.000582568288693625,1.0,0.004845666801499421,metabolome,False
X-23639,0.006858256951348901,0.0005715214126124084,1.0,0.004753781469383137,metabolome,False
homoarginine,0.0068160456206288,0.0005680038017190667,1.0,0.004724522804506815,metabolome,False
"3,4-dihydroxybutyrate",0.006750990769042501,0.000562582564086875,1.0,0.0046794302175480265,metabolome,False
valine,0.006749707049360398,0.0005624755874466999,1.0,0.004678540410869747,metabolome,False
3-hydroxypyridine sulfate,0.0067403942325878,0.0005616995193823167,1.0,0.00467208525818075,metabolome,False
methionine sulfone,0.0067234288747759,0.0005602857395646583,1.0,0.004660325768246241,metabolome,False
X-11470,0.0067139249554662,0.0005594937462888499,1.0,0.004653738153372453,metabolome,False
glycocholate,0.006695446913344299,0.0005579539094453582,1.0,0.004640930150573389,metabolome,False
fumarate,0.0066766849903928,0.0005563904158660667,1.0,0.004627925376577675,metabolome,False
oleoyl-linoleoyl-glycerol (18:1/18:2) [2],0.006640875252456701,0.0005534062710380584,1.0,0.004603103957690677,metabolome,False
palmitoyl-sphingosine-phosphoethanolamine (d18:1/16:0),0.0065901953879071995,0.0005491829489922667,1.0,0.0045679753524670305,metabolome,False
heme,0.0065542744746905,0.0005461895395575416,1.0,0.004543076872747737,metabolome,False
hydantoin-5-propionate,0.006553218220738899,0.0005461015183949083,1.0,0.004542344733299229,metabolome,False
1-lignoceroyl-GPC (24:0),0.0065471666852786,0.0005455972237732166,1.0,0.004538150128556864,metabolome,False
palmitoyl ethanolamide,0.0064560127501165,0.0005380010625097083,1.0,0.00447496703540231,metabolome,False
2-hydroxy-4-(methylthio)butanoic acid,0.0064432505332339,0.0005369375444361583,1.0,0.004466120940752442,metabolome,False
quinolinate,0.0064288218778108,0.0005357351564842333,1.0,0.0044561197589266495,metabolome,False
lysine,0.0064031526611719,0.0005335960550976583,1.0,0.004438327213786213,metabolome,False
3-indoxyl sulfate,0.006346025173212799,0.0005288354311010666,1.0,0.00439872945657489,metabolome,False
cysteinylglycine,0.006193812579218401,0.0005161510482682,1.0,0.004293223726201957,metabolome,False
hexanoylglutamine,0.0061756434928551,0.0005146369577379251,1.0,0.004280629875215885,metabolome,False
pentadecanoate (15:0),0.0061639352962713995,0.0005136612746892833,1.0,0.0042725143717644515,metabolome,False
"sphingomyelin (d18:0/20:0, d16:0/22:0)*",0.006092115268106801,0.0005076762723422334,1.0,0.004222732521734425,metabolome,False
1-palmitoyl-GPC (16:0),0.006070166788122,0.0005058472323435,1.0,0.004207518994715383,metabolome,False
palmitate (16:0),0.006028654466871299,0.0005023878722392749,1.0,0.004178744846281961,metabolome,False
glutamate,0.0060268791943790985,0.0005022399328649249,1.0,0.004177514321159267,metabolome,False
"androstenediol (3beta,17beta) monosulfate (1)",0.0058346512399151,0.0004862209366595916,1.0,0.00404427205649774,metabolome,False
hydroxyasparagine**,0.0053384480193548,0.00044487066827956665,1.0,0.003700330193181604,metabolome,False
6-oxopiperidine-2-carboxylate,0.0113609400491931,0.0009467450040994249,0.0,0.0,metabolome,False
trans-4-hydroxyproline,0.010820446725575198,0.0009017038937979331,0.0,0.0,metabolome,False
"sphingomyelin (d18:2/24:1, d18:1/24:2)*",0.010688344376515,0.0008906953647095833,0.0,0.0,metabolome,False
taurocholenate sulfate*,0.0104167937678275,0.0008680661473189584,0.0,0.0,metabolome,False
X-14939,0.0103599120911528,0.0008633260075960667,0.0,0.0,metabolome,False
"sphingomyelin (d18:2/14:0, d18:1/14:1)*",0.0103091361078526,0.0008590946756543834,0.0,0.0,metabolome,False
X-23593,0.0101371137413032,0.0008447594784419334,0.0,0.0,metabolome,False
fructose,0.009867196165080699,0.0008222663470900583,0.0,0.0,metabolome,False
N-acetyltaurine,0.0098259602540848,0.0008188300211737333,0.0,0.0,metabolome,False
cysteinylglycine disulfide*,0.0096994070911758,0.00080828392426465,0.0,0.0,metabolome,False
"N,N,N-trimethyl-5-aminovalerate",0.0096411526739384,0.0008034293894948666,0.0,0.0,metabolome,False
X-16935,0.0094313198852174,0.0007859433237681167,0.0,0.0,metabolome,False
gamma-CEHC,0.0093615006946284,0.0007801250578857,0.0,0.0,metabolome,False
X-11372,0.0092853093695153,0.0007737757807929417,0.0,0.0,metabolome,False
X-24309,0.0091804475469767,0.0007650372955813916,0.0,0.0,metabolome,False
3-hydroxylaurate,0.0090839370536278,0.0007569947544689834,0.0,0.0,metabolome,False
X-24951,0.009000347325754401,0.0007500289438128668,0.0,0.0,metabolome,False
arabitol/xylitol,0.0089416512314546,0.0007451376026212167,0.0,0.0,metabolome,False
N6-methyllysine,0.008826873397644902,0.0007355727831370751,0.0,0.0,metabolome,False
1-arachidonoyl-GPC (20:4n6)*,0.0087861831767827,0.0007321819313985584,0.0,0.0,metabolome,False
1-(1-enyl-palmitoyl)-2-oleoyl-GPE (P-16:0/18:1)*,0.0087762646875211,0.0007313553906267583,0.0,0.0,metabolome,False
2-hydroxypalmitate,0.0087642156298674,0.00073035130248895,0.0,0.0,metabolome,False
glucuronide of piperine metabolite C17H21NO3 (4)*,0.0087325482947374,0.0007277123578947834,0.0,0.0,metabolome,False
palmitoylcholine,0.0086636788704986,0.0007219732392082166,0.0,0.0,metabolome,False
1-palmitoyl-2-linoleoyl-GPC (16:0/18:2),0.0085807424822478,0.0007150618735206499,0.0,0.0,metabolome,False
cinnamoylglycine,0.0085261626089063,0.0007105135507421917,0.0,0.0,metabolome,False
hexadecanedioate (C16-DC),0.008484041929472498,0.0007070034941227082,0.0,0.0,metabolome,False
"1,2-dilinoleoyl-GPC (18:2/18:2)",0.0084549500641089,0.0007045791720090749,0.0,0.0,metabolome,False
11beta-hydroxyandrosterone glucuronide,0.0084170925857422,0.0007014243821451834,0.0,0.0,metabolome,False
"1,2-dipalmitoyl-GPC (16:0/16:0)",0.008402817838160898,0.0007002348198467415,0.0,0.0,metabolome,False
isovalerate (i5:0),0.0083971662849332,0.0006997638570777667,0.0,0.0,metabolome,False
1-stearoyl-2-linoleoyl-GPI (18:0/18:2),0.008339316971681,0.0006949430809734167,0.0,0.0,metabolome,False
3-methyl-2-oxobutyrate,0.008313206686176099,0.0006927672238480082,0.0,0.0,metabolome,False
succinylcarnitine (C4-DC),0.0082609146057977,0.0006884095504831417,0.0,0.0,metabolome,False
(16 or 17)-methylstearate (a19:0 or i19:0),0.0082051646436216,0.0006837637203018,0.0,0.0,metabolome,False
octadecenedioate (C18:1-DC),0.0082012694515873,0.0006834391209656083,0.0,0.0,metabolome,False
1-linoleoyl-GPI (18:2)*,0.0081921833645231,0.0006826819470435916,0.0,0.0,metabolome,False
1-palmitoyl-2-oleoyl-GPI (16:0/18:1)*,0.0081835171745434,0.0006819597645452833,0.0,0.0,metabolome,False
X-21319,0.0081657879958269,0.000680482332985575,0.0,0.0,metabolome,False
linoleoylcarnitine (C18:2)*,0.008144631221601199,0.0006787192684667665,0.0,0.0,metabolome,False
1-(1-enyl-palmitoyl)-GPC (P-16:0)*,0.0081396349003589,0.0006783029083632417,0.0,0.0,metabolome,False
thioproline,0.008098805969506002,0.0006749004974588335,0.0,0.0,metabolome,False
"2,3-dihydroxy-5-methylthio-4-pentenoate (DMTPA)*",0.0080548839122626,0.0006712403260218832,0.0,0.0,metabolome,False
X-13866,0.0080177926170973,0.0006681493847581083,0.0,0.0,metabolome,False
1-stearoyl-2-linoleoyl-GPC (18:0/18:2)*,0.0079695386858935,0.0006641282238244584,0.0,0.0,metabolome,False
sphingomyelin (d18:2/24:2)*,0.0078714738790778,0.0006559561565898167,0.0,0.0,metabolome,False
kynurenine,0.0078685352808666,0.0006557112734055501,0.0,0.0,metabolome,False
trans-urocanate,0.007845994969984199,0.0006538329141653499,0.0,0.0,metabolome,False
X-11378,0.0078416127580159,0.0006534677298346583,0.0,0.0,metabolome,False
1-linoleoyl-GPE (18:2)*,0.0078153035694463,0.0006512752974538583,0.0,0.0,metabolome,False
myristoyl dihydrosphingomyelin (d18:0/14:0)*,0.007775037627606199,0.0006479198023005166,0.0,0.0,metabolome,False
glycochenodeoxycholate 3-sulfate,0.0077095649914095,0.000642463749284125,0.0,0.0,metabolome,False
caproate (6:0),0.007640351893144199,0.0006366959910953499,0.0,0.0,metabolome,False
linoleate (18:2n6),0.007544129477080499,0.0006286774564233749,0.0,0.0,metabolome,False
X-23680,0.0074937356548136,0.0006244779712344667,0.0,0.0,metabolome,False
nonadecanoate (19:0),0.0074602455685323,0.000621687130711025,0.0,0.0,metabolome,False
hydroxypalmitoyl sphingomyelin (d18:1/16:0(OH))**,0.007457512145854,0.0006214593454878333,0.0,0.0,metabolome,False
"sphingomyelin (d18:1/21:0, d17:1/22:0, d16:1/23:0)*",0.0074159945385182,0.0006179995448765167,0.0,0.0,metabolome,False
alpha-ketoglutarate,0.0073848248234357,0.0006154020686196417,0.0,0.0,metabolome,False
"3,5-dichloro-2,6-dihydroxybenzoic acid",0.0072348789902093,0.0006029065825174417,0.0,0.0,metabolome,False
3-hydroxy-2-ethylpropionate,0.0072143890211659005,0.0006011990850971583,0.0,0.0,metabolome,False
"2,4-di-tert-butylphenol",0.007208554633119499,0.0006007128860932916,0.0,0.0,metabolome,False
X-17335,0.0071457213781596,0.0005954767815133,0.0,0.0,metabolome,False
3-aminoisobutyrate,0.0071321445570008005,0.0005943453797500667,0.0,0.0,metabolome,False
"sphingomyelin (d18:1/14:0, d16:1/16:0)*",0.0070822291097546,0.0005901857591462167,0.0,0.0,metabolome,False
6-hydroxyindole sulfate,0.007081085648705099,0.0005900904707254249,0.0,0.0,metabolome,False
taurine,0.007074125572355399,0.0005895104643629499,0.0,0.0,metabolome,False
glycerol 3-phosphate,0.007034067668666,0.0005861723057221667,0.0,0.0,metabolome,False
pregnenediol sulfate (C21H34O5S)*,0.0070081266967844,0.0005840105580653666,0.0,0.0,metabolome,False
adipoylcarnitine (C6-DC),0.0069857453881659,0.000582145449013825,0.0,0.0,metabolome,False
2-hydroxystearate,0.006965251344971501,0.0005804376120809583,0.0,0.0,metabolome,False
perfluorooctanesulfonate (PFOS),0.006948614692399,0.0005790512243665833,0.0,0.0,metabolome,False
serine,0.0069373215201531,0.000578110126679425,0.0,0.0,metabolome,False
nonanoylcarnitine (C9),0.0069339145607944,0.0005778262133995333,0.0,0.0,metabolome,False
hexanoylcarnitine (C6),0.006901753074362601,0.0005751460895302168,0.0,0.0,metabolome,False
homocitrulline,0.0068650100937798,0.00057208417448165,0.0,0.0,metabolome,False
3-hydroxybutyrate (BHBA),0.0068580670707779,0.0005715055892314917,0.0,0.0,metabolome,False
arachidonate (20:4n6),0.0068553088434588,0.0005712757369549,0.0,0.0,metabolome,False
"5alpha-androstan-3alpha,17beta-diol monosulfate (1)",0.0068412014522456,0.0005701001210204667,0.0,0.0,metabolome,False
palmitoleoylcarnitine (C16:1)*,0.0068397553045864,0.0005699796087155334,0.0,0.0,metabolome,False
1-(1-enyl-stearoyl)-2-arachidonoyl-GPE (P-18:0/20:4)*,0.006837854516560199,0.00056982120971335,0.0,0.0,metabolome,False
1-(1-enyl-oleoyl)-GPE (P-18:1)*,0.006812935417028701,0.0005677446180857251,0.0,0.0,metabolome,False
arginine,0.0067984943618546005,0.0005665411968212167,0.0,0.0,metabolome,False
tetradecadienoate (14:2)*,0.006766115078199501,0.0005638429231832918,0.0,0.0,metabolome,False
benzoate,0.0067544786302763,0.0005628732191896917,0.0,0.0,metabolome,False
gamma-glutamylglutamate,0.006749501539018899,0.0005624584615849083,0.0,0.0,metabolome,False
3-methyl-2-oxovalerate,0.0067393088455789995,0.0005616090704649166,0.0,0.0,metabolome,False
N-acetylleucine,0.0067052243455916,0.0005587686954659667,0.0,0.0,metabolome,False
1-methylhistidine,0.0067006896298494,0.00055839080248745,0.0,0.0,metabolome,False
3-hydroxyhexanoylcarnitine (1),0.0066924344859893,0.0005577028738324416,0.0,0.0,metabolome,False
eicosenoate (20:1),0.006688194197417701,0.0005573495164514751,0.0,0.0,metabolome,False
3-hydroxyoleoylcarnitine,0.006679094282196299,0.000556591190183025,0.0,0.0,metabolome,False
phenyllactate (PLA),0.006670713705084401,0.0005558928087570333,0.0,0.0,metabolome,False
biliverdin,0.0066395082266499,0.000553292352220825,0.0,0.0,metabolome,False
"2S,3R-dihydroxybutyrate",0.006587795578443299,0.0005489829648702749,0.0,0.0,metabolome,False
myristoleate (14:1n5),0.0065667230626054,0.0005472269218837833,0.0,0.0,metabolome,False
1-palmitoyl-2-dihomo-linolenoyl-GPC (16:0/20:3n3 or 6)*,0.006556153428416601,0.0005463461190347167,0.0,0.0,metabolome,False
X-24588,0.006535833387343101,0.0005446527822785917,0.0,0.0,metabolome,False
aconitate [cis or trans],0.0065253392323901,0.0005437782693658417,0.0,0.0,metabolome,False
N1-methyl-4-pyridone-3-carboxamide,0.0065120842217908995,0.0005426736851492416,0.0,0.0,metabolome,False
orotate,0.00651196105572,0.00054266342131,0.0,0.0,metabolome,False
N1-methyl-2-pyridone-5-carboxamide,0.0064868263036006995,0.0005405688586333917,0.0,0.0,metabolome,False
(14 or 15)-methylpalmitate (a17:0 or i17:0),0.006438931538370798,0.0005365776281975664,0.0,0.0,metabolome,False
"5,6-dihydrouridine",0.0064361194136930994,0.0005363432844744249,0.0,0.0,metabolome,False
cysteine,0.0064310169211535,0.0005359180767627917,0.0,0.0,metabolome,False
S-1-pyrroline-5-carboxylate,0.0064087629181806,0.00053406357651505,0.0,0.0,metabolome,False
sulfate of piperine metabolite C16H19NO3 (2)*,0.0063982325922806995,0.0005331860493567249,0.0,0.0,metabolome,False
X-11308,0.0063905976274467,0.000532549802287225,0.0,0.0,metabolome,False
ethyl beta-glucopyranoside,0.0063895062537395,0.0005324588544782917,0.0,0.0,metabolome,False
carotene diol (3),0.006374325774084999,0.0005311938145070833,0.0,0.0,metabolome,False
leucylalanine,0.0063697301363593,0.0005308108446966084,0.0,0.0,metabolome,False
"sphingomyelin (d18:1/22:2, d18:2/22:1, d16:1/24:2)*",0.006344434462327799,0.0005287028718606499,0.0,0.0,metabolome,False
stearoyl ethanolamide,0.0063368443451984995,0.000528070362099875,0.0,0.0,metabolome,False
3beta-hydroxy-5-cholestenoate,0.0063251013274343,0.0005270917772861916,0.0,0.0,metabolome,False
"sphingomyelin (d18:1/22:1, d18:2/22:0, d16:1/24:1)*",0.006315754299649,0.0005263128583040833,0.0,0.0,metabolome,False
eicosanedioate (C20-DC),0.006302572937322699,0.0005252144114435582,0.0,0.0,metabolome,False
butyrate/isobutyrate (4:0),0.0063021288238486,0.0005251774019873833,0.0,0.0,metabolome,False
lactosyl-N-behenoyl-sphingosine (d18:1/22:0)*,0.006233598654506498,0.0005194665545422082,0.0,0.0,metabolome,False
N-acetyl-isoputreanine,0.006199246472912,0.0005166038727426667,0.0,0.0,metabolome,False
N6-carbamoylthreonyladenosine,0.006049038730211,0.0005040865608509167,0.0,0.0,metabolome,False
trimethylamine N-oxide,0.0060291999421585,0.0005024333285132083,0.0,0.0,metabolome,False
pro-hydroxy-pro,0.005976197057109199,0.0004980164214257666,0.0,0.0,metabolome,False
N-formylmethionine,0.0059563788689544,0.0004963649057461999,0.0,0.0,metabolome,False
X-12798,0.0059109398506572005,0.0004925783208881001,0.0,0.0,metabolome,False
myristoylcarnitine (C14),0.0058954697533836,0.0004912891461153,0.0,0.0,metabolome,False
10-nonadecenoate (19:1n9),0.0058866806863297,0.0004905567238608083,0.0,0.0,metabolome,False
1-(1-enyl-palmitoyl)-GPE (P-16:0)*,0.005878345431252099,0.0004898621192710083,0.0,0.0,metabolome,False
tetradecanedioate (C14-DC),0.005872070678940499,0.0004893392232450416,0.0,0.0,metabolome,False
fucitol,0.0058531127040019,0.00048775939200015834,0.0,0.0,metabolome,False
tricosanoyl sphingomyelin (d18:1/23:0)*,0.0058502535825881,0.0004875211318823417,0.0,0.0,metabolome,False
N-formylanthranilic acid,0.0058261032580829,0.00048550860484024164,0.0,0.0,metabolome,False
dihomo-linolenate (20:3n3 or n6),0.0058187831731934,0.00048489859776611665,0.0,0.0,metabolome,False
docosapentaenoate (n6 DPA; 22:5n6),0.0058066217988656,0.00048388514990546665,0.0,0.0,metabolome,False
palmitoleate (16:1n7),0.005783692405444,0.00048197436712033335,0.0,0.0,metabolome,False
androsterone sulfate,0.005753533187956,0.0004794610989963333,0.0,0.0,metabolome,False
2-piperidinone,0.0057331467241109,0.0004777622270092417,0.0,0.0,metabolome,False
lanthionine,0.005732711743983999,0.00047772597866533326,0.0,0.0,metabolome,False
X-21364,0.005707846903096601,0.0004756539085913834,0.0,0.0,metabolome,False
"sphingomyelin (d18:0/18:0, d19:0/17:0)*",0.0057044560963211,0.00047537134136009166,0.0,0.0,metabolome,False
1-linoleoyl-GPC (18:2),0.0056994941662504,0.0004749578471875333,0.0,0.0,metabolome,False
1-palmitoyl-2-arachidonoyl-GPI (16:0/20:4)*,0.0056329202760285,0.000469410023002375,0.0,0.0,metabolome,False
dihomo-linoleate (20:2n6),0.0056239000236558995,0.0004686583353046583,0.0,0.0,metabolome,False
glycochenodeoxycholate,0.0055855452575504,0.0004654621047958667,0.0,0.0,metabolome,False
carotene diol (2),0.0055609962842934,0.00046341635702445,0.0,0.0,metabolome,False
leucine,0.0055319906491467005,0.00046099922076222504,0.0,0.0,metabolome,False
1-palmitoyl-GPI (16:0),0.005529891798877,0.0004608243165730833,0.0,0.0,metabolome,False
2-O-methylascorbic acid,0.005517166615500501,0.00045976388462504175,0.0,0.0,metabolome,False
N1-methylinosine,0.0054624569035165,0.00045520474195970837,0.0,0.0,metabolome,False
X-22162,0.0054552460336116,0.0004546038361343,0.0,0.0,metabolome,False
3-hydroxy-3-methylglutarate,0.005452981191924101,0.0004544150993270084,0.0,0.0,metabolome,False
p-cresol sulfate,0.005446982286929699,0.0004539151905774749,0.0,0.0,metabolome,False
urate,0.0054337193244521995,0.00045280994370434994,0.0,0.0,metabolome,False
"N2-acetyl,N6,N6-dimethyllysine",0.0054291167267933,0.0004524263938994417,0.0,0.0,metabolome,False
p-cresol glucuronide*,0.0054187043806474995,0.00045155869838729164,0.0,0.0,metabolome,False
glycoursodeoxycholate,0.0054181342938114,0.00045151119115095003,0.0,0.0,metabolome,False
C-glycosyltryptophan,0.005391032950790601,0.00044925274589921677,0.0,0.0,metabolome,False
5-methylthioadenosine (MTA),0.005375145230222699,0.0004479287691852249,0.0,0.0,metabolome,False
X-12026,0.0053648944015897,0.00044707453346580836,0.0,0.0,metabolome,False
1-oleoyl-GPE (18:1),0.0053511875668171005,0.00044593229723475836,0.0,0.0,metabolome,False
X-25957,0.0053501403132132,0.0004458450261011,0.0,0.0,metabolome,False
1-palmitoyl-2-arachidonoyl-GPC (16:0/20:4n6),0.0053499253862231,0.00044582711551859164,0.0,0.0,metabolome,False
adrenate (22:4n6),0.0053428840427466005,0.00044524033689555004,0.0,0.0,metabolome,False
myo-inositol,0.0053292019440386,0.0004441001620032167,0.0,0.0,metabolome,False
N-acetylneuraminate,0.0053277429912128,0.00044397858260106666,0.0,0.0,metabolome,False
(S)-3-hydroxybutyrylcarnitine,0.0053129867328111004,0.00044274889440092504,0.0,0.0,metabolome,False
phosphate,0.0053004844131864,0.00044170703443220004,0.0,0.0,metabolome,False
1-(1-enyl-palmitoyl)-2-linoleoyl-GPC (P-16:0/18:2)*,0.0053001215451829,0.00044167679543190833,0.0,0.0,metabolome,False
lactate,0.005290156316640799,0.0004408463597200666,0.0,0.0,metabolome,False
gamma-glutamylleucine,0.0052723758839935,0.00043936465699945834,0.0,0.0,metabolome,False
X-18887,0.0052475111635075,0.0004372925969589583,0.0,0.0,metabolome,False
metabolonic lactone sulfate,0.005216354182603,0.0004346961818835833,0.0,0.0,metabolome,False
methionine,0.0051867457903188,0.00043222881585990003,0.0,0.0,metabolome,False
beta-cryptoxanthin,0.0051482544312788005,0.0004290212026065667,0.0,0.0,metabolome,False
trigonelline (N'-methylnicotinate),0.0051415349896084,0.0004284612491340333,0.0,0.0,metabolome,False
N-acetylglycine,0.005132430316639801,0.00042770252638665005,0.0,0.0,metabolome,False
1-(1-enyl-palmitoyl)-2-oleoyl-GPC (P-16:0/18:1)*,0.0051187659182858995,0.00042656382652382494,0.0,0.0,metabolome,False
arachidate (20:0),0.005115818946715801,0.00042631824555965005,0.0,0.0,metabolome,False
arachidoylcarnitine (C20)*,0.005067664270290299,0.0004223053558575249,0.0,0.0,metabolome,False
glycine conjugate of C10H14O2 (1)*,0.0050425684935493,0.00042021404112910834,0.0,0.0,metabolome,False
1-oleoyl-GPI (18:1),0.005032394993993499,0.00041936624949945827,0.0,0.0,metabolome,False
cortolone glucuronide (1),0.0050284145048397995,0.0004190345420699833,0.0,0.0,metabolome,False
isovalerylglycine,0.005022498340606,0.00041854152838383335,0.0,0.0,metabolome,False
mannose,0.0050173462932367,0.00041811219110305834,0.0,0.0,metabolome,False
glycerophosphoethanolamine,0.0050090284136688,0.0004174190344724,0.0,0.0,metabolome,False
5-dodecenoate (12:1n7),0.005006057352265,0.0004171714460220833,0.0,0.0,metabolome,False
lactosyl-N-nervonoyl-sphingosine (d18:1/24:1)*,0.0049773486213634,0.00041477905178028334,0.0,0.0,metabolome,False
1-stearoyl-GPC (18:0),0.0049697959545858,0.00041414966288215,0.0,0.0,metabolome,False
threonine,0.0049555522537229005,0.0004129626878102417,0.0,0.0,metabolome,False
1-stearoyl-GPI (18:0),0.0049461412441066995,0.0004121784370088916,0.0,0.0,metabolome,False
2-hydroxybutyrate/2-hydroxyisobutyrate,0.0049328789716655995,0.00041107324763879995,0.0,0.0,metabolome,False
X-24295,0.0049321150343177,0.00041100958619314166,0.0,0.0,metabolome,False
pyruvate,0.004919350024511901,0.00040994583537599174,0.0,0.0,metabolome,False
5-dodecenoylcarnitine (C12:1),0.0049157932617987996,0.0004096494384832333,0.0,0.0,metabolome,False
palmitoylcarnitine (C16),0.0049048125718502995,0.00040873438098752496,0.0,0.0,metabolome,False
octanoylcarnitine (C8),0.0048920396429755,0.00040766997024795835,0.0,0.0,metabolome,False
gamma-glutamyl-alpha-lysine,0.004880658553278399,0.0004067215461065333,0.0,0.0,metabolome,False
"N6,N6-dimethyllysine",0.0048478759916689,0.00040398966597240835,0.0,0.0,metabolome,False
2-stearoyl-GPE (18:0)*,0.0048454349154267995,0.0004037862429522333,0.0,0.0,metabolome,False
laurylcarnitine (C12),0.004832257543937901,0.0004026881286614918,0.0,0.0,metabolome,False
4-methylcatechol sulfate,0.004810929903855199,0.0004009108253212666,0.0,0.0,metabolome,False
2-aminobutyrate,0.0048024685222231,0.0004002057101852583,0.0,0.0,metabolome,False
dehydroepiandrosterone sulfate (DHEA-S),0.0047933940701802,0.00039944950584835,0.0,0.0,metabolome,False
"androstenediol (3beta,17beta) disulfate (1)",0.0047863280173112005,0.0003988606681092667,0.0,0.0,metabolome,False
1-stearoyl-GPE (18:0),0.004778856017272401,0.0003982380014393668,0.0,0.0,metabolome,False
"2R,3R-dihydroxybutyrate",0.0047736745245529,0.0003978062103794083,0.0,0.0,metabolome,False
erucate (22:1n9),0.0047363061687758,0.00039469218073131667,0.0,0.0,metabolome,False
glycerate,0.004713166389613401,0.00039276386580111675,0.0,0.0,metabolome,False
N-acetylcarnosine,0.0047063886683789,0.0003921990556982416,0.0,0.0,metabolome,False
sphingomyelin (d18:2/23:1)*,0.0046781038311135,0.000389841985926125,0.0,0.0,metabolome,False
glycerol,0.0046443865071639,0.00038703220893032496,0.0,0.0,metabolome,False
1-palmitoyl-GPE (16:0),0.0046394961371402,0.0003866246780950167,0.0,0.0,metabolome,False
quinate,0.0045762759034056995,0.0003813563252838083,0.0,0.0,metabolome,False
"5alpha-androstan-3beta,17beta-diol disulfate",0.0045686178926651,0.0003807181577220917,0.0,0.0,metabolome,False
N1-methyladenosine,0.0045609262332369,0.000380077186103075,0.0,0.0,metabolome,False
"1,5-anhydroglucitol (1,5-AG)",0.0045067823032737,0.000375565191939475,0.0,0.0,metabolome,False
"sphingomyelin (d18:2/21:0, d16:2/23:0)*",0.0044958098027417,0.00037465081689514167,0.0,0.0,metabolome,False
1-oleoyl-2-docosahexaenoyl-GPE (18:1/22:6)*,0.0044950963292246,0.0003745913607687167,0.0,0.0,metabolome,False
gamma-glutamylphenylalanine,0.0044804305579705,0.00037336921316420837,0.0,0.0,metabolome,False
1-oleoyl-2-docosahexaenoyl-GPC (18:1/22:6)*,0.0044740656799493,0.00037283880666244166,0.0,0.0,metabolome,False
X-24728,0.0044260682002798,0.0003688390166899833,0.0,0.0,metabolome,False
1-oleoyl-GPC (18:1),0.0043742384365043,0.0003645198697086916,0.0,0.0,metabolome,False
1-palmitoyl-2-linoleoyl-GPI (16:0/18:2),0.0043589914756595,0.00036324928963829165,0.0,0.0,metabolome,False
gamma-glutamylvaline,0.0043552977400475,0.0003629414783372917,0.0,0.0,metabolome,False
ribitol,0.004311073796774499,0.00035925614973120824,0.0,0.0,metabolome,False
1-(1-enyl-palmitoyl)-2-arachidonoyl-GPE (P-16:0/20:4)*,0.0043107843384736,0.0003592320282061333,0.0,0.0,metabolome,False
3-hydroxyhexanoate,0.004277591623868799,0.0003564659686557333,0.0,0.0,metabolome,False
1-oleoyl-2-linoleoyl-GPE (18:1/18:2)*,0.0042622730264949,0.00035518941887457495,0.0,0.0,metabolome,False
21-hydroxypregnenolone disulfate,0.0042338367904367,0.00035281973253639166,0.0,0.0,metabolome,False
X-24337,0.0042302035045925996,0.00035251695871604995,0.0,0.0,metabolome,False
cis-4-decenoylcarnitine (C10:1),0.0041489484965912,0.0003457457080492667,0.0,0.0,metabolome,False
cortisol,0.0041464064906528,0.00034553387422106666,0.0,0.0,metabolome,False
kynurenate,0.0041395965803949,0.00034496638169957504,0.0,0.0,metabolome,False
"5alpha-pregnan-3beta,20alpha-diol monosulfate (2)",0.004126925475049,0.00034391045625408335,0.0,0.0,metabolome,False
"sphingomyelin (d18:1/20:2, d18:2/20:1, d16:1/22:2)*",0.0041245226566803,0.00034371022139002497,0.0,0.0,metabolome,False
X-11315,0.0040778667049229,0.0003398222254102417,0.0,0.0,metabolome,False
gamma-glutamylthreonine,0.0040011961818122,0.0003334330151510167,0.0,0.0,metabolome,False
decanoylcarnitine (C10),0.0039791466267334995,0.0003315955522277916,0.0,0.0,metabolome,False
myristoleoylcarnitine (C14:1)*,0.0039439803572498,0.00032866502977081663,0.0,0.0,metabolome,False
X-25343,0.0038447183545432,0.00032039319621193335,0.0,0.0,metabolome,False
aspartate,0.003710382526984,0.00030919854391533335,0.0,0.0,metabolome,False
N-acetylthreonine,0.0036453750897257,0.0003037812574771417,0.0,0.0,metabolome,False
1-linoleoyl-GPG (18:2)*,0.0035812696736698,0.0002984391394724833,0.0,0.0,metabolome,False
"Bilirubin, Total",0.5859988075976023,0.048833233966466855,11.0,1.4561523337671207,quest,True
Urea Nitrogen (BUN),0.5260009994518609,0.04383341662098841,9.0,1.2111620602378241,quest,True
Chol/HDLC Ratio,0.5791842669931074,0.048265355582758955,7.0,1.204379825072853,quest,True
Albumin/Globulin Ratio,0.482117525607085,0.040176460467257084,10.0,1.1560673355864766,quest,True
Non HDL Cholesterol,0.48279944304259553,0.04023328692021629,9.0,1.1116868004557083,quest,False
ALT,0.4350374374581773,0.036253119788181444,6.0,0.8465437647688833,quest,False
Potassium,0.4036695386214665,0.03363912821845554,7.0,0.8394072077202103,quest,False
Alkaline Phosphatase,0.32701680587935955,0.02725140048994663,6.0,0.6363453214722969,quest,False
LDL-Cholesterol,0.3151061630751167,0.02625884692292639,6.0,0.6131682807577481,quest,False
Eosinophils,0.33620754363790645,0.02801729530315887,4.0,0.5411051671771888,quest,False
Absolute Basophils,0.3010477628478193,0.02508731357065161,5.0,0.5394051797725021,quest,False
MPV,0.33314363780202993,0.02776196981683583,4.0,0.5361740009648011,quest,False
Platelet Count,0.34145443695114547,0.028454536412595457,3.0,0.47335636052474017,quest,False
Triglycerides,0.30808388556317,0.025673657130264167,3.0,0.42709495330812824,quest,False
RDW,0.36310640764147006,0.03025886730345584,2.0,0.398913161529051,quest,False
Creatinine,0.28126422395410366,0.02343868532950864,3.0,0.38991500765233594,quest,False
Sed Rate,0.27390348645868,0.022825290538223336,3.0,0.3797108587687464,quest,False
Neutrophils,0.25821132548377573,0.02151761045698131,2.0,0.28367413524975704,quest,False
eGFR non-African American,0.2173143810287172,0.0181095317523931,2.0,0.2387442495024526,quest,False
eGFR African American,0.206407457821465,0.017200621485122084,2.0,0.22676176963540595,quest,False
Absolute Monocytes,0.1921929839472079,0.01601608199560066,2.0,0.21114557396019532,quest,False
"Cholesterol, Total",0.1846885746358822,0.015390714552990183,2.0,0.20290113767157753,quest,False
Sodium,0.1641713947591922,0.013680949563266017,2.0,0.18036071173023183,quest,False
HDL Cholesterol,0.2399195543298867,0.019993296194157226,1.0,0.1662995626449596,quest,False
Absolute Lymphocytes,0.22663522509679007,0.01888626875806584,1.0,0.15709156729140858,quest,False
C-Reactive Protein,0.2117974509103556,0.017649787575862965,1.0,0.1468068059482964,quest,False
Glucose,0.19317948643347144,0.01609829053612262,1.0,0.13390181636337892,quest,False
Globulin,0.19077544880184272,0.015897954066820225,1.0,0.13223546445705547,quest,False
Carbon Dioxide,0.18611626945545953,0.015509689121288294,1.0,0.12900596742938683,quest,False
MCHC,0.17456459645132208,0.01454704970427684,1.0,0.12099895785581853,quest,False
Vitamin B12,0.15232952661558863,0.01269412721796572,1.0,0.1055867818896264,quest,False
MCV,0.14364290631892548,0.01197024219324379,1.0,0.09956567552239955,quest,False
Hemoglobin,0.12997368764101,0.010831140636750834,1.0,0.09009089513534509,quest,False
White Blood Cell Count,0.2162574447500003,0.018021453729166692,0.0,0.0,quest,False
TSH,0.20396297154090845,0.016996914295075705,0.0,0.0,quest,False
Red Blood Cell Count,0.1912556785737767,0.015937973214481392,0.0,0.0,quest,False
MCH,0.1745869911835559,0.01454891593196299,0.0,0.0,quest,False
Absolute Neutrophils,0.1733213885324455,0.014443449044370458,0.0,0.0,quest,False
Absolute Eosinophils,0.1595955344552657,0.013299627871272141,0.0,0.0,quest,False
Chloride,0.15354008885108208,0.01279500740425684,0.0,0.0,quest,False
Hemocrit,0.14224811241070398,0.011854009367558664,0.0,0.0,quest,False
Calcium,0.1371921687152541,0.011432680726271176,0.0,0.0,quest,False
Albumin,0.13092819437374492,0.010910682864478743,0.0,0.0,quest,False
"Protein, Total",0.1287105298469901,0.010725877487249175,0.0,0.0,quest,False
Monocytes,0.1264762121050192,0.010539684342084932,0.0,0.0,quest,False
Lymphocytes,0.1183903495410181,0.009865862461751508,0.0,0.0,quest,False
AST,0.11261546111503061,0.009384621759585885,0.0,0.0,quest,False
Basophils,0.0838562316915874,0.006988019307632283,0.0,0.0,quest,False
