score,feature
score_0,K17398
score_0,K23547
score_0,K01607
score_0,K09469
score_0,K10241
score_0,K02744
score_0,K21948
score_0,K22424
score_0,K02510
score_0,K21417
score_0,K16248
score_0,K01725
score_0,K16951
score_0,K03650
score_0,K09924
score_0,K23393
score_0,K21578
score_0,K01524
score_0,K22605
score_0,K00567
score_0,K05979
score_0,K09760
score_0,K01040
score_0,K11741
score_0,K07552
score_0,K13016
score_0,K21023
score_0,K18344
score_0,K22607
score_0,K03602
score_0,K22405
score_0,K19545
score_0,K08722
score_0,K03324
score_0,K18979
score_0,K09859
score_0,K02517
score_0,K18866
score_0,K06120
score_0,K01560
score_0,K01910
score_0,K04835
score_0,K11733
score_0,K23189
score_0,K07149
score_0,K18119
score_0,K02474
score_0,K17716
score_0,K17204
score_0,K00863
score_0,K01430
score_0,K19428
score_0,K20276
score_0,K01046
score_0,K21576
score_0,K18331
score_0,K18889
score_0,K06153
score_0,K23351
score_0,K03087
score_0,K03111
score_0,K10560
score_0,K17318
score_0,K23536
score_0,K10708
score_0,K08963
score_0,K19540
score_0,K19405
score_0,K06013
score_0,K02531
score_0,K03841
score_0,K15552
score_0,K22736
score_0,K06015
score_0,K01299
score_0,K14048
score_0,K15515
score_0,K20344
score_0,K07089
score_0,K13653
score_0,K21579
score_0,K07337
score_0,K22522
score_0,K17319
score_0,K02039
score_0,K16881
score_0,K20345
score_0,K06997
score_0,K15924
score_0,K15922
score_0,K19134
score_0,K01925
score_0,K07306
score_0,K02434
score_0,K09764
score_0,K00254
score_0,K01903
score_0,K00113
score_0,K21400
score_0,K00560
score_0,K01261
score_0,K16907
score_0,K02197
score_0,K07460
score_0,K01939
score_0,K02055
score_0,K03503
score_0,K03803
score_0,K01972
score_0,K21416
score_0,K11104
score_0,K07319
score_0,K22129
score_0,K18427
score_0,K21571
score_0,K04047
score_0,K00364
score_0,K10556
score_0,K13542
score_0,K07025
score_0,K01902
score_0,K17320
score_0,K07341
score_0,K19114
score_0,K19286
score_0,K09014
score_0,K10559
score_0,K03969
score_0,K00459
score_0,K19505
score_0,K01226
score_0,K06926
score_0,K01473
score_0,K03665
score_0,K23535
score_0,K13012
score_0,K12059
score_0,K01735
score_0,K19171
score_0,K03975
score_0,K18231
score_0,K01835
score_0,K02933
score_0,K03781
score_0,K14652
score_0,K01779
score_0,K09812
score_0,K08299
score_0,K05808
score_0,K07132
score_0,K08282
score_0,K00819
score_0,K07455
score_0,K00661
score_0,K01151
score_0,K01817
score_0,K01547
score_0,K21147
score_0,K19242
score_0,K16784
score_0,K15871
score_0,K07005
score_0,K07704
score_0,K01281
score_0,K07474
score_0,K06950
score_0,K13075
score_0,K00768
score_0,K09131
score_0,K23148
score_0,K08094
score_0,K01883
score_0,K03190
score_0,K07505
score_0,K13921
score_0,K23546
score_0,K01695
score_0,K12293
score_0,K14188
score_0,K15582
score_0,K05851
score_0,K02793
score_0,K08364
score_0,K00886
score_0,K00287
score_0,K13671
score_0,K02526
score_0,K01886
score_0,K01623
score_0,K01890
score_0,K02040
score_0,K02226
score_0,K16328
score_0,K11529
score_0,K16874
score_0,K03187
score_0,K18910
score_0,K00712
score_0,K19092
score_0,K01665
score_0,K15460
score_0,K15977
score_0,K22227
score_0,K21063
score_0,K19421
score_0,K06879
score_0,K00171
score_0,K00371
score_0,K09118
score_0,K18332
score_0,K06199
score_0,K21759
score_0,K09861
score_0,K03769
score_0,K03230
score_0,K07192
score_0,K17828
score_0,K01479
score_0,K01198
score_0,K03664
score_0,K19118
score_0,K21583
score_0,K01715
score_0,K02009
score_0,K10120
score_0,K03565
score_0,K02852
score_0,K01646
score_0,K03116
score_0,K02372
score_0,K03601
score_0,K02768
score_0,K01934
score_0,K00809
score_0,K01056
score_0,K16147
score_0,K18330
score_0,K00831
score_0,K23004
score_0,K18346
score_0,K02395
score_0,K15669
score_0,K00112
score_0,K07659
score_0,K06956
score_0,K05795
score_0,K01750
score_0,K03522
score_0,K09940
score_0,K00826
score_0,K02121
score_0,K13019
score_0,K03605
score_0,K10231
score_0,K00372
score_0,K03800
score_0,K17103
score_0,K02906
score_0,K01501
score_0,K00526
score_0,K01760
score_0,K17837
score_0,K02424
score_0,K03072
score_0,K01546
score_0,K02454
score_0,K02557
score_0,K17465
score_0,K00150
score_0,K22300
score_0,K16906
score_0,K07443
score_0,K22431
score_0,K06020
score_0,K21577
score_0,K11041
score_0,K10979
score_0,K03748
score_0,K18221
score_0,K02548
score_0,K15599
score_0,K01507
score_0,K09961
score_0,K00598
score_0,K02011
score_0,K07173
score_0,K16149
score_0,K19424
score_0,K23059
score_0,K09705
score_0,K19158
score_0,K18302
score_0,K13919
score_0,K01173
score_0,K19048
score_0,K17818
score_0,K18955
score_0,K19115
score_0,K02188
score_0,K02340
score_0,K16905
score_0,K11203
score_0,K13931
score_0,K09793
score_0,K02337
score_0,K01523
score_0,K01611
score_0,K14665
score_0,K03074
score_0,K03828
score_0,K14155
score_0,K07485
score_0,K03727
score_0,K01932
score_0,K03596
score_0,K01997
score_0,K04940
score_0,K07571
score_0,K09989
score_0,K11175
score_0,K01739
score_0,K07746
score_0,K00433
score_0,K18926
score_0,K21672
score_0,K22319
score_0,K03742
score_0,K03667
score_0,K20866
score_0,K07246
score_0,K00325
score_0,K01818
score_0,K00632
score_0,K02342
score_0,K01653
score_0,K11145
score_0,K00688
score_0,K22293
score_0,K03589
score_0,K01034
score_0,K01586
score_0,K10709
score_0,K02552
score_0,K03709
score_0,K11202
score_0,K06928
score_0,K03325
score_0,K00848
score_0,K07657
score_0,K00156
score_0,K08978
score_0,K03219
score_0,K01989
score_0,K01597
score_0,K19334
score_0,K10005
score_0,K01952
score_0,K20444
score_0,K14983
score_0,K02245
score_0,K19117
score_0,K18216
score_0,K01208
score_0,K20534
score_0,K07084
score_0,K15870
score_0,K05346
score_0,K17865
score_0,K00054
score_0,K19049
score_0,K05524
score_0,K22933
score_0,K01361
score_0,K21898
score_0,K00053
score_0,K06218
score_0,K22927
score_0,K01761
score_0,K17243
score_0,K01703
score_0,K01480
score_0,K03073
score_0,K13628
score_0,K01609
score_0,K02499
score_0,K02112
score_0,K21064
score_0,K00641
score_0,K17466
score_0,K17686
score_0,K14083
score_0,K02839
score_0,K23123
score_0,K21279
score_0,K20489
score_0,K00012
score_0,K10008
score_0,K02106
score_0,K21055
score_0,K11312
score_0,K19355
score_0,K08981
score_0,K22130
score_0,K08302
score_0,K05367
score_0,K02408
score_0,K15725
score_0,K14623
score_0,K07075
score_0,K01893
score_0,K02834
score_0,K07053
score_0,K02054
score_0,K03043
score_0,K03519
score_0,K02994
score_0,K17076
score_0,K02072
score_0,K01771
score_0,K10561
score_0,K03366
score_0,K20038
score_0,K05770
score_0,K01892
score_0,K02614
score_0,K11261
score_0,K01081
score_0,K06996
score_0,K00100
score_0,K02401
score_0,K01729
score_0,K07029
score_0,K05946
score_0,K02379
score_0,K07798
score_0,K02338
score_0,K17108
score_0,K02939
score_0,K03337
score_0,K23508
score_0,K03215
score_0,K01305
score_0,K02747
score_0,K00561
score_0,K13281
score_0,K21828
score_0,K00939
score_0,K06281
score_0,K19147
score_0,K01706
score_0,K00342
score_0,K02233
score_0,K19302
score_0,K02746
score_0,K01666
score_0,K05838
score_0,K07638
score_0,K00991
score_0,K07101
score_0,K02404
score_0,K08986
score_0,K01698
score_0,K04567
score_0,K01998
score_0,K00836
score_0,K16926
score_0,K19701
score_0,K02236
score_0,K21405
score_0,K06282
score_0,K20452
score_0,K02052
score_0,K22226
score_0,K04518
score_0,K01139
score_0,K02006
score_0,K01971
score_0,K01814
score_0,K13829
score_0,K07078
score_0,K00123
score_0,K03481
score_0,K01153
score_0,K20487
score_0,K02020
score_0,K03101
score_0,K18785
score_0,K21030
score_0,K09137
score_0,K15531
score_0,K01641
score_0,K06203
score_0,K06333
score_0,K00869
score_0,K02082
score_0,K01751
score_0,K02589
score_0,K02961
score_0,K02473
score_0,K21636
score_0,K04069
score_0,K00549
score_0,K07082
score_0,K01640
score_0,K00874
score_0,K00962
score_0,K02414
score_0,K02358
score_0,K03088
score_0,K06999
score_0,K05351
score_0,K02825
score_0,K09807
score_0,K00261
score_0,K17467
score_0,K16698
score_0,K14170
score_0,K02044
score_0,K11991
score_0,K21473
score_0,K07506
score_0,K01658
score_0,K11924
score_0,K16963
score_0,K07768
score_0,K13922
score_0,K16371
score_0,K01493
score_0,K18471
score_0,K18013
score_0,K16169
score_0,K12206
score_0,K14988
score_0,K02794
score_0,K00275
score_0,K00798
score_0,K03429
score_0,K13818
score_0,K05810
score_0,K03925
score_0,K06211
score_0,K02343
score_0,K03569
score_0,K01756
score_0,K06908
score_0,K02836
score_0,K01889
score_0,K02034
score_0,K04077
score_0,K19002
score_0,K03098
score_0,K01770
score_0,K03641
score_0,K12998
score_0,K03424
score_0,K12292
score_0,K01150
score_0,K05569
score_0,K10530
score_0,K03048
score_0,K04767
score_0,K22579
score_0,K02786
score_0,K06881
score_0,K05772
score_0,K02029
score_0,K02492
score_0,K09761
score_0,K03060
score_0,K05791
score_0,K02455
score_0,K23303
score_0,K01573
score_0,K02304
score_0,K02837
score_0,K01846
score_0,K16898
score_0,K12058
score_0,K19116
score_0,K05825
score_0,K07722
score_0,K12506
score_0,K04061
score_0,K16788
score_0,K07014
score_0,K23149
score_0,K01006
score_0,K17363
score_0,K00663
score_0,K15533
score_0,K20976
score_0,K01869
score_0,K20073
score_0,K18831
score_0,K02190
score_0,K18887
score_0,K22230
score_0,K13927
score_0,K01962
score_0,K00209
score_0,K16213
score_0,K07257
score_0,K12066
score_0,K02874
score_0,K00691
score_0,K03708
score_0,K02053
score_0,K11753
score_0,K01251
score_0,K01358
score_0,K17992
score_0,K15724
score_0,K02274
score_0,K07071
score_0,K03226
score_0,K03179
score_0,K16785
score_0,K02111
score_0,K01730
score_0,K06975
score_0,K18986
score_0,K07445
score_0,K12141
score_0,K12270
score_0,K00031
score_0,K10558
score_0,K21011
score_0,K02990
score_0,K19166
score_0,K07307
score_0,K08969
score_0,K21065
score_0,K13668
score_0,K01092
score_0,K02500
score_0,K09967
score_0,K12556
score_0,K02619
score_0,K02389
score_0,K19126
score_0,K18220
score_0,K01210
score_0,K03976
score_0,K08972
score_0,K09009
score_0,K02409
score_0,K19140
score_0,K01857
score_0,K01420
score_0,K04720
score_0,K12555
score_0,K23003
score_0,K06894
score_0,K15342
score_0,K01845
score_0,K20511
score_0,K04031
score_0,K00355
score_0,K22213
score_0,K03492
score_0,K17898
score_0,K11533
score_0,K02068
score_0,K02563
score_0,K03820
score_0,K18217
score_0,K02017
score_0,K17910
score_0,K01476
score_0,K01499
score_0,K07308
score_0,K09923
score_0,K19997
score_0,K00048
score_0,K01091
score_0,K09935
score_0,K10914
score_0,K01990
score_0,K02988
score_0,K03699
score_0,K01214
score_0,K06223
score_0,K01154
score_0,K02433
score_0,K01843
score_0,K00313
score_0,K12990
score_0,K07056
score_0,K02050
score_0,K15633
score_0,K12339
score_0,K09789
score_0,K02745
score_0,K13953
score_0,K02585
score_0,K01905
score_0,K12213
score_0,K00969
score_0,K01548
score_0,K01879
score_0,K00239
score_0,K01035
score_0,K01295
score_0,K00758
score_0,K03646
score_0,K05989
score_0,K14415
score_0,K03719
score_0,K21471
score_0,K07776
score_0,K00806
score_0,K22468
score_0,K01610
score_0,K07484
score_0,K00073
score_0,K01872
score_0,K16850
score_0,K06320
score_0,K06897
score_0,K01195
score_0,K12297
score_0,K07217
score_0,K01216
score_0,K10007
score_0,K11646
score_0,K11534
score_0,K06962
score_0,K09820
score_0,K16950
score_0,K04772
score_0,K01647
score_0,K10548
score_0,K13015
score_0,K16214
score_0,K03272
score_0,K18856
score_0,K12268
score_0,K19294
score_0,K20112
score_0,K16209
score_0,K05349
score_0,K07343
score_0,K03188
score_0,K08311
score_0,K07214
score_0,K02911
score_0,K00170
score_0,K12685
score_0,K02564
score_0,K21394
score_0,K00926
score_0,K14088
score_0,K01807
score_0,K04028
score_0,K01247
score_0,K21140
score_0,K02086
score_0,K00824
score_0,K02863
score_0,K05342
score_0,K18206
score_0,K10716
score_0,K03271
score_0,K01218
score_0,K17624
score_0,K00936
score_0,K09696
score_0,K01821
score_0,K04751
score_0,K16264
score_0,K01338
score_0,K20480
score_0,K03521
score_0,K19310
score_0,K16238
score_0,K01941
score_0,K20885
score_0,K07451
score_0,K03734
score_0,K02238
score_0,K21345
score_0,K18234
score_0,K01804
score_0,K02302
score_0,K02523
score_0,K16435
score_0,K13327
score_0,K07051
score_0,K09988
score_0,K21012
score_0,K02907
score_0,K12995
score_0,K04562
score_0,K09703
score_0,K07800
score_0,K07054
score_0,K00613
score_0,K07278
score_0,K03736
score_0,K07074
score_0,K21613
score_0,K02843
score_0,K00950
score_0,K04019
score_0,K12209
score_0,K09819
score_0,K01633
score_0,K23107
score_0,K03584
score_0,K15727
score_0,K03977
score_0,K01478
score_0,K19068
score_0,K02590
score_0,K08717
score_0,K02435
score_0,K07316
score_0,K19285
score_0,K22477
score_0,K12203
score_0,K01488
score_0,K23163
score_0,K02067
score_0,K00184
score_0,K18214
score_0,K04090
score_0,K10778
score_0,K01322
score_0,K11004
score_0,K15772
score_0,K01687
score_0,K00656
score_0,K02078
score_0,K01945
score_0,K09803
score_0,K00880
score_0,K21472
score_0,K21132
score_0,K22994
score_0,K18139
score_0,K06182
score_0,K03490
score_0,K17810
score_0,K00927
score_0,K06907
score_0,K09949
score_0,K01621
score_0,K11031
score_0,K01354
score_0,K07315
score_0,K00773
score_0,K16091
score_0,K04761
score_0,K07270
score_0,K03531
score_0,K03735
score_0,K09770
score_0,K07118
score_0,K18930
score_0,K06191
score_0,K07458
score_0,K00390
score_0,K00720
score_0,K01991
score_0,K21900
score_0,K13652
score_0,K01126
score_0,K00362
score_0,K14086
score_0,K07735
score_0,K02586
score_0,K01933
score_0,K01191
score_0,K06217
score_0,K05589
score_0,K07069
score_0,K22396
score_0,K12217
score_0,K23301
score_0,K01179
score_0,K16786
score_0,K03606
score_0,K04013
score_0,K00045
score_0,K18334
score_0,K02477
score_0,K15771
score_0,K16052
score_0,K01868
score_0,K00658
score_0,K06891
score_0,K11928
score_0,K00803
score_0,K15726
score_0,K02077
score_0,K01466
score_0,K01937
score_0,K00338
score_0,K05566
score_0,K00759
score_0,K06201
score_0,K15554
score_0,K07165
score_0,K00957
score_0,K13694
score_0,K05794
score_0,K03106
score_0,K06990
score_0,K10036
score_0,K16650
score_0,K02042
score_0,K13277
score_0,K15915
score_0,K09136
score_0,K01838
score_0,K13611
score_0,K01060
score_0,K02193
score_0,K11329
score_0,K00655
score_0,K02761
score_0,K01457
score_0,K11707
score_0,K03724
score_0,K07239
score_0,K09684
score_0,K07404
score_0,K06402
score_0,K01679
score_0,K01873
score_0,K00197
score_0,K01589
score_0,K00341
score_0,K00145
score_0,K11751
score_0,K03552
score_0,K17234
score_0,K20903
score_0,K03186
score_0,K18474
score_0,K04044
score_0,K21936
score_0,K07112
score_0,K09007
score_0,K01185
score_0,K04095
score_0,K20450
score_0,K05780
score_0,K03411
score_0,K01768
score_0,K04075
score_0,K07712
score_0,K13525
score_0,K02493
score_0,K02012
score_0,K05567
score_0,K12960
score_0,K02501
score_0,K15553
score_0,K01777
score_0,K11072
score_0,K07457
score_0,K01929
score_0,K01551
score_0,K00077
score_0,K20626
score_0,K03273
score_0,K01069
score_0,K01039
score_0,K00441
score_0,K02569
score_0,K07098
score_0,K12214
score_0,K21814
score_0,K02400
score_0,K22116
score_0,K12138
score_0,K00657
score_0,K14414
score_0,K19172
score_0,K19789
score_0,K00370
score_0,K08168
score_0,K15898
score_0,K11710
score_0,K04764
score_0,K03470
score_0,K03446
score_0,K12065
score_0,K17213
score_0,K02019
score_0,K22430
score_0,K00694
score_0,K18122
score_0,K01114
score_0,K23541
score_0,K12992
score_0,K12137
score_0,K23170
score_0,K19427
score_0,K09969
score_0,K01193
score_0,K10907
score_0,K03772
score_0,K19139
score_0,K11181
score_0,K22232
score_0,K09167
score_0,K18349
score_0,K13788
score_0,K11709
score_0,K18475
score_0,K00135
score_0,K01950
score_0,K09144
score_0,K02051
score_0,K09001
score_0,K06941
score_0,K23169
score_0,K16925
score_0,K19883
score_0,K00373
score_0,K06166
score_0,K03756
score_0,K01581
score_0,K20484
score_0,K03704
score_0,K01058
score_0,K01728
score_0,K18350
score_0,K03182
score_0,K03090
score_0,K02688
score_0,K07357
score_0,K01625
score_0,K02533
score_0,K01812
score_0,K11785
score_0,K06221
score_0,K07813
score_0,K02224
score_0,K01809
score_0,K00042
score_0,K02397
score_0,K03409
score_0,K11606
score_0,K06929
score_0,K22349
score_0,K03830
score_0,K16885
score_0,K16235
score_0,K01938
score_0,K14091
score_0,K02045
score_0,K02784
score_0,K03638
score_0,K17236
score_0,K11615
score_0,K01737
score_0,K07491
score_0,K01429
score_0,K04783
score_0,K03390
score_0,K06859
score_0,K23352
score_0,K03412
score_0,K19170
score_0,K00041
score_0,K01266
score_0,K06606
score_0,K01147
score_0,K03562
score_0,K01649
score_0,K08161
score_0,K00010
score_0,K18303
score_0,K00094
score_0,K15520
score_0,K06395
score_0,K04749
score_0,K11690
score_0,K18120
score_0,K23077
score_0,K05363
score_0,K13288
score_0,K19710
score_0,K20509
score_0,K03497
score_0,K02056
score_0,K13929
score_0,K05916
score_0,K19169
score_0,K03604
score_0,K17218
score_0,K07127
score_0,K21681
score_0,K15125
score_0,K19273
score_0,K02283
score_0,K23356
score_0,K06408
score_0,K00164
score_0,K09964
score_0,K07275
score_0,K07729
score_0,K11065
score_0,K07654
score_0,K07106
score_0,K13990
score_0,K20341
score_0,K11051
score_0,K23537
score_0,K12140
score_0,K01823
score_0,K01626
score_0,K14090
score_0,K18014
score_0,K01176
score_0,K06334
score_0,K02010
score_0,K09477
score_0,K03642
score_0,K18205
score_0,K12111
score_0,K20862
score_0,K16153
score_0,K07250
score_0,K07219
score_0,K21619
score_0,K13963
score_0,K00065
score_0,K12503
score_0,K02282
score_0,K17073
score_0,K07080
score_0,K03572
score_0,K07741
score_0,K12218
score_0,K09011
score_0,K03732
score_0,K13819
score_0,K01685
score_0,K18479
score_0,K05337
score_0,K01803
score_0,K20265
score_0,K00978
score_0,K07272
score_0,K01011
score_0,K08297
score_0,K11214
score_0,K18545
score_0,K01866
score_0,K00625
score_0,K07979
score_0,K00640
score_0,K01926
score_0,K21344
score_0,K05568
score_0,K02230
score_0,K19119
score_0,K02047
score_0,K09697
score_0,K04566
score_0,K00344
score_0,K12528
score_0,K07739
score_0,K16922
score_0,K10681
score_0,K00619
score_0,K16961
score_0,K01816
score_0,K11050
score_0,K16846
score_0,K07126
score_0,K07037
score_0,K01738
score_0,K00002
score_0,K01613
score_0,K02119
score_0,K16923
score_0,K20257
score_0,K07666
score_0,K16212
score_0,K02664
score_0,K17074
score_0,K02028
score_0,K01436
score_0,K15583
score_0,K16087
score_0,K02291
score_0,K01783
score_0,K08319
score_0,K14982
score_0,K09825
score_0,K18814
score_0,K13280
score_0,K07507
score_0,K02444
score_0,K01628
score_0,K02313
score_0,K01854
score_0,K11180
score_0,K10107
score_0,K00009
score_0,K01284
score_0,K01999
score_0,K18828
score_0,K01449
score_0,K09979
score_0,K09791
score_0,K18118
score_0,K01485
score_0,K09931
score_0,K20488
score_0,K03926
score_0,K02415
score_0,K01561
score_0,K09692
score_0,K03399
score_0,K01849
score_0,K11738
score_0,K03077
score_0,K18890
score_0,K01780
score_0,K01629
score_0,K12072
score_0,K01262
score_0,K07032
score_0,K18285
score_0,K07006
score_0,K01993
score_0,K06205
score_0,K02591
score_0,K09689
score_0,K04014
score_0,K01958
score_0,K09155
score_0,K03738
score_0,K00111
score_0,K05306
score_0,K07787
score_0,K00547
score_0,K01579
score_0,K03564
score_0,K09138
score_0,K23573
score_0,K04750
score_0,K11749
score_0,K07148
score_0,K05396
score_0,K16203
score_0,K00346
score_0,K06909
score_0,K09702
score_0,K03666
score_0,K07719
score_0,K02041
score_0,K04784
score_0,K01839
score_0,K00102
score_0,K20974
score_0,K00603
score_0,K00437
score_0,K17215
score_0,K00046
score_0,K21947
score_0,K01813
score_0,K02075
score_0,K03299
score_0,K04561
score_0,K19956
score_0,K03760
score_0,K08153
score_0,K13587
score_0,K07442
score_0,K06331
score_0,K01439
score_0,K02426
score_0,K02025
score_0,K03405
score_0,K03582
score_0,K00931
score_0,K02574
score_0,K00986
score_0,K10823
score_0,K02554
score_0,K01921
score_0,K13643
score_0,K05801
score_0,K02168
score_0,K11755
score_0,K07406
score_0,K03437
score_0,K02018
score_0,K02182
score_0,K11743
score_0,K17734
score_0,K05352
score_0,K22212
score_0,K01428
score_0,K20814
score_0,K07031
score_0,K01474
score_0,K15580
score_0,K15770
score_0,K06446
score_0,K10819
score_0,K01520
score_0,K02935
score_0,K02420
score_0,K00981
score_0,K00057
score_0,K05366
score_0,K02171
score_0,K19167
score_0,K05988
score_0,K02110
score_0,K22132
score_0,K00604
score_0,K02970
score_0,K19165
score_0,K02440
score_0,K02242
score_0,K01182
score_0,K22723
score_0,K11708
score_0,K13599
score_0,K22044
score_0,K00281
score_0,K02443
score_0,K12240
score_0,K15738
score_0,K02916
score_0,K06608
score_0,K08159
score_0,K21573
score_0,K06610
score_0,K05811
score_0,K17733
score_0,K02483
score_0,K18918
score_0,K09139
score_0,K01224
score_0,K01008
score_0,K11381
score_0,K10547
score_0,K02520
score_0,K03547
score_0,K10012
score_0,K01181
score_0,K01668
score_0,K21467
score_0,K12982
score_0,K06001
score_0,K23398
score_0,K00633
score_0,K03224
score_0,K22373
score_0,K00970
score_0,K05873
score_0,K02968
score_0,K01575
score_0,K00854
score_0,K23259
score_0,K20492
score_0,K16139
score_0,K15975
score_0,K00381
score_0,K02594
score_0,K15581
score_0,K00571
score_0,K05816
score_0,K02390
score_0,K06181
score_0,K04045
score_0,K01758
score_0,K18816
score_0,K02133
score_0,K07309
score_0,K02946
score_0,K06915
score_0,K07321
score_0,K01677
score_0,K03826
score_0,K02525
score_0,K13584
score_0,K00983
score_0,K11071
score_0,K16924
score_0,K14761
score_0,K01834
score_0,K02243
score_0,K10037
score_0,K10682
score_0,K03972
score_0,K00954
score_0,K01308
score_0,K01451
score_0,K01736
score_0,K19508
score_0,K12296
score_0,K01995
score_0,K01265
score_0,K12511
score_0,K03227
score_0,K07705
score_0,K00800
score_0,K21563
score_0,K19309
score_0,K14153
score_0,K02015
score_0,K02005
score_0,K02838
score_0,K19159
score_0,K15773
score_0,K09951
score_0,K00283
score_0,K01270
score_0,K06952
score_0,K19123
score_0,K01657
score_0,K11070
score_0,K00928
score_0,K20342
score_0,K18704
score_0,K20415
score_0,K10213
score_0,K01089
score_0,K21749
score_0,K18893
score_0,K02237
score_0,K20491
score_0,K02004
score_0,K05822
score_0,K06942
score_0,K14205
score_0,K02986
score_0,K08680
score_0,K01915
score_0,K03147
score_0,K16959
score_0,K01727
score_0,K19509
score_0,K17899
score_0,K03799
score_0,K11720
score_0,K18672
score_0,K12295
score_0,K00853
score_0,K22958
score_0,K02598
score_0,K07717
score_0,K02026
score_0,K03652
score_0,K02777
score_0,K14540
score_0,K02073
score_0,K19091
score_0,K06206
score_0,K01486
score_0,K19954
score_0,K04029
score_0,K03624
score_0,K11527
score_0,K06163
score_0,K10697
score_0,K02411
score_0,K02203
score_0,K15974
score_0,K21399
score_0,K07727
score_0,K01580
score_0,K03612
score_0,K00564
score_0,K01235
score_0,K14977
score_0,K12940
score_0,K21903
score_0,K07670
score_0,K03394
score_0,K15876
score_0,K02864
score_0,K18692
score_0,K01953
score_0,K02003
score_0,K02867
score_0,K07318
score_0,K01161
score_0,K01142
score_0,K07004
score_0,K12942
score_0,K19271
score_0,K08151
score_0,K01788
score_0,K04096
score_0,K03706
score_0,K06895
score_0,K12554
score_0,K16960
score_0,K02396
score_0,K13252
score_0,K14058
score_0,K01754
score_0,K17235
score_0,K17331
score_0,K00245
score_0,K06878
score_0,K16014
score_0,K03095
score_0,K02488
score_0,K18675
score_0,K13920
score_0,K03930
score_0,K18829
score_0,K15555
score_0,K19005
score_0,K12999
score_0,K01448
score_0,K07224
score_0,K11614
score_0,K09471
score_0,K01699
score_0,K01778
score_0,K01697
score_0,K06384
score_0,K02663
score_0,K01644
score_0,K11782
score_0,K02437
score_0,K03293
score_0,K02117
score_0,K02109
score_0,K21498
score_0,K13040
score_0,K08167
score_0,K08314
score_0,K02926
score_0,K15584
score_0,K01914
score_0,K06877
score_0,K16148
score_0,K12452
score_0,K11144
score_0,K19955
score_0,K03651
score_0,K07393
score_0,K12660
score_0,K03313
score_0,K01194
score_0,K22457
score_0,K01246
score_0,K01297
score_0,K02240
score_0,K00851
score_0,K01227
score_0,K13038
score_0,K05685
score_0,K07133
score_0,K00858
score_0,K01710
score_0,K01654
score_0,K09117
score_0,K02074
score_0,K11617
score_0,K04565
score_0,K22606
score_0,K12997
score_0,K19429
score_0,K02428
score_0,K17836
score_0,K15586
score_0,K13571
score_0,K01858
score_0,K16301
score_0,K02348
score_0,K15778
score_0,K11068
score_0,K02000
score_0,K19125
score_0,K03274
score_0,K01709
score_0,K01916
score_0,K02120
score_0,K08281
score_0,K00784
score_0,K12661
score_0,K13640
score_0,K12733
score_0,K17947
score_0,K01104
score_0,K00772
score_0,K01273
score_0,K01755
score_0,K02035
score_0,K13787
score_0,K10986
score_0,K02601
score_0,K23518
score_0,K02232
score_0,K03932
score_0,K02103
score_0,K02902
score_0,K06904
score_0,K11537
score_0,K13932
score_0,K00330
score_0,K02652
score_0,K03471
score_0,K02666
score_0,K08372
score_0,K19803
score_0,K04516
score_0,K16651
score_0,K14445
score_0,K06193
score_0,K23270
score_0,K11934
score_0,K18348
score_0,K19168
score_0,K19124
score_0,K01815
score_0,K02124
score_0,K03834
score_0,K02049
score_0,K00030
score_0,K15921
score_0,K23257
score_0,K14379
score_0,K01844
score_0,K01355
score_0,K00198
score_0,K08999
score_0,K03473
score_0,K00681
score_0,K18345
score_0,K09973
score_0,K02099
score_0,K01590
score_0,K07017
score_0,K01791
score_0,K01026
score_0,K03444
score_0,K02815
score_0,K03544
score_0,K06284
score_0,K18197
score_0,K03196
score_0,K22432
score_0,K00697
score_0,K21556
score_0,K02528
score_0,K20037
score_0,K04026
score_0,K01841
score_0,K03558
score_0,K23182
score_0,K15899
score_0,K21557
score_0,K03534
score_0,K15524
score_0,K18891
score_0,K11927
score_0,K02687
score_0,K01678
score_0,K02316
score_0,K00647
score_0,K22906
score_0,K01304
score_0,K01599
score_0,K12373
score_0,K01885
score_0,K18012
score_0,K13049
score_0,K03367
score_0,K02824
score_0,K15855
score_0,K21567
score_0,K17241
score_0,K07304
score_0,K06391
score_0,K01612
score_0,K17246
score_0,K01635
score_0,K17245
score_0,K22441
score_0,K03833
score_0,K11102
score_0,K11618
score_0,K02118
score_0,K12410
score_0,K18830
score_0,K01201
score_0,K00158
score_0,K03752
score_0,K00616
score_0,K22901
score_0,K01652
score_0,K03813
score_0,K02058
score_0,K11784
score_0,K01784
score_0,K17758
score_0,K05823
score_0,K02453
score_0,K11921
score_0,K19090
score_0,K06872
score_0,K03297
score_0,K03476
score_0,K10563
score_0,K10985
score_0,K03191
score_0,K10441
score_0,K17242
score_0,K00130
score_0,K19422
score_0,K08309
score_0,K22900
score_0,K17735
score_0,K02858
score_0,K21395
score_0,K02992
score_0,K01232
score_0,K13497
score_0,K19972
score_0,K17759
score_0,K01802
score_0,K14731
score_0,K05846
score_0,K02108
score_0,K01708
score_0,K00997
score_0,K15527
score_0,K22103
score_0,K04076
score_0,K02413
score_0,K01711
score_0,K02014
score_0,K03491
score_0,K02416
score_0,K04844
score_0,K15023
score_0,K01880
score_0,K21572
score_0,K03276
score_0,K10710
score_0,K07266
score_0,K00558
score_0,K07016
score_0,K00709
score_0,K14654
score_0,K02217
score_0,K06117
score_0,K02172
score_0,K20859
score_0,K03578
score_0,K10974
score_0,K07139
score_0,K04092
score_0,K03818
score_0,K01286
score_0,K16957
score_0,K03289
score_0,K00817
score_0,K12541
score_0,K02346
score_0,K07243
score_0,K01734
score_0,K12527
score_0,K09809
score_0,K02032
score_0,K03628
score_0,K11206
score_0,K02248
score_0,K19046
score_0,K07483
score_0,K10805
score_0,K22902
score_0,K09922
score_0,K00973
score_0,K06920
score_0,K03517
score_0,K07313
score_0,K00324
score_0,K01759
score_0,K12251
score_0,K23245
score_0,K06297
score_0,K00174
score_0,K02115
score_0,K01919
score_0,K18707
score_0,K00230
score_0,K07649
score_0,K01077
score_0,K07668
score_0,K21961
score_0,K04062
score_0,K23231
score_0,K17195
score_0,K03711
score_0,K01746
score_0,K19689
score_0,K18008
score_0,K02246
score_0,K15371
score_0,K00128
score_0,K01630
score_0,K03722
score_0,K02841
score_0,K10678
score_0,K13891
score_0,K18011
score_0,K01531
score_0,K21750
score_0,K02427
score_0,K20904
score_0,K07115
score_0,K05593
score_0,K00134
score_0,K22699
score_0,K18237
score_0,K01534
score_0,K00091
score_0,K07221
score_0,K21993
score_0,K01661
score_0,K01674
score_0,K17723
score_0,K19299
score_0,K05796
score_0,K12267
score_0,K01252
score_0,K02573
score_0,K00194
score_0,K07130
score_0,K02195
score_0,K13735
score_0,K10939
score_0,K02550
score_0,K09972
score_0,K06906
score_0,K01042
score_0,K14194
score_0,K01643
score_0,K01996
score_0,K01494
score_0,K01733
score_0,K02334
score_0,K03152
score_0,K01604
score_0,K15303
score_0,K13409
score_0,K03767
score_0,K15600
score_0,K06188
score_0,K00303
score_0,K02558
score_0,K03695
score_0,K12132
score_0,K10440
score_0,K14682
score_0,K23509
score_0,K03218
score_0,K03407
score_0,K12061
score_0,K01197
score_0,K03113
score_0,K00955
score_0,K20143
score_0,K03737
score_0,K13059
score_0,K16211
score_0,K09970
score_0,K00001
score_0,K00005
score_0,K00033
score_0,K00088
score_0,K00105
score_0,K00133
score_0,K00196
score_0,K00215
score_0,K00231
score_0,K00246
score_0,K00262
score_0,K00286
score_0,K00333
score_0,K00350
score_0,K00412
score_0,K00428
score_0,K00520
score_0,K00533
score_0,K00568
score_0,K00574
score_0,K00600
score_0,K00602
score_0,K00662
score_0,K00673
score_0,K00674
score_0,K00684
score_0,K00766
score_0,K00788
score_0,K00821
score_0,K00823
score_0,K00832
score_0,K00833
score_0,K00845
score_0,K00860
score_0,K00864
score_0,K00865
score_0,K00867
score_0,K00868
score_0,K00873
score_0,K00879
score_0,K00925
score_0,K00937
score_0,K00942
score_0,K00948
score_0,K00949
score_0,K00968
score_0,K00982
score_0,K00989
score_0,K00990
score_0,K01007
score_0,K01048
score_0,K01051
score_0,K01057
score_0,K01085
score_0,K01095
score_0,K01101
score_0,K01118
score_0,K01155
score_0,K01186
score_0,K01187
score_0,K01192
score_0,K01207
score_0,K01209
score_0,K01215
score_0,K01222
score_0,K01243
score_0,K01256
score_0,K01258
score_0,K01259
score_0,K01267
score_0,K01271
score_0,K01274
score_0,K01372
score_0,K01414
score_0,K01426
score_0,K01447
score_0,K01460
score_0,K01465
score_0,K01468
score_0,K01482
score_0,K01487
score_0,K01489
score_0,K01495
score_0,K01497
score_0,K01515
score_0,K01525
score_0,K01533
score_0,K01567
score_0,K01571
score_0,K01584
score_0,K01596
score_0,K01598
score_0,K01601
score_0,K01615
score_0,K01620
score_0,K01624
score_0,K01627
score_0,K01664
score_0,K01667
score_0,K01689
score_0,K01693
score_0,K01713
score_0,K01714
score_0,K01719
score_0,K01744
score_0,K01752
score_0,K01753
score_0,K01776
score_0,K01785
score_0,K01790
score_0,K01840
score_0,K01870
score_0,K01876
score_0,K01878
score_0,K01881
score_0,K01894
score_0,K01906
score_0,K01911
score_0,K01912
score_0,K01923
score_0,K01928
score_0,K01935
score_0,K01956
score_0,K01992
score_0,K02002
score_0,K02007
score_0,K02027
score_0,K02031
score_0,K02037
score_0,K02046
score_0,K02057
score_0,K02080
score_0,K02081
score_0,K02107
score_0,K02116
score_0,K02122
score_0,K02123
score_0,K02160
score_0,K02169
score_0,K02189
score_0,K02191
score_0,K02192
score_0,K02200
score_0,K02221
score_0,K02227
score_0,K02231
score_0,K02241
score_0,K02244
score_0,K02278
score_0,K02279
score_0,K02341
score_0,K02355
score_0,K02356
score_0,K02371
score_0,K02377
score_0,K02385
score_0,K02387
score_0,K02392
score_0,K02398
score_0,K02405
score_0,K02406
score_0,K02417
score_0,K02418
score_0,K02419
score_0,K02422
score_0,K02439
score_0,K02469
score_0,K02471
score_0,K02472
score_0,K02481
score_0,K02484
score_0,K02495
score_0,K02502
score_0,K02507
score_0,K02519
score_0,K02538
score_0,K02549
score_0,K02556
score_0,K02626
score_0,K02650
score_0,K02653
score_0,K02654
score_0,K02655
score_0,K02662
score_0,K02689
score_0,K02706
score_0,K02760
score_0,K02770
score_0,K02774
score_0,K02775
score_0,K02795
score_0,K02806
score_0,K02823
score_0,K02835
score_0,K02851
score_0,K02856
score_0,K02860
score_0,K02886
score_0,K02887
score_0,K02892
score_0,K02899
score_0,K02904
score_0,K02909
score_0,K02914
score_0,K02931
score_0,K02948
score_0,K02950
score_0,K02963
score_0,K02967
score_0,K02982
score_0,K03040
score_0,K03046
score_0,K03093
score_0,K03110
score_0,K03148
score_0,K03154
score_0,K03269
score_0,K03294
score_0,K03303
score_0,K03306
score_0,K03311
score_0,K03326
score_0,K03328
score_0,K03413
score_0,K03426
score_0,K03439
score_0,K03487
score_0,K03549
score_0,K03553
score_0,K03577
score_0,K03579
score_0,K03585
score_0,K03590
score_0,K03592
score_0,K03611
score_0,K03620
score_0,K03625
score_0,K03647
score_0,K03670
score_0,K03684
score_0,K03687
score_0,K03701
score_0,K03743
score_0,K03744
score_0,K03745
score_0,K03755
score_0,K03757
score_0,K03762
score_0,K03777
score_0,K03810
score_0,K03812
score_0,K03816
score_0,K03923
score_0,K03928
score_0,K03980
score_0,K04041
score_0,K04334
score_0,K04335
score_0,K04651
score_0,K04744
score_0,K04754
score_0,K04762
score_0,K04774
score_0,K05515
score_0,K05516
score_0,K05541
score_0,K05570
score_0,K05773
score_0,K05785
score_0,K05786
score_0,K05790
score_0,K05800
score_0,K05805
score_0,K05837
score_0,K05876
score_0,K05939
score_0,K05964
score_0,K05970
score_0,K06019
score_0,K06045
score_0,K06121
score_0,K06155
score_0,K06167
score_0,K06176
score_0,K06180
score_0,K06189
score_0,K06194
score_0,K06207
score_0,K06209
score_0,K06400
score_0,K06416
score_0,K06518
score_0,K06603
score_0,K06867
score_0,K06925
score_0,K06949
score_0,K06970
score_0,K06989
score_0,K07000
score_0,K07043
score_0,K07048
score_0,K07052
score_0,K07095
score_0,K07096
score_0,K07102
score_0,K07120
score_0,K07146
score_0,K07161
score_0,K07213
score_0,K07248
score_0,K07264
score_0,K07310
score_0,K07323
score_0,K07407
score_0,K07462
score_0,K07473
score_0,K07486
score_0,K07493
score_0,K07559
score_0,K07679
score_0,K07786
score_0,K08219
score_0,K08222
score_0,K08296
score_0,K08602
score_0,K08641
score_0,K08676
score_0,K08724
score_0,K08965
score_0,K09004
score_0,K09022
score_0,K09128
score_0,K09158
score_0,K09251
score_0,K09472
score_0,K09474
score_0,K09758
score_0,K09765
score_0,K09767
score_0,K09769
score_0,K09773
score_0,K09794
score_0,K09798
score_0,K09800
score_0,K09805
score_0,K09903
score_0,K09907
score_0,K09925
score_0,K09960
score_0,K10004
score_0,K10121
score_0,K10679
score_0,K10794
score_0,K10797
score_0,K10806
score_0,K10830
score_0,K11216
score_0,K11249
score_0,K11263
score_0,K11358
score_0,K11472
score_0,K11473
score_0,K11474
score_0,K11689
score_0,K11719
score_0,K11752
score_0,K11891
score_0,K12056
score_0,K12057
score_0,K12060
score_0,K12063
score_0,K12064
score_0,K12139
score_0,K12257
score_0,K12294
score_0,K12340
score_0,K12343
score_0,K12510
score_0,K12574
score_0,K12678
score_0,K12985
score_0,K13052
score_0,K13256
score_0,K13292
score_0,K13378
score_0,K13527
score_0,K13529
score_0,K13570
score_0,K13573
score_0,K13677
score_0,K13889
score_0,K13954
score_0,K13979
score_0,K13993
score_0,K14162
score_0,K14192
score_0,K14274
score_0,K14347
score_0,K14534
score_0,K14591
score_0,K15461
score_0,K15585
score_0,K15587
score_0,K15598
score_0,K15777
score_0,K15834
score_0,K15866
score_0,K15868
score_0,K15894
score_0,K15923
score_0,K15986
score_0,K15987
score_0,K16210
score_0,K16234
score_0,K16299
score_0,K16329
score_0,K16345
score_0,K16511
score_0,K16787
score_0,K16789
score_0,K16868
score_0,K16899
score_0,K16937
score_0,K16962
score_0,K17203
score_0,K17680
score_0,K17722
score_0,K17883
score_0,K18095
score_0,K18104
score_0,K18148
score_0,K18218
score_0,K18369
score_0,K18581
score_0,K18682
score_0,K18702
score_0,K18817
score_0,K18907
score_0,K18920
score_0,K19052
score_0,K19075
score_0,K19228
score_0,K19231
score_0,K19267
score_0,K19268
score_0,K19411
score_0,K19419
score_0,K19971
score_0,K20113
score_0,K20373
score_0,K20490
score_0,K20541
score_0,K20938
score_0,K21397
score_0,K21449
score_0,K21463
score_0,K21469
score_0,K21470
score_0,K21495
score_0,K21562
score_0,K21739
score_0,K21746
score_0,K21908
score_0,K21977
score_0,K22024
score_0,K22278
score_0,K22339
score_0,K22604
score_0,K23005
score_0,K23183
score_0,K23241
score_0,K23265
score_1,K17398
score_1,K23547
score_1,K01607
score_1,K09469
score_1,K10241
score_1,K02744
score_1,K21948
score_1,K22424
score_1,K02510
score_1,K21417
score_1,K16248
score_1,K01725
score_1,K16951
score_1,K03650
score_1,K09924
score_1,K23393
score_1,K21578
score_1,K01524
score_1,K22605
score_1,K00567
score_1,K05979
score_1,K09760
score_1,K01040
score_1,K11741
score_1,K07552
score_1,K13016
score_1,K21023
score_1,K18344
score_1,K22607
score_1,K03602
score_1,K22405
score_1,K19545
score_1,K08722
score_1,K03324
score_1,K18979
score_1,K09859
score_1,K02517
score_1,K18866
score_1,K06120
score_1,K01560
score_1,K01910
score_1,K04835
score_1,K11733
score_1,K23189
score_1,K07149
score_1,K18119
score_1,K02474
score_1,K17716
score_1,K17204
score_1,K00863
score_1,K01430
score_1,K19428
score_1,K20276
score_1,K01046
score_1,K21576
score_1,K18331
score_1,K18889
score_1,K06153
score_1,K23351
score_1,K03087
score_1,K03111
score_1,K10560
score_1,K17318
score_1,K23536
score_1,K10708
score_1,K08963
score_1,K19540
score_1,K19405
score_1,K06013
score_1,K02531
score_1,K03841
score_1,K15552
score_1,K22736
score_1,K06015
score_1,K01299
score_1,K14048
score_1,K15515
score_1,K20344
score_1,K07089
score_1,K13653
score_1,K21579
score_1,K07337
score_1,K22522
score_1,K17319
score_1,K02039
score_1,K16881
score_1,K20345
score_1,K06997
score_1,K15924
score_1,K15922
score_1,K19134
score_1,K01925
score_1,K07306
score_1,K02434
score_1,K09764
score_1,K00254
score_1,K01903
score_1,K00113
score_1,K21400
score_1,K00560
score_1,K01261
score_1,K16907
score_1,K02197
score_1,K07460
score_1,K01939
score_1,K02055
score_1,K03503
score_1,K03803
score_1,K01972
score_1,K21416
score_1,K11104
score_1,K07319
score_1,K22129
score_1,K18427
score_1,K21571
score_1,K04047
score_1,K00364
score_1,K10556
score_1,K13542
score_1,K07025
score_1,K01902
score_1,K17320
score_1,K07341
score_1,K19114
score_1,K19286
score_1,K09014
score_1,K10559
score_1,K03969
score_1,K00459
score_1,K19505
score_1,K01226
score_1,K06926
score_1,K01473
score_1,K03665
score_1,K23535
score_1,K13012
score_1,K12059
score_1,K01735
score_1,K19171
score_1,K03975
score_1,K18231
score_1,K01835
score_1,K02933
score_1,K03781
score_1,K14652
score_1,K01779
score_1,K09812
score_1,K08299
score_1,K05808
score_1,K07132
score_1,K08282
score_1,K00819
score_1,K07455
score_1,K00661
score_1,K01151
score_1,K01817
score_1,K01547
score_1,K21147
score_1,K19242
score_1,K16784
score_1,K15871
score_1,K07005
score_1,K07704
score_1,K01281
score_1,K07474
score_1,K06950
score_1,K13075
score_1,K00768
score_1,K09131
score_1,K23148
score_1,K08094
score_1,K01883
score_1,K03190
score_1,K07505
score_1,K13921
score_1,K23546
score_1,K01695
score_1,K12293
score_1,K14188
score_1,K15582
score_1,K05851
score_1,K02793
score_1,K08364
score_1,K00886
score_1,K00287
score_1,K13671
score_1,K02526
score_1,K01886
score_1,K01623
score_1,K01890
score_1,K02040
score_1,K02226
score_1,K16328
score_1,K11529
score_1,K16874
score_1,K03187
score_1,K18910
score_1,K00712
score_1,K19092
score_1,K01665
score_1,K15460
score_1,K15977
score_1,K22227
score_1,K21063
score_1,K19421
score_1,K06879
score_1,K00171
score_1,K00371
score_1,K09118
score_1,K18332
score_1,K06199
score_1,K21759
score_1,K09861
score_1,K03769
score_1,K03230
score_1,K07192
score_1,K17828
score_1,K01479
score_1,K01198
score_1,K03664
score_1,K19118
score_1,K21583
score_1,K01715
score_1,K02009
score_1,K10120
score_1,K03565
score_1,K02852
score_1,K01646
score_1,K03116
score_1,K02372
score_1,K03601
score_1,K02768
score_1,K01934
score_1,K00809
score_1,K01056
score_1,K16147
score_1,K18330
score_1,K00831
score_1,K23004
score_1,K18346
score_1,K02395
score_1,K15669
score_1,K00112
score_1,K07659
score_1,K06956
score_1,K05795
score_1,K01750
score_1,K03522
score_1,K09940
score_1,K00826
score_1,K02121
score_1,K13019
score_1,K03605
score_1,K10231
score_1,K00372
score_1,K03800
score_1,K17103
score_1,K02906
score_1,K01501
score_1,K00526
score_1,K01760
score_1,K17837
score_1,K02424
score_1,K03072
score_1,K01546
score_1,K02454
score_1,K02557
score_1,K17465
score_1,K00150
score_1,K22300
score_1,K16906
score_1,K07443
score_1,K22431
score_1,K06020
score_1,K21577
score_1,K11041
score_1,K10979
score_1,K03748
score_1,K18221
score_1,K02548
score_1,K15599
score_1,K01507
score_1,K09961
score_1,K00598
score_1,K02011
score_1,K07173
score_1,K16149
score_1,K19424
score_1,K23059
score_1,K09705
score_1,K19158
score_1,K18302
score_1,K13919
score_1,K01173
score_1,K19048
score_1,K17818
score_1,K18955
score_1,K19115
score_1,K02188
score_1,K02340
score_1,K16905
score_1,K11203
score_1,K13931
score_1,K09793
score_1,K02337
score_1,K01523
score_1,K01611
score_1,K14665
score_1,K03074
score_1,K03828
score_1,K14155
score_1,K07485
score_1,K03727
score_1,K01932
score_1,K03596
score_1,K01997
score_1,K04940
score_1,K07571
score_1,K09989
score_1,K11175
score_1,K01739
score_1,K07746
score_1,K00433
score_1,K18926
score_1,K21672
score_1,K22319
score_1,K03742
score_1,K03667
score_1,K20866
score_1,K07246
score_1,K00325
score_1,K01818
score_1,K00632
score_1,K02342
score_1,K01653
score_1,K11145
score_1,K00688
score_1,K22293
score_1,K03589
score_1,K01034
score_1,K01586
score_1,K10709
score_1,K02552
score_1,K03709
score_1,K11202
score_1,K06928
score_1,K03325
score_1,K00848
score_1,K07657
score_1,K00156
score_1,K08978
score_1,K03219
score_1,K01989
score_1,K01597
score_1,K19334
score_1,K10005
score_1,K01952
score_1,K20444
score_1,K14983
score_1,K02245
score_1,K19117
score_1,K18216
score_1,K01208
score_1,K20534
score_1,K07084
score_1,K15870
score_1,K05346
score_1,K17865
score_1,K00054
score_1,K19049
score_1,K05524
score_1,K22933
score_1,K01361
score_1,K21898
score_1,K00053
score_1,K06218
score_1,K22927
score_1,K01761
score_1,K17243
score_1,K01703
score_1,K01480
score_1,K03073
score_1,K13628
score_1,K01609
score_1,K02499
score_1,K02112
score_1,K21064
score_1,K00641
score_1,K17466
score_1,K17686
score_1,K14083
score_1,K02839
score_1,K23123
score_1,K21279
score_1,K20489
score_1,K00012
score_1,K10008
score_1,K02106
score_1,K21055
score_1,K11312
score_1,K19355
score_1,K08981
score_1,K22130
score_1,K08302
score_1,K05367
score_1,K02408
score_1,K15725
score_1,K14623
score_1,K07075
score_1,K01893
score_1,K02834
score_1,K07053
score_1,K02054
score_1,K03043
score_1,K03519
score_1,K02994
score_1,K17076
score_1,K02072
score_1,K01771
score_1,K10561
score_1,K03366
score_1,K20038
score_1,K05770
score_1,K01892
score_1,K02614
score_1,K11261
score_1,K01081
score_1,K06996
score_1,K00100
score_1,K02401
score_1,K01729
score_1,K07029
score_1,K05946
score_1,K02379
score_1,K07798
score_1,K02338
score_1,K17108
score_1,K02939
score_1,K03337
score_1,K23508
score_1,K03215
score_1,K01305
score_1,K02747
score_1,K00561
score_1,K13281
score_1,K21828
score_1,K00939
score_1,K06281
score_1,K19147
score_1,K01706
score_1,K00342
score_1,K02233
score_1,K19302
score_1,K02746
score_1,K01666
score_1,K05838
score_1,K07638
score_1,K00991
score_1,K07101
score_1,K02404
score_1,K08986
score_1,K01698
score_1,K04567
score_1,K01998
score_1,K00836
score_1,K16926
score_1,K19701
score_1,K02236
score_1,K21405
score_1,K06282
score_1,K20452
score_1,K02052
score_1,K22226
score_1,K04518
score_1,K01139
score_1,K02006
score_1,K01971
score_1,K01814
score_1,K13829
score_1,K07078
score_1,K00123
score_1,K03481
score_1,K01153
score_1,K20487
score_1,K02020
score_1,K03101
score_1,K18785
score_1,K21030
score_1,K09137
score_1,K15531
score_1,K01641
score_1,K06203
score_1,K06333
score_1,K00869
score_1,K02082
score_1,K01751
score_1,K02589
score_1,K02961
score_1,K02473
score_1,K21636
score_1,K04069
score_1,K00549
score_1,K07082
score_1,K01640
score_1,K00874
score_1,K00962
score_1,K02414
score_1,K02358
score_1,K03088
score_1,K06999
score_1,K05351
score_1,K02825
score_1,K09807
score_1,K00261
score_1,K17467
score_1,K16698
score_1,K14170
score_1,K02044
score_1,K11991
score_1,K21473
score_1,K07506
score_1,K01658
score_1,K11924
score_1,K16963
score_1,K07768
score_1,K13922
score_1,K16371
score_1,K01493
score_1,K18471
score_1,K18013
score_1,K16169
score_1,K12206
score_1,K14988
score_1,K02794
score_1,K00275
score_1,K00798
score_1,K03429
score_1,K13818
score_1,K05810
score_1,K03925
score_1,K06211
score_1,K02343
score_1,K03569
score_1,K01756
score_1,K06908
score_1,K02836
score_1,K01889
score_1,K02034
score_1,K04077
score_1,K19002
score_1,K03098
score_1,K01770
score_1,K03641
score_1,K12998
score_1,K03424
score_1,K12292
score_1,K01150
score_1,K05569
score_1,K10530
score_1,K03048
score_1,K04767
score_1,K22579
score_1,K02786
score_1,K06881
score_1,K05772
score_1,K02029
score_1,K02492
score_1,K09761
score_1,K03060
score_1,K05791
score_1,K02455
score_1,K23303
score_1,K01573
score_1,K02304
score_1,K02837
score_1,K01846
score_1,K16898
score_1,K12058
score_1,K19116
score_1,K05825
score_1,K07722
score_1,K12506
score_1,K04061
score_1,K16788
score_1,K07014
score_1,K23149
score_1,K01006
score_1,K17363
score_1,K00663
score_1,K15533
score_1,K20976
score_1,K01869
score_1,K20073
score_1,K18831
score_1,K02190
score_1,K18887
score_1,K22230
score_1,K13927
score_1,K01962
score_1,K00209
score_1,K16213
score_1,K07257
score_1,K12066
score_1,K02874
score_1,K00691
score_1,K03708
score_1,K02053
score_1,K11753
score_1,K01251
score_1,K01358
score_1,K17992
score_1,K15724
score_1,K02274
score_1,K07071
score_1,K03226
score_1,K03179
score_1,K16785
score_1,K02111
score_1,K01730
score_1,K06975
score_1,K18986
score_1,K07445
score_1,K12141
score_1,K12270
score_1,K00031
score_1,K10558
score_1,K21011
score_1,K02990
score_1,K19166
score_1,K07307
score_1,K08969
score_1,K21065
score_1,K13668
score_1,K01092
score_1,K02500
score_1,K09967
score_1,K12556
score_1,K02619
score_1,K02389
score_1,K19126
score_1,K18220
score_1,K01210
score_1,K03976
score_1,K08972
score_1,K09009
score_1,K02409
score_1,K19140
score_1,K01857
score_1,K01420
score_1,K04720
score_1,K12555
score_1,K23003
score_1,K06894
score_1,K15342
score_1,K01845
score_1,K20511
score_1,K04031
score_1,K00355
score_1,K22213
score_1,K03492
score_1,K17898
score_1,K11533
score_1,K02068
score_1,K02563
score_1,K03820
score_1,K18217
score_1,K02017
score_1,K17910
score_1,K01476
score_1,K01499
score_1,K07308
score_1,K09923
score_1,K19997
score_1,K00048
score_1,K01091
score_1,K09935
score_1,K10914
score_1,K01990
score_1,K02988
score_1,K03699
score_1,K01214
score_1,K06223
score_1,K01154
score_1,K02433
score_1,K01843
score_1,K00313
score_1,K12990
score_1,K07056
score_1,K02050
score_1,K15633
score_1,K12339
score_1,K09789
score_1,K02745
score_1,K13953
score_1,K02585
score_1,K01905
score_1,K12213
score_1,K00969
score_1,K01548
score_1,K01879
score_1,K00239
score_1,K01035
score_1,K01295
score_1,K00758
score_1,K03646
score_1,K05989
score_1,K14415
score_1,K03719
score_1,K21471
score_1,K07776
score_1,K00806
score_1,K22468
score_1,K01610
score_1,K07484
score_1,K00073
score_1,K01872
score_1,K16850
score_1,K06320
score_1,K06897
score_1,K01195
score_1,K12297
score_1,K07217
score_1,K01216
score_1,K10007
score_1,K11646
score_1,K11534
score_1,K06962
score_1,K09820
score_1,K16950
score_1,K04772
score_1,K01647
score_1,K10548
score_1,K13015
score_1,K16214
score_1,K03272
score_1,K18856
score_1,K12268
score_1,K19294
score_1,K20112
score_1,K16209
score_1,K05349
score_1,K07343
score_1,K03188
score_1,K08311
score_1,K07214
score_1,K02911
score_1,K00170
score_1,K12685
score_1,K02564
score_1,K21394
score_1,K00926
score_1,K14088
score_1,K01807
score_1,K04028
score_1,K01247
score_1,K21140
score_1,K02086
score_1,K00824
score_1,K02863
score_1,K05342
score_1,K18206
score_1,K10716
score_1,K03271
score_1,K01218
score_1,K17624
score_1,K00936
score_1,K09696
score_1,K01821
score_1,K04751
score_1,K16264
score_1,K01338
score_1,K20480
score_1,K03521
score_1,K19310
score_1,K16238
score_1,K01941
score_1,K20885
score_1,K07451
score_1,K03734
score_1,K02238
score_1,K21345
score_1,K18234
score_1,K01804
score_1,K02302
score_1,K02523
score_1,K16435
score_1,K13327
score_1,K07051
score_1,K09988
score_1,K21012
score_1,K02907
score_1,K12995
score_1,K04562
score_1,K09703
score_1,K07800
score_1,K07054
score_1,K00613
score_1,K07278
score_1,K03736
score_1,K07074
score_1,K21613
score_1,K02843
score_1,K00950
score_1,K04019
score_1,K12209
score_1,K09819
score_1,K01633
score_1,K23107
score_1,K03584
score_1,K15727
score_1,K03977
score_1,K01478
score_1,K19068
score_1,K02590
score_1,K08717
score_1,K02435
score_1,K07316
score_1,K19285
score_1,K22477
score_1,K12203
score_1,K01488
score_1,K23163
score_1,K02067
score_1,K00184
score_1,K18214
score_1,K04090
score_1,K10778
score_1,K01322
score_1,K11004
score_1,K15772
score_1,K01687
score_1,K00656
score_1,K02078
score_1,K01945
score_1,K09803
score_1,K00880
score_1,K21472
score_1,K21132
score_1,K22994
score_1,K18139
score_1,K06182
score_1,K03490
score_1,K17810
score_1,K00927
score_1,K06907
score_1,K09949
score_1,K01621
score_1,K11031
score_1,K01354
score_1,K07315
score_1,K00773
score_1,K16091
score_1,K04761
score_1,K07270
score_1,K03531
score_1,K03735
score_1,K09770
score_1,K07118
score_1,K18930
score_1,K06191
score_1,K07458
score_1,K00390
score_1,K00720
score_1,K01991
score_1,K21900
score_1,K13652
score_1,K01126
score_1,K00362
score_1,K14086
score_1,K07735
score_1,K02586
score_1,K01933
score_1,K01191
score_1,K06217
score_1,K05589
score_1,K07069
score_1,K22396
score_1,K12217
score_1,K23301
score_1,K01179
score_1,K16786
score_1,K03606
score_1,K04013
score_1,K00045
score_1,K18334
score_1,K02477
score_1,K15771
score_1,K16052
score_1,K01868
score_1,K00658
score_1,K06891
score_1,K11928
score_1,K00803
score_1,K15726
score_1,K02077
score_1,K01466
score_1,K01937
score_1,K00338
score_1,K05566
score_1,K00759
score_1,K06201
score_1,K15554
score_1,K07165
score_1,K00957
score_1,K13694
score_1,K05794
score_1,K03106
score_1,K06990
score_1,K10036
score_1,K16650
score_1,K02042
score_1,K13277
score_1,K15915
score_1,K09136
score_1,K01838
score_1,K13611
score_1,K01060
score_1,K02193
score_1,K11329
score_1,K00655
score_1,K02761
score_1,K01457
score_1,K11707
score_1,K03724
score_1,K07239
score_1,K09684
score_1,K07404
score_1,K06402
score_1,K01679
score_1,K01873
score_1,K00197
score_1,K01589
score_1,K00341
score_1,K00145
score_1,K11751
score_1,K03552
score_1,K17234
score_1,K20903
score_1,K03186
score_1,K18474
score_1,K04044
score_1,K21936
score_1,K07112
score_1,K09007
score_1,K01185
score_1,K04095
score_1,K20450
score_1,K05780
score_1,K03411
score_1,K01768
score_1,K04075
score_1,K07712
score_1,K13525
score_1,K02493
score_1,K02012
score_1,K05567
score_1,K12960
score_1,K02501
score_1,K15553
score_1,K01777
score_1,K11072
score_1,K07457
score_1,K01929
score_1,K01551
score_1,K00077
score_1,K20626
score_1,K03273
score_1,K01069
score_1,K01039
score_1,K00441
score_1,K02569
score_1,K07098
score_1,K12214
score_1,K21814
score_1,K02400
score_1,K22116
score_1,K12138
score_1,K00657
score_1,K14414
score_1,K19172
score_1,K19789
score_1,K00370
score_1,K08168
score_1,K15898
score_1,K11710
score_1,K04764
score_1,K03470
score_1,K03446
score_1,K12065
score_1,K17213
score_1,K02019
score_1,K22430
score_1,K00694
score_1,K18122
score_1,K01114
score_1,K23541
score_1,K12992
score_1,K12137
score_1,K23170
score_1,K19427
score_1,K09969
score_1,K01193
score_1,K10907
score_1,K03772
score_1,K19139
score_1,K11181
score_1,K22232
score_1,K09167
score_1,K18349
score_1,K13788
score_1,K11709
score_1,K18475
score_1,K00135
score_1,K01950
score_1,K09144
score_1,K02051
score_1,K09001
score_1,K06941
score_1,K23169
score_1,K16925
score_1,K19883
score_1,K00373
score_1,K06166
score_1,K03756
score_1,K01581
score_1,K20484
score_1,K03704
score_1,K01058
score_1,K01728
score_1,K18350
score_1,K03182
score_1,K03090
score_1,K02688
score_1,K07357
score_1,K01625
score_1,K02533
score_1,K01812
score_1,K11785
score_1,K06221
score_1,K07813
score_1,K02224
score_1,K01809
score_1,K00042
score_1,K02397
score_1,K03409
score_1,K11606
score_1,K06929
score_1,K22349
score_1,K03830
score_1,K16885
score_1,K16235
score_1,K01938
score_1,K14091
score_1,K02045
score_1,K02784
score_1,K03638
score_1,K17236
score_1,K11615
score_1,K01737
score_1,K07491
score_1,K01429
score_1,K04783
score_1,K03390
score_1,K06859
score_1,K23352
score_1,K03412
score_1,K19170
score_1,K00041
score_1,K01266
score_1,K06606
score_1,K01147
score_1,K03562
score_1,K01649
score_1,K08161
score_1,K00010
score_1,K18303
score_1,K00094
score_1,K15520
score_1,K06395
score_1,K04749
score_1,K11690
score_1,K18120
score_1,K23077
score_1,K05363
score_1,K13288
score_1,K19710
score_1,K20509
score_1,K03497
score_1,K02056
score_1,K13929
score_1,K05916
score_1,K19169
score_1,K03604
score_1,K17218
score_1,K07127
score_1,K21681
score_1,K15125
score_1,K19273
score_1,K02283
score_1,K23356
score_1,K06408
score_1,K00164
score_1,K09964
score_1,K07275
score_1,K07729
score_1,K11065
score_1,K07654
score_1,K07106
score_1,K13990
score_1,K20341
score_1,K11051
score_1,K23537
score_1,K12140
score_1,K01823
score_1,K01626
score_1,K14090
score_1,K18014
score_1,K01176
score_1,K06334
score_1,K02010
score_1,K09477
score_1,K03642
score_1,K18205
score_1,K12111
score_1,K20862
score_1,K16153
score_1,K07250
score_1,K07219
score_1,K21619
score_1,K13963
score_1,K00065
score_1,K12503
score_1,K02282
score_1,K17073
score_1,K07080
score_1,K03572
score_1,K07741
score_1,K12218
score_1,K09011
score_1,K03732
score_1,K13819
score_1,K01685
score_1,K18479
score_1,K05337
score_1,K01803
score_1,K20265
score_1,K00978
score_1,K07272
score_1,K01011
score_1,K08297
score_1,K11214
score_1,K18545
score_1,K01866
score_1,K00625
score_1,K07979
score_1,K00640
score_1,K01926
score_1,K21344
score_1,K05568
score_1,K02230
score_1,K19119
score_1,K02047
score_1,K09697
score_1,K04566
score_1,K00344
score_1,K12528
score_1,K07739
score_1,K16922
score_1,K10681
score_1,K00619
score_1,K16961
score_1,K01816
score_1,K11050
score_1,K16846
score_1,K07126
score_1,K07037
score_1,K01738
score_1,K00002
score_1,K01613
score_1,K02119
score_1,K16923
score_1,K20257
score_1,K07666
score_1,K16212
score_1,K02664
score_1,K17074
score_1,K02028
score_1,K01436
score_1,K15583
score_1,K16087
score_1,K02291
score_1,K01783
score_1,K08319
score_1,K14982
score_1,K09825
score_1,K18814
score_1,K13280
score_1,K07507
score_1,K02444
score_1,K01628
score_1,K02313
score_1,K01854
score_1,K11180
score_1,K10107
score_1,K00009
score_1,K01284
score_1,K01999
score_1,K18828
score_1,K01449
score_1,K09979
score_1,K09791
score_1,K18118
score_1,K01485
score_1,K09931
score_1,K20488
score_1,K03926
score_1,K02415
score_1,K01561
score_1,K09692
score_1,K03399
score_1,K01849
score_1,K11738
score_1,K03077
score_1,K18890
score_1,K01780
score_1,K01629
score_1,K12072
score_1,K01262
score_1,K07032
score_1,K18285
score_1,K07006
score_1,K01993
score_1,K06205
score_1,K02591
score_1,K09689
score_1,K04014
score_1,K01958
score_1,K09155
score_1,K03738
score_1,K00111
score_1,K05306
score_1,K07787
score_1,K00547
score_1,K01579
score_1,K03564
score_1,K09138
score_1,K23573
score_1,K04750
score_1,K11749
score_1,K07148
score_1,K05396
score_1,K16203
score_1,K00346
score_1,K06909
score_1,K09702
score_1,K03666
score_1,K07719
score_1,K02041
score_1,K04784
score_1,K01839
score_1,K00102
score_1,K20974
score_1,K00603
score_1,K00437
score_1,K17215
score_1,K00046
score_1,K21947
score_1,K01813
score_1,K02075
score_1,K03299
score_1,K04561
score_1,K19956
score_1,K03760
score_1,K08153
score_1,K13587
score_1,K07442
score_1,K06331
score_1,K01439
score_1,K02426
score_1,K02025
score_1,K03405
score_1,K03582
score_1,K00931
score_1,K02574
score_1,K00986
score_1,K10823
score_1,K02554
score_1,K01921
score_1,K13643
score_1,K05801
score_1,K02168
score_1,K11755
score_1,K07406
score_1,K03437
score_1,K02018
score_1,K02182
score_1,K11743
score_1,K17734
score_1,K05352
score_1,K22212
score_1,K01428
score_1,K20814
score_1,K07031
score_1,K01474
score_1,K15580
score_1,K15770
score_1,K06446
score_1,K10819
score_1,K01520
score_1,K02935
score_1,K02420
score_1,K00981
score_1,K00057
score_1,K05366
score_1,K02171
score_1,K19167
score_1,K05988
score_1,K02110
score_1,K22132
score_1,K00604
score_1,K02970
score_1,K19165
score_1,K02440
score_1,K02242
score_1,K01182
score_1,K22723
score_1,K11708
score_1,K13599
score_1,K22044
score_1,K00281
score_1,K02443
score_1,K12240
score_1,K15738
score_1,K02916
score_1,K06608
score_1,K08159
score_1,K21573
score_1,K06610
score_1,K05811
score_1,K17733
score_1,K02483
score_1,K18918
score_1,K09139
score_1,K01224
score_1,K01008
score_1,K11381
score_1,K10547
score_1,K02520
score_1,K03547
score_1,K10012
score_1,K01181
score_1,K01668
score_1,K21467
score_1,K12982
score_1,K06001
score_1,K23398
score_1,K00633
score_1,K03224
score_1,K22373
score_1,K00970
score_1,K05873
score_1,K02968
score_1,K01575
score_1,K00854
score_1,K23259
score_1,K20492
score_1,K16139
score_1,K15975
score_1,K00381
score_1,K02594
score_1,K15581
score_1,K00571
score_1,K05816
score_1,K02390
score_1,K06181
score_1,K04045
score_1,K01758
score_1,K18816
score_1,K02133
score_1,K07309
score_1,K02946
score_1,K06915
score_1,K07321
score_1,K01677
score_1,K03826
score_1,K02525
score_1,K13584
score_1,K00983
score_1,K11071
score_1,K16924
score_1,K14761
score_1,K01834
score_1,K02243
score_1,K10037
score_1,K10682
score_1,K03972
score_1,K00954
score_1,K01308
score_1,K01451
score_1,K01736
score_1,K19508
score_1,K12296
score_1,K01995
score_1,K01265
score_1,K12511
score_1,K03227
score_1,K07705
score_1,K00800
score_1,K21563
score_1,K19309
score_1,K14153
score_1,K02015
score_1,K02005
score_1,K02838
score_1,K19159
score_1,K15773
score_1,K09951
score_1,K00283
score_1,K01270
score_1,K06952
score_1,K19123
score_1,K01657
score_1,K11070
score_1,K00928
score_1,K20342
score_1,K18704
score_1,K20415
score_1,K10213
score_1,K01089
score_1,K21749
score_1,K18893
score_1,K02237
score_1,K20491
score_1,K02004
score_1,K05822
score_1,K06942
score_1,K14205
score_1,K02986
score_1,K08680
score_1,K01915
score_1,K03147
score_1,K16959
score_1,K01727
score_1,K19509
score_1,K17899
score_1,K03799
score_1,K11720
score_1,K18672
score_1,K12295
score_1,K00853
score_1,K22958
score_1,K02598
score_1,K07717
score_1,K02026
score_1,K03652
score_1,K02777
score_1,K14540
score_1,K02073
score_1,K19091
score_1,K06206
score_1,K01486
score_1,K19954
score_1,K04029
score_1,K03624
score_1,K11527
score_1,K06163
score_1,K10697
score_1,K02411
score_1,K02203
score_1,K15974
score_1,K21399
score_1,K07727
score_1,K01580
score_1,K03612
score_1,K00564
score_1,K01235
score_1,K14977
score_1,K12940
score_1,K21903
score_1,K07670
score_1,K03394
score_1,K15876
score_1,K02864
score_1,K18692
score_1,K01953
score_1,K02003
score_1,K02867
score_1,K07318
score_1,K01161
score_1,K01142
score_1,K07004
score_1,K12942
score_1,K19271
score_1,K08151
score_1,K01788
score_1,K04096
score_1,K03706
score_1,K06895
score_1,K12554
score_1,K16960
score_1,K02396
score_1,K13252
score_1,K14058
score_1,K01754
score_1,K17235
score_1,K17331
score_1,K00245
score_1,K06878
score_1,K16014
score_1,K03095
score_1,K02488
score_1,K18675
score_1,K13920
score_1,K03930
score_1,K18829
score_1,K15555
score_1,K19005
score_1,K12999
score_1,K01448
score_1,K07224
score_1,K11614
score_1,K09471
score_1,K01699
score_1,K01778
score_1,K01697
score_1,K06384
score_1,K02663
score_1,K01644
score_1,K11782
score_1,K02437
score_1,K03293
score_1,K02117
score_1,K02109
score_1,K21498
score_1,K13040
score_1,K08167
score_1,K08314
score_1,K02926
score_1,K15584
score_1,K01914
score_1,K06877
score_1,K16148
score_1,K12452
score_1,K11144
score_1,K19955
score_1,K03651
score_1,K07393
score_1,K12660
score_1,K03313
score_1,K01194
score_1,K22457
score_1,K01246
score_1,K01297
score_1,K02240
score_1,K00851
score_1,K01227
score_1,K13038
score_1,K05685
score_1,K07133
score_1,K00858
score_1,K01710
score_1,K01654
score_1,K09117
score_1,K02074
score_1,K11617
score_1,K04565
score_1,K22606
score_1,K12997
score_1,K19429
score_1,K02428
score_1,K17836
score_1,K15586
score_1,K13571
score_1,K01858
score_1,K16301
score_1,K02348
score_1,K15778
score_1,K11068
score_1,K02000
score_1,K19125
score_1,K03274
score_1,K01709
score_1,K01916
score_1,K02120
score_1,K08281
score_1,K00784
score_1,K12661
score_1,K13640
score_1,K12733
score_1,K17947
score_1,K01104
score_1,K00772
score_1,K01273
score_1,K01755
score_1,K02035
score_1,K13787
score_1,K10986
score_1,K02601
score_1,K23518
score_1,K02232
score_1,K03932
score_1,K02103
score_1,K02902
score_1,K06904
score_1,K11537
score_1,K13932
score_1,K00330
score_1,K02652
score_1,K03471
score_1,K02666
score_1,K08372
score_1,K19803
score_1,K04516
score_1,K16651
score_1,K14445
score_1,K06193
score_1,K23270
score_1,K11934
score_1,K18348
score_1,K19168
score_1,K19124
score_1,K01815
score_1,K02124
score_1,K03834
score_1,K02049
score_1,K00030
score_1,K15921
score_1,K23257
score_1,K14379
score_1,K01844
score_1,K01355
score_1,K00198
score_1,K08999
score_1,K03473
score_1,K00681
score_1,K18345
score_1,K09973
score_1,K02099
score_1,K01590
score_1,K07017
score_1,K01791
score_1,K01026
score_1,K03444
score_1,K02815
score_1,K03544
score_1,K06284
score_1,K18197
score_1,K03196
score_1,K22432
score_1,K00697
score_1,K21556
score_1,K02528
score_1,K20037
score_1,K04026
score_1,K01841
score_1,K03558
score_1,K23182
score_1,K15899
score_1,K21557
score_1,K03534
score_1,K15524
score_1,K18891
score_1,K11927
score_1,K02687
score_1,K01678
score_1,K02316
score_1,K00647
score_1,K22906
score_1,K01304
score_1,K01599
score_1,K12373
score_1,K01885
score_1,K18012
score_1,K13049
score_1,K03367
score_1,K02824
score_1,K15855
score_1,K21567
score_1,K17241
score_1,K07304
score_1,K06391
score_1,K01612
score_1,K17246
score_1,K01635
score_1,K17245
score_1,K22441
score_1,K03833
score_1,K11102
score_1,K11618
score_1,K02118
score_1,K12410
score_1,K18830
score_1,K01201
score_1,K00158
score_1,K03752
score_1,K00616
score_1,K22901
score_1,K01652
score_1,K03813
score_1,K02058
score_1,K11784
score_1,K01784
score_1,K17758
score_1,K05823
score_1,K02453
score_1,K11921
score_1,K19090
score_1,K06872
score_1,K03297
score_1,K03476
score_1,K10563
score_1,K10985
score_1,K03191
score_1,K10441
score_1,K17242
score_1,K00130
score_1,K19422
score_1,K08309
score_1,K22900
score_1,K17735
score_1,K02858
score_1,K21395
score_1,K02992
score_1,K01232
score_1,K13497
score_1,K19972
score_1,K17759
score_1,K01802
score_1,K14731
score_1,K05846
score_1,K02108
score_1,K01708
score_1,K00997
score_1,K15527
score_1,K22103
score_1,K04076
score_1,K02413
score_1,K01711
score_1,K02014
score_1,K03491
score_1,K02416
score_1,K04844
score_1,K15023
score_1,K01880
score_1,K21572
score_1,K03276
score_1,K10710
score_1,K07266
score_1,K00558
score_1,K07016
score_1,K00709
score_1,K14654
score_1,K02217
score_1,K06117
score_1,K02172
score_1,K20859
score_1,K03578
score_1,K10974
score_1,K07139
score_1,K04092
score_1,K03818
score_1,K01286
score_1,K16957
score_1,K03289
score_1,K00817
score_1,K12541
score_1,K02346
score_1,K07243
score_1,K01734
score_1,K12527
score_1,K09809
score_1,K02032
score_1,K03628
score_1,K11206
score_1,K02248
score_1,K19046
score_1,K07483
score_1,K10805
score_1,K22902
score_1,K09922
score_1,K00973
score_1,K06920
score_1,K03517
score_1,K07313
score_1,K00324
score_1,K01759
score_1,K12251
score_1,K23245
score_1,K06297
score_1,K00174
score_1,K02115
score_1,K01919
score_1,K18707
score_1,K00230
score_1,K07649
score_1,K01077
score_1,K07668
score_1,K21961
score_1,K04062
score_1,K23231
score_1,K17195
score_1,K03711
score_1,K01746
score_1,K19689
score_1,K18008
score_1,K02246
score_1,K15371
score_1,K00128
score_1,K01630
score_1,K03722
score_1,K02841
score_1,K10678
score_1,K13891
score_1,K18011
score_1,K01531
score_1,K21750
score_1,K02427
score_1,K20904
score_1,K07115
score_1,K05593
score_1,K00134
score_1,K22699
score_1,K18237
score_1,K01534
score_1,K00091
score_1,K07221
score_1,K21993
score_1,K01661
score_1,K01674
score_1,K17723
score_1,K19299
score_1,K05796
score_1,K12267
score_1,K01252
score_1,K02573
score_1,K00194
score_1,K07130
score_1,K02195
score_1,K13735
score_1,K10939
score_1,K02550
score_1,K09972
score_1,K06906
score_1,K01042
score_1,K14194
score_1,K01643
score_1,K01996
score_1,K01494
score_1,K01733
score_1,K01881
score_1,K22604
score_1,K01496
score_1,K00662
score_1,K01874
score_1,K07673
score_1,K11216
score_1,K00350
score_1,K04041
score_1,K14261
score_1,K00412
score_1,K00533
score_1,K02081
score_1,K06603
score_1,K12064
score_1,K00014
score_1,K00124
score_1,K00133
score_1,K00183
score_1,K00196
score_1,K00231
score_1,K00246
score_1,K00286
score_1,K00332
score_1,K00339
score_1,K00395
score_1,K00428
score_1,K00457
score_1,K00556
score_1,K00600
score_1,K00602
score_1,K00674
score_1,K00684
score_1,K00783
score_1,K00788
score_1,K00821
score_1,K00823
score_1,K00832
score_1,K00840
score_1,K00845
score_1,K00864
score_1,K00865
score_1,K00873
score_1,K00883
score_1,K00925
score_1,K00949
score_1,K00982
score_1,K00990
score_1,K00995
score_1,K01002
score_1,K01007
score_1,K01012
score_1,K01048
score_1,K01066
score_1,K01070
score_1,K01071
score_1,K01085
score_1,K01095
score_1,K01118
score_1,K01155
score_1,K01160
score_1,K01174
score_1,K01183
score_1,K01186
score_1,K01187
score_1,K01192
score_1,K01197
score_1,K01205
score_1,K01209
score_1,K01215
score_1,K01267
score_1,K01271
score_1,K01372
score_1,K01414
score_1,K01419
score_1,K01425
score_1,K01426
score_1,K01462
score_1,K01464
score_1,K01465
score_1,K01470
score_1,K01482
score_1,K01487
score_1,K01489
score_1,K01497
score_1,K01512
score_1,K01525
score_1,K01577
score_1,K01584
score_1,K01591
score_1,K01601
score_1,K01604
score_1,K01615
score_1,K01662
score_1,K01664
score_1,K01667
score_1,K01673
score_1,K01689
score_1,K01693
score_1,K01696
score_1,K01713
score_1,K01719
score_1,K01744
score_1,K01749
score_1,K01753
score_1,K01772
score_1,K01776
score_1,K01785
score_1,K01792
score_1,K01805
score_1,K01810
score_1,K01811
score_1,K01840
score_1,K01848
score_1,K01867
score_1,K01876
score_1,K01878
score_1,K01887
score_1,K01894
score_1,K01906
score_1,K01911
score_1,K01923
score_1,K01928
score_1,K01935
score_1,K01955
score_1,K01956
score_1,K02007
score_1,K02031
score_1,K02046
score_1,K02080
score_1,K02107
score_1,K02123
score_1,K02169
score_1,K02191
score_1,K02194
score_1,K02198
score_1,K02200
score_1,K02221
score_1,K02227
score_1,K02231
score_1,K02278
score_1,K02279
score_1,K02315
score_1,K02334
score_1,K02356
score_1,K02357
score_1,K02371
score_1,K02377
score_1,K02386
score_1,K02387
score_1,K02394
score_1,K02398
score_1,K02405
score_1,K02406
score_1,K02407
score_1,K02410
score_1,K02412
score_1,K02419
score_1,K02421
score_1,K02422
score_1,K02456
score_1,K02469
score_1,K02470
score_1,K02471
score_1,K02472
score_1,K02481
score_1,K02509
score_1,K02529
score_1,K02532
score_1,K02535
score_1,K02549
score_1,K02556
score_1,K02558
score_1,K02566
score_1,K02567
score_1,K02588
score_1,K02626
score_1,K02653
score_1,K02654
score_1,K02655
score_1,K02669
score_1,K02689
score_1,K02706
score_1,K02760
score_1,K02795
score_1,K02798
score_1,K02806
score_1,K02835
score_1,K02846
score_1,K02860
score_1,K02876
score_1,K02878
score_1,K02884
score_1,K02886
score_1,K02887
score_1,K02899
score_1,K02909
score_1,K02931
score_1,K02956
score_1,K02963
score_1,K02965
score_1,K02982
score_1,K03046
score_1,K03070
score_1,K03086
score_1,K03110
score_1,K03113
score_1,K03148
score_1,K03218
score_1,K03294
score_1,K03306
score_1,K03311
score_1,K03326
score_1,K03327
score_1,K03335
score_1,K03336
score_1,K03385
score_1,K03413
score_1,K03414
score_1,K03487
score_1,K03524
score_1,K03535
score_1,K03546
score_1,K03549
score_1,K03553
score_1,K03560
score_1,K03579
score_1,K03592
score_1,K03599
score_1,K03620
score_1,K03643
score_1,K03647
score_1,K03656
score_1,K03672
score_1,K03687
score_1,K03695
score_1,K03698
score_1,K03701
score_1,K03737
score_1,K03743
score_1,K03744
score_1,K03757
score_1,K03762
score_1,K03767
score_1,K03777
score_1,K03790
score_1,K03817
score_1,K03928
score_1,K03929
score_1,K04043
score_1,K04335
score_1,K04568
score_1,K04652
score_1,K04744
score_1,K05303
score_1,K05499
score_1,K05570
score_1,K05592
score_1,K05773
score_1,K05789
score_1,K05800
score_1,K05805
score_1,K05845
score_1,K05876
score_1,K05939
score_1,K05964
score_1,K05970
score_1,K06019
score_1,K06045
score_1,K06077
score_1,K06113
score_1,K06145
score_1,K06151
score_1,K06155
score_1,K06167
score_1,K06180
score_1,K06188
score_1,K06189
score_1,K06207
score_1,K06209
score_1,K06287
score_1,K06400
score_1,K06518
score_1,K06889
score_1,K06903
score_1,K06925
score_1,K06949
score_1,K06978
score_1,K06989
score_1,K06994
score_1,K07023
score_1,K07027
score_1,K07043
score_1,K07052
score_1,K07079
score_1,K07096
score_1,K07102
score_1,K07109
score_1,K07146
score_1,K07248
score_1,K07264
score_1,K07323
score_1,K07407
score_1,K07462
score_1,K07467
score_1,K07493
score_1,K07495
score_1,K07503
score_1,K07559
score_1,K07560
score_1,K07675
score_1,K07755
score_1,K07783
score_1,K07784
score_1,K08219
score_1,K08296
score_1,K08305
score_1,K08484
score_1,K08602
score_1,K08641
score_1,K08724
score_1,K08998
score_1,K09013
score_1,K09251
score_1,K09474
score_1,K09516
score_1,K09748
score_1,K09765
score_1,K09767
score_1,K09773
score_1,K09798
score_1,K09800
score_1,K09815
score_1,K09891
score_1,K09903
score_1,K09925
score_1,K09952
score_1,K09970
score_1,K09971
score_1,K10004
score_1,K10011
score_1,K10038
score_1,K10110
score_1,K10206
score_1,K10439
score_1,K10742
score_1,K10797
score_1,K10830
score_1,K10947
score_1,K11105
score_1,K11249
score_1,K11263
score_1,K11358
score_1,K11472
score_1,K11473
score_1,K11474
score_1,K11604
score_1,K11645
score_1,K11754
score_1,K11931
score_1,K11935
score_1,K11940
score_1,K12056
score_1,K12060
score_1,K12061
score_1,K12063
score_1,K12139
score_1,K12257
score_1,K12269
score_1,K12343
score_1,K12500
score_1,K12510
score_1,K12678
score_1,K12700
score_1,K12974
score_1,K12985
score_1,K12996
score_1,K13018
score_1,K13052
score_1,K13059
score_1,K13378
score_1,K13409
score_1,K13527
score_1,K13529
score_1,K13573
score_1,K13626
score_1,K13677
score_1,K13892
score_1,K13893
score_1,K13894
score_1,K13954
score_1,K13979
score_1,K14192
score_1,K14260
score_1,K14274
score_1,K14392
score_1,K14534
score_1,K14651
score_1,K15024
score_1,K15051
score_1,K15268
score_1,K15396
score_1,K15534
score_1,K15539
score_1,K15550
score_1,K15600
score_1,K15634
score_1,K15834
score_1,K15868
score_1,K15923
score_1,K15986
score_1,K15987
score_1,K16211
score_1,K16299
score_1,K16329
score_1,K16345
score_1,K16509
score_1,K16511
score_1,K16787
score_1,K16868
score_1,K16962
score_1,K17675
score_1,K17680
score_1,K18095
score_1,K18104
score_1,K18148
score_1,K18244
score_1,K18320
score_1,K18369
score_1,K18430
score_1,K18581
score_1,K18682
score_1,K18702
score_1,K18817
score_1,K18907
score_1,K19055
score_1,K19075
score_1,K19228
score_1,K19231
score_1,K19268
score_1,K19337
score_1,K19354
score_1,K19419
score_1,K19504
score_1,K19507
score_1,K19510
score_1,K19577
score_1,K20113
score_1,K20143
score_1,K20459
score_1,K20460
score_1,K20938
score_1,K21397
score_1,K21449
score_1,K21463
score_1,K21464
score_1,K21469
score_1,K21470
score_1,K21739
score_1,K21746
score_1,K21974
score_1,K21977
score_1,K21990
score_1,K22014
score_1,K22105
score_1,K22111
score_1,K22131
score_1,K22306
score_1,K22339
score_1,K22397
score_1,K23005
score_1,K23078
score_1,K23183
score_1,K23241
score_1,K23265
score_2,K17398
score_2,K23547
score_2,K01607
score_2,K09469
score_2,K10241
score_2,K02744
score_2,K21948
score_2,K22424
score_2,K02510
score_2,K21417
score_2,K16248
score_2,K01725
score_2,K16951
score_2,K03650
score_2,K09924
score_2,K23393
score_2,K21578
score_2,K01524
score_2,K22605
score_2,K00567
score_2,K05979
score_2,K09760
score_2,K01040
score_2,K11741
score_2,K07552
score_2,K13016
score_2,K21023
score_2,K18344
score_2,K22607
score_2,K03602
score_2,K22405
score_2,K19545
score_2,K08722
score_2,K03324
score_2,K18979
score_2,K09859
score_2,K02517
score_2,K18866
score_2,K06120
score_2,K01560
score_2,K01910
score_2,K04835
score_2,K11733
score_2,K23189
score_2,K07149
score_2,K18119
score_2,K02474
score_2,K17716
score_2,K17204
score_2,K00863
score_2,K01430
score_2,K19428
score_2,K20276
score_2,K01046
score_2,K21576
score_2,K18331
score_2,K18889
score_2,K06153
score_2,K23351
score_2,K03087
score_2,K03111
score_2,K10560
score_2,K17318
score_2,K23536
score_2,K10708
score_2,K08963
score_2,K19540
score_2,K19405
score_2,K06013
score_2,K02531
score_2,K03841
score_2,K15552
score_2,K22736
score_2,K06015
score_2,K01299
score_2,K14048
score_2,K15515
score_2,K20344
score_2,K07089
score_2,K13653
score_2,K21579
score_2,K07337
score_2,K22522
score_2,K17319
score_2,K02039
score_2,K16881
score_2,K20345
score_2,K06997
score_2,K15924
score_2,K15922
score_2,K19134
score_2,K01925
score_2,K07306
score_2,K02434
score_2,K09764
score_2,K00254
score_2,K01903
score_2,K00113
score_2,K21400
score_2,K00560
score_2,K01261
score_2,K16907
score_2,K02197
score_2,K07460
score_2,K01939
score_2,K02055
score_2,K03503
score_2,K03803
score_2,K01972
score_2,K21416
score_2,K11104
score_2,K07319
score_2,K22129
score_2,K18427
score_2,K21571
score_2,K04047
score_2,K00364
score_2,K10556
score_2,K13542
score_2,K07025
score_2,K01902
score_2,K17320
score_2,K07341
score_2,K19114
score_2,K19286
score_2,K09014
score_2,K10559
score_2,K03969
score_2,K00459
score_2,K19505
score_2,K01226
score_2,K06926
score_2,K01473
score_2,K03665
score_2,K23535
score_2,K13012
score_2,K12059
score_2,K01735
score_2,K19171
score_2,K03975
score_2,K18231
score_2,K01835
score_2,K02933
score_2,K03781
score_2,K14652
score_2,K01779
score_2,K09812
score_2,K08299
score_2,K05808
score_2,K07132
score_2,K08282
score_2,K00819
score_2,K07455
score_2,K00661
score_2,K01151
score_2,K01817
score_2,K01547
score_2,K21147
score_2,K19242
score_2,K16784
score_2,K15871
score_2,K07005
score_2,K07704
score_2,K01281
score_2,K07474
score_2,K06950
score_2,K13075
score_2,K00768
score_2,K09131
score_2,K23148
score_2,K08094
score_2,K01883
score_2,K03190
score_2,K07505
score_2,K13921
score_2,K23546
score_2,K01695
score_2,K12293
score_2,K14188
score_2,K15582
score_2,K05851
score_2,K02793
score_2,K08364
score_2,K00886
score_2,K00287
score_2,K13671
score_2,K02526
score_2,K01886
score_2,K01623
score_2,K01890
score_2,K02040
score_2,K02226
score_2,K16328
score_2,K11529
score_2,K16874
score_2,K03187
score_2,K18910
score_2,K00712
score_2,K19092
score_2,K01665
score_2,K15460
score_2,K15977
score_2,K22227
score_2,K21063
score_2,K19421
score_2,K06879
score_2,K00171
score_2,K00371
score_2,K09118
score_2,K18332
score_2,K06199
score_2,K21759
score_2,K09861
score_2,K03769
score_2,K03230
score_2,K07192
score_2,K17828
score_2,K01479
score_2,K01198
score_2,K03664
score_2,K19118
score_2,K21583
score_2,K01715
score_2,K02009
score_2,K10120
score_2,K03565
score_2,K02852
score_2,K01646
score_2,K03116
score_2,K02372
score_2,K03601
score_2,K02768
score_2,K01934
score_2,K00809
score_2,K01056
score_2,K16147
score_2,K18330
score_2,K00831
score_2,K23004
score_2,K18346
score_2,K02395
score_2,K15669
score_2,K00112
score_2,K07659
score_2,K06956
score_2,K05795
score_2,K01750
score_2,K03522
score_2,K09940
score_2,K00826
score_2,K02121
score_2,K13019
score_2,K03605
score_2,K10231
score_2,K00372
score_2,K03800
score_2,K17103
score_2,K02906
score_2,K01501
score_2,K00526
score_2,K01760
score_2,K17837
score_2,K02424
score_2,K03072
score_2,K01546
score_2,K02454
score_2,K02557
score_2,K17465
score_2,K00150
score_2,K22300
score_2,K16906
score_2,K07443
score_2,K22431
score_2,K06020
score_2,K21577
score_2,K11041
score_2,K10979
score_2,K03748
score_2,K18221
score_2,K02548
score_2,K15599
score_2,K01507
score_2,K09961
score_2,K00598
score_2,K02011
score_2,K07173
score_2,K16149
score_2,K19424
score_2,K23059
score_2,K09705
score_2,K19158
score_2,K18302
score_2,K13919
score_2,K01173
score_2,K19048
score_2,K17818
score_2,K18955
score_2,K19115
score_2,K02188
score_2,K02340
score_2,K16905
score_2,K11203
score_2,K13931
score_2,K09793
score_2,K02337
score_2,K01523
score_2,K01611
score_2,K14665
score_2,K03074
score_2,K03828
score_2,K14155
score_2,K07485
score_2,K03727
score_2,K01932
score_2,K03596
score_2,K01997
score_2,K04940
score_2,K07571
score_2,K09989
score_2,K11175
score_2,K01739
score_2,K07746
score_2,K00433
score_2,K18926
score_2,K21672
score_2,K22319
score_2,K03742
score_2,K03667
score_2,K20866
score_2,K07246
score_2,K00325
score_2,K01818
score_2,K00632
score_2,K02342
score_2,K01653
score_2,K11145
score_2,K00688
score_2,K22293
score_2,K03589
score_2,K01034
score_2,K01586
score_2,K10709
score_2,K02552
score_2,K03709
score_2,K11202
score_2,K06928
score_2,K03325
score_2,K00848
score_2,K07657
score_2,K00156
score_2,K08978
score_2,K03219
score_2,K01989
score_2,K01597
score_2,K19334
score_2,K10005
score_2,K01952
score_2,K20444
score_2,K14983
score_2,K02245
score_2,K19117
score_2,K18216
score_2,K01208
score_2,K20534
score_2,K07084
score_2,K15870
score_2,K05346
score_2,K17865
score_2,K00054
score_2,K19049
score_2,K05524
score_2,K22933
score_2,K01361
score_2,K21898
score_2,K00053
score_2,K06218
score_2,K22927
score_2,K01761
score_2,K17243
score_2,K01703
score_2,K01480
score_2,K03073
score_2,K13628
score_2,K01609
score_2,K02499
score_2,K02112
score_2,K21064
score_2,K00641
score_2,K17466
score_2,K17686
score_2,K14083
score_2,K02839
score_2,K23123
score_2,K21279
score_2,K20489
score_2,K00012
score_2,K10008
score_2,K02106
score_2,K21055
score_2,K11312
score_2,K19355
score_2,K08981
score_2,K22130
score_2,K08302
score_2,K05367
score_2,K02408
score_2,K15725
score_2,K14623
score_2,K07075
score_2,K01893
score_2,K02834
score_2,K07053
score_2,K02054
score_2,K03043
score_2,K03519
score_2,K02994
score_2,K17076
score_2,K02072
score_2,K01771
score_2,K10561
score_2,K03366
score_2,K20038
score_2,K05770
score_2,K01892
score_2,K02614
score_2,K11261
score_2,K01081
score_2,K06996
score_2,K00100
score_2,K02401
score_2,K01729
score_2,K07029
score_2,K05946
score_2,K02379
score_2,K07798
score_2,K02338
score_2,K17108
score_2,K02939
score_2,K03337
score_2,K23508
score_2,K03215
score_2,K01305
score_2,K02747
score_2,K00561
score_2,K13281
score_2,K21828
score_2,K00939
score_2,K06281
score_2,K19147
score_2,K01706
score_2,K00342
score_2,K02233
score_2,K19302
score_2,K02746
score_2,K01666
score_2,K05838
score_2,K07638
score_2,K00991
score_2,K07101
score_2,K02404
score_2,K08986
score_2,K01698
score_2,K04567
score_2,K01998
score_2,K00836
score_2,K16926
score_2,K19701
score_2,K02236
score_2,K21405
score_2,K06282
score_2,K20452
score_2,K02052
score_2,K22226
score_2,K04518
score_2,K01139
score_2,K02006
score_2,K01971
score_2,K01814
score_2,K13829
score_2,K07078
score_2,K00123
score_2,K03481
score_2,K01153
score_2,K20487
score_2,K02020
score_2,K03101
score_2,K18785
score_2,K21030
score_2,K09137
score_2,K15531
score_2,K01641
score_2,K06203
score_2,K06333
score_2,K00869
score_2,K02082
score_2,K01751
score_2,K02589
score_2,K02961
score_2,K02473
score_2,K21636
score_2,K04069
score_2,K00549
score_2,K07082
score_2,K01640
score_2,K00874
score_2,K00962
score_2,K02414
score_2,K02358
score_2,K03088
score_2,K06999
score_2,K05351
score_2,K02825
score_2,K09807
score_2,K00261
score_2,K17467
score_2,K16698
score_2,K14170
score_2,K02044
score_2,K11991
score_2,K21473
score_2,K07506
score_2,K01658
score_2,K11924
score_2,K16963
score_2,K07768
score_2,K13922
score_2,K16371
score_2,K01493
score_2,K18471
score_2,K18013
score_2,K16169
score_2,K12206
score_2,K14988
score_2,K02794
score_2,K00275
score_2,K00798
score_2,K03429
score_2,K13818
score_2,K05810
score_2,K03925
score_2,K06211
score_2,K02343
score_2,K03569
score_2,K01756
score_2,K06908
score_2,K02836
score_2,K01889
score_2,K02034
score_2,K04077
score_2,K19002
score_2,K03098
score_2,K01770
score_2,K03641
score_2,K12998
score_2,K03424
score_2,K12292
score_2,K01150
score_2,K05569
score_2,K10530
score_2,K03048
score_2,K04767
score_2,K22579
score_2,K02786
score_2,K06881
score_2,K05772
score_2,K02029
score_2,K02492
score_2,K09761
score_2,K03060
score_2,K05791
score_2,K02455
score_2,K23303
score_2,K01573
score_2,K02304
score_2,K02837
score_2,K01846
score_2,K16898
score_2,K12058
score_2,K19116
score_2,K05825
score_2,K07722
score_2,K12506
score_2,K04061
score_2,K16788
score_2,K07014
score_2,K23149
score_2,K01006
score_2,K17363
score_2,K00663
score_2,K15533
score_2,K20976
score_2,K01869
score_2,K20073
score_2,K18831
score_2,K02190
score_2,K18887
score_2,K22230
score_2,K13927
score_2,K01962
score_2,K00209
score_2,K16213
score_2,K07257
score_2,K12066
score_2,K02874
score_2,K00691
score_2,K03708
score_2,K02053
score_2,K11753
score_2,K01251
score_2,K01358
score_2,K17992
score_2,K15724
score_2,K02274
score_2,K07071
score_2,K03226
score_2,K03179
score_2,K16785
score_2,K02111
score_2,K01730
score_2,K06975
score_2,K18986
score_2,K07445
score_2,K12141
score_2,K12270
score_2,K00031
score_2,K10558
score_2,K21011
score_2,K02990
score_2,K19166
score_2,K07307
score_2,K08969
score_2,K21065
score_2,K13668
score_2,K01092
score_2,K02500
score_2,K09967
score_2,K12556
score_2,K02619
score_2,K02389
score_2,K19126
score_2,K18220
score_2,K01210
score_2,K03976
score_2,K08972
score_2,K09009
score_2,K02409
score_2,K19140
score_2,K01857
score_2,K01420
score_2,K04720
score_2,K12555
score_2,K23003
score_2,K06894
score_2,K15342
score_2,K01845
score_2,K20511
score_2,K04031
score_2,K00355
score_2,K22213
score_2,K03492
score_2,K17898
score_2,K11533
score_2,K02068
score_2,K02563
score_2,K03820
score_2,K18217
score_2,K02017
score_2,K17910
score_2,K01476
score_2,K01499
score_2,K07308
score_2,K09923
score_2,K19997
score_2,K00048
score_2,K01091
score_2,K09935
score_2,K10914
score_2,K01990
score_2,K02988
score_2,K03699
score_2,K01214
score_2,K06223
score_2,K01154
score_2,K02433
score_2,K01843
score_2,K00313
score_2,K12990
score_2,K07056
score_2,K02050
score_2,K15633
score_2,K12339
score_2,K09789
score_2,K02745
score_2,K13953
score_2,K02585
score_2,K01905
score_2,K12213
score_2,K00969
score_2,K01548
score_2,K01879
score_2,K00239
score_2,K01035
score_2,K01295
score_2,K00758
score_2,K03646
score_2,K05989
score_2,K14415
score_2,K03719
score_2,K21471
score_2,K07776
score_2,K00806
score_2,K22468
score_2,K01610
score_2,K07484
score_2,K00073
score_2,K01872
score_2,K16850
score_2,K06320
score_2,K06897
score_2,K01195
score_2,K12297
score_2,K07217
score_2,K01216
score_2,K10007
score_2,K11646
score_2,K11534
score_2,K06962
score_2,K09820
score_2,K16950
score_2,K04772
score_2,K01647
score_2,K10548
score_2,K13015
score_2,K16214
score_2,K03272
score_2,K18856
score_2,K12268
score_2,K19294
score_2,K20112
score_2,K16209
score_2,K05349
score_2,K07343
score_2,K03188
score_2,K08311
score_2,K07214
score_2,K02911
score_2,K00170
score_2,K12685
score_2,K02564
score_2,K21394
score_2,K00926
score_2,K14088
score_2,K01807
score_2,K04028
score_2,K01247
score_2,K21140
score_2,K02086
score_2,K00824
score_2,K02863
score_2,K05342
score_2,K18206
score_2,K10716
score_2,K03271
score_2,K01218
score_2,K17624
score_2,K00936
score_2,K09696
score_2,K01821
score_2,K04751
score_2,K16264
score_2,K01338
score_2,K20480
score_2,K03521
score_2,K19310
score_2,K16238
score_2,K01941
score_2,K20885
score_2,K07451
score_2,K03734
score_2,K02238
score_2,K21345
score_2,K18234
score_2,K01804
score_2,K02302
score_2,K02523
score_2,K16435
score_2,K13327
score_2,K07051
score_2,K09988
score_2,K21012
score_2,K02907
score_2,K12995
score_2,K04562
score_2,K09703
score_2,K07800
score_2,K07054
score_2,K00613
score_2,K07278
score_2,K03736
score_2,K07074
score_2,K21613
score_2,K02843
score_2,K00950
score_2,K04019
score_2,K12209
score_2,K09819
score_2,K01633
score_2,K23107
score_2,K03584
score_2,K15727
score_2,K03977
score_2,K01478
score_2,K19068
score_2,K02590
score_2,K08717
score_2,K02435
score_2,K07316
score_2,K19285
score_2,K22477
score_2,K12203
score_2,K01488
score_2,K23163
score_2,K02067
score_2,K00184
score_2,K18214
score_2,K04090
score_2,K10778
score_2,K01322
score_2,K11004
score_2,K15772
score_2,K01687
score_2,K00656
score_2,K02078
score_2,K01945
score_2,K09803
score_2,K00880
score_2,K21472
score_2,K21132
score_2,K22994
score_2,K18139
score_2,K06182
score_2,K03490
score_2,K17810
score_2,K00927
score_2,K06907
score_2,K09949
score_2,K01621
score_2,K11031
score_2,K01354
score_2,K07315
score_2,K00773
score_2,K16091
score_2,K04761
score_2,K07270
score_2,K03531
score_2,K03735
score_2,K09770
score_2,K07118
score_2,K18930
score_2,K06191
score_2,K07458
score_2,K00390
score_2,K00720
score_2,K01991
score_2,K21900
score_2,K13652
score_2,K01126
score_2,K00362
score_2,K14086
score_2,K07735
score_2,K02586
score_2,K01933
score_2,K01191
score_2,K06217
score_2,K05589
score_2,K07069
score_2,K22396
score_2,K12217
score_2,K23301
score_2,K01179
score_2,K16786
score_2,K03606
score_2,K04013
score_2,K00045
score_2,K18334
score_2,K02477
score_2,K15771
score_2,K16052
score_2,K01868
score_2,K00658
score_2,K06891
score_2,K11928
score_2,K00803
score_2,K15726
score_2,K02077
score_2,K01466
score_2,K01937
score_2,K00338
score_2,K05566
score_2,K00759
score_2,K06201
score_2,K15554
score_2,K07165
score_2,K00957
score_2,K13694
score_2,K05794
score_2,K03106
score_2,K06990
score_2,K10036
score_2,K16650
score_2,K02042
score_2,K13277
score_2,K15915
score_2,K09136
score_2,K01838
score_2,K13611
score_2,K01060
score_2,K02193
score_2,K11329
score_2,K00655
score_2,K02761
score_2,K01457
score_2,K11707
score_2,K03724
score_2,K07239
score_2,K09684
score_2,K07404
score_2,K06402
score_2,K01679
score_2,K01873
score_2,K00197
score_2,K01589
score_2,K00341
score_2,K00145
score_2,K11751
score_2,K03552
score_2,K17234
score_2,K20903
score_2,K03186
score_2,K18474
score_2,K04044
score_2,K21936
score_2,K07112
score_2,K09007
score_2,K01185
score_2,K04095
score_2,K20450
score_2,K05780
score_2,K03411
score_2,K01768
score_2,K04075
score_2,K07712
score_2,K13525
score_2,K02493
score_2,K02012
score_2,K05567
score_2,K12960
score_2,K02501
score_2,K15553
score_2,K01777
score_2,K11072
score_2,K07457
score_2,K01929
score_2,K01551
score_2,K00077
score_2,K20626
score_2,K03273
score_2,K01069
score_2,K01039
score_2,K00441
score_2,K02569
score_2,K07098
score_2,K12214
score_2,K21814
score_2,K02400
score_2,K22116
score_2,K12138
score_2,K00657
score_2,K14414
score_2,K19172
score_2,K19789
score_2,K00370
score_2,K08168
score_2,K15898
score_2,K11710
score_2,K04764
score_2,K03470
score_2,K03446
score_2,K12065
score_2,K17213
score_2,K02019
score_2,K22430
score_2,K00694
score_2,K18122
score_2,K01114
score_2,K23541
score_2,K12992
score_2,K12137
score_2,K23170
score_2,K19427
score_2,K09969
score_2,K01193
score_2,K10907
score_2,K03772
score_2,K19139
score_2,K11181
score_2,K22232
score_2,K09167
score_2,K18349
score_2,K13788
score_2,K11709
score_2,K18475
score_2,K00135
score_2,K01950
score_2,K09144
score_2,K02051
score_2,K09001
score_2,K06941
score_2,K23169
score_2,K16925
score_2,K19883
score_2,K00373
score_2,K06166
score_2,K03756
score_2,K01581
score_2,K20484
score_2,K03704
score_2,K01058
score_2,K01728
score_2,K18350
score_2,K03182
score_2,K03090
score_2,K02688
score_2,K07357
score_2,K01625
score_2,K02533
score_2,K01812
score_2,K11785
score_2,K06221
score_2,K07813
score_2,K02224
score_2,K01809
score_2,K00042
score_2,K02397
score_2,K03409
score_2,K11606
score_2,K06929
score_2,K22349
score_2,K03830
score_2,K16885
score_2,K16235
score_2,K01938
score_2,K14091
score_2,K02045
score_2,K02784
score_2,K03638
score_2,K17236
score_2,K11615
score_2,K01737
score_2,K07491
score_2,K01429
score_2,K04783
score_2,K03390
score_2,K06859
score_2,K23352
score_2,K03412
score_2,K19170
score_2,K00041
score_2,K01266
score_2,K06606
score_2,K01147
score_2,K03562
score_2,K01649
score_2,K08161
score_2,K00010
score_2,K18303
score_2,K00094
score_2,K15520
score_2,K06395
score_2,K04749
score_2,K11690
score_2,K18120
score_2,K23077
score_2,K05363
score_2,K13288
score_2,K19710
score_2,K20509
score_2,K03497
score_2,K02056
score_2,K13929
score_2,K05916
score_2,K19169
score_2,K03604
score_2,K17218
score_2,K07127
score_2,K21681
score_2,K15125
score_2,K19273
score_2,K02283
score_2,K23356
score_2,K06408
score_2,K00164
score_2,K09964
score_2,K07275
score_2,K07729
score_2,K11065
score_2,K07654
score_2,K07106
score_2,K13990
score_2,K20341
score_2,K11051
score_2,K23537
score_2,K12140
score_2,K01823
score_2,K01626
score_2,K14090
score_2,K18014
score_2,K01176
score_2,K06334
score_2,K02010
score_2,K09477
score_2,K03642
score_2,K18205
score_2,K12111
score_2,K20862
score_2,K16153
score_2,K07250
score_2,K07219
score_2,K21619
score_2,K13963
score_2,K00065
score_2,K12503
score_2,K02282
score_2,K17073
score_2,K07080
score_2,K03572
score_2,K07741
score_2,K12218
score_2,K09011
score_2,K03732
score_2,K13819
score_2,K01685
score_2,K18479
score_2,K05337
score_2,K01803
score_2,K20265
score_2,K00978
score_2,K07272
score_2,K01011
score_2,K08297
score_2,K11214
score_2,K18545
score_2,K01866
score_2,K00625
score_2,K07979
score_2,K00640
score_2,K01926
score_2,K21344
score_2,K05568
score_2,K02230
score_2,K19119
score_2,K02047
score_2,K09697
score_2,K04566
score_2,K00344
score_2,K12528
score_2,K07739
score_2,K16922
score_2,K10681
score_2,K00619
score_2,K16961
score_2,K01816
score_2,K11050
score_2,K16846
score_2,K07126
score_2,K07037
score_2,K01738
score_2,K00002
score_2,K01613
score_2,K02119
score_2,K16923
score_2,K20257
score_2,K07666
score_2,K16212
score_2,K02664
score_2,K17074
score_2,K02028
score_2,K01436
score_2,K15583
score_2,K16087
score_2,K02291
score_2,K01783
score_2,K08319
score_2,K14982
score_2,K09825
score_2,K18814
score_2,K13280
score_2,K07507
score_2,K02444
score_2,K01628
score_2,K02313
score_2,K01854
score_2,K11180
score_2,K10107
score_2,K00009
score_2,K01284
score_2,K01999
score_2,K18828
score_2,K01449
score_2,K09979
score_2,K09791
score_2,K18118
score_2,K01485
score_2,K09931
score_2,K20488
score_2,K03926
score_2,K02415
score_2,K01561
score_2,K09692
score_2,K03399
score_2,K01849
score_2,K11738
score_2,K03077
score_2,K18890
score_2,K01780
score_2,K01629
score_2,K12072
score_2,K01262
score_2,K07032
score_2,K18285
score_2,K07006
score_2,K01993
score_2,K06205
score_2,K02591
score_2,K09689
score_2,K04014
score_2,K01958
score_2,K09155
score_2,K03738
score_2,K00111
score_2,K05306
score_2,K07787
score_2,K00547
score_2,K01579
score_2,K03564
score_2,K09138
score_2,K23573
score_2,K04750
score_2,K11749
score_2,K07148
score_2,K05396
score_2,K16203
score_2,K00346
score_2,K06909
score_2,K09702
score_2,K03666
score_2,K07719
score_2,K02041
score_2,K04784
score_2,K01839
score_2,K00102
score_2,K20974
score_2,K00603
score_2,K00437
score_2,K17215
score_2,K00046
score_2,K21947
score_2,K01813
score_2,K02075
score_2,K03299
score_2,K04561
score_2,K19956
score_2,K03760
score_2,K08153
score_2,K13587
score_2,K07442
score_2,K06331
score_2,K01439
score_2,K02426
score_2,K02025
score_2,K03405
score_2,K03582
score_2,K00931
score_2,K02574
score_2,K00986
score_2,K10823
score_2,K02554
score_2,K01921
score_2,K13643
score_2,K05801
score_2,K02168
score_2,K11755
score_2,K07406
score_2,K03437
score_2,K02018
score_2,K02182
score_2,K11743
score_2,K17734
score_2,K05352
score_2,K22212
score_2,K01428
score_2,K20814
score_2,K07031
score_2,K01474
score_2,K15580
score_2,K15770
score_2,K06446
score_2,K10819
score_2,K01520
score_2,K02935
score_2,K02420
score_2,K00981
score_2,K00057
score_2,K05366
score_2,K02171
score_2,K19167
score_2,K05988
score_2,K02110
score_2,K22132
score_2,K00604
score_2,K02970
score_2,K19165
score_2,K02440
score_2,K02242
score_2,K01182
score_2,K22723
score_2,K11708
score_2,K13599
score_2,K22044
score_2,K00281
score_2,K02443
score_2,K12240
score_2,K15738
score_2,K02916
score_2,K06608
score_2,K08159
score_2,K21573
score_2,K06610
score_2,K05811
score_2,K17733
score_2,K02483
score_2,K18918
score_2,K09139
score_2,K01224
score_2,K01008
score_2,K11381
score_2,K10547
score_2,K02520
score_2,K03547
score_2,K10012
score_2,K01181
score_2,K01668
score_2,K21467
score_2,K12982
score_2,K06001
score_2,K23398
score_2,K00633
score_2,K03224
score_2,K22373
score_2,K00970
score_2,K05873
score_2,K02968
score_2,K01575
score_2,K00854
score_2,K23259
score_2,K20492
score_2,K16139
score_2,K15975
score_2,K00381
score_2,K02594
score_2,K15581
score_2,K00571
score_2,K05816
score_2,K02390
score_2,K06181
score_2,K04045
score_2,K01758
score_2,K18816
score_2,K02133
score_2,K07309
score_2,K02946
score_2,K06915
score_2,K07321
score_2,K01677
score_2,K03826
score_2,K02525
score_2,K13584
score_2,K00983
score_2,K11071
score_2,K16924
score_2,K14761
score_2,K01834
score_2,K02243
score_2,K10037
score_2,K10682
score_2,K03972
score_2,K00954
score_2,K01308
score_2,K01451
score_2,K01736
score_2,K19508
score_2,K12296
score_2,K01995
score_2,K01265
score_2,K12511
score_2,K03227
score_2,K07705
score_2,K00800
score_2,K21563
score_2,K19309
score_2,K14153
score_2,K02015
score_2,K02005
score_2,K02838
score_2,K19159
score_2,K15773
score_2,K09951
score_2,K00283
score_2,K01270
score_2,K06952
score_2,K19123
score_2,K01657
score_2,K11070
score_2,K00928
score_2,K20342
score_2,K18704
score_2,K20415
score_2,K10213
score_2,K01089
score_2,K21749
score_2,K18893
score_2,K02237
score_2,K20491
score_2,K02004
score_2,K05822
score_2,K06942
score_2,K14205
score_2,K02986
score_2,K08680
score_2,K01915
score_2,K03147
score_2,K16959
score_2,K01727
score_2,K19509
score_2,K17899
score_2,K03799
score_2,K11720
score_2,K18672
score_2,K12295
score_2,K00853
score_2,K22958
score_2,K02598
score_2,K07717
score_2,K02026
score_2,K03652
score_2,K02777
score_2,K14540
score_2,K02073
score_2,K19091
score_2,K06206
score_2,K01486
score_2,K19954
score_2,K04029
score_2,K03624
score_2,K11527
score_2,K06163
score_2,K10697
score_2,K02411
score_2,K02203
score_2,K15974
score_2,K21399
score_2,K07727
score_2,K01580
score_2,K03612
score_2,K00564
score_2,K01235
score_2,K14977
score_2,K12940
score_2,K21903
score_2,K07670
score_2,K03394
score_2,K15876
score_2,K02864
score_2,K18692
score_2,K01953
score_2,K02003
score_2,K02867
score_2,K07318
score_2,K01161
score_2,K01142
score_2,K07004
score_2,K12942
score_2,K19271
score_2,K08151
score_2,K01788
score_2,K04096
score_2,K03706
score_2,K06895
score_2,K12554
score_2,K16960
score_2,K02396
score_2,K13252
score_2,K14058
score_2,K01754
score_2,K17235
score_2,K17331
score_2,K00245
score_2,K06878
score_2,K16014
score_2,K03095
score_2,K02488
score_2,K18675
score_2,K13920
score_2,K03930
score_2,K18829
score_2,K15555
score_2,K19005
score_2,K12999
score_2,K01448
score_2,K07224
score_2,K11614
score_2,K09471
score_2,K01699
score_2,K01778
score_2,K01697
score_2,K06384
score_2,K02663
score_2,K01644
score_2,K11782
score_2,K02437
score_2,K03293
score_2,K02117
score_2,K02109
score_2,K21498
score_2,K13040
score_2,K08167
score_2,K08314
score_2,K02926
score_2,K15584
score_2,K01914
score_2,K06877
score_2,K16148
score_2,K12452
score_2,K11144
score_2,K19955
score_2,K03651
score_2,K07393
score_2,K12660
score_2,K03313
score_2,K01194
score_2,K22457
score_2,K01246
score_2,K01297
score_2,K02240
score_2,K00851
score_2,K01227
score_2,K13038
score_2,K05685
score_2,K07133
score_2,K00858
score_2,K01710
score_2,K01654
score_2,K09117
score_2,K02074
score_2,K11617
score_2,K04565
score_2,K22606
score_2,K12997
score_2,K19429
score_2,K02428
score_2,K17836
score_2,K15586
score_2,K13571
score_2,K01858
score_2,K16301
score_2,K02348
score_2,K15778
score_2,K11068
score_2,K02000
score_2,K19125
score_2,K03274
score_2,K01709
score_2,K01916
score_2,K02120
score_2,K08281
score_2,K00784
score_2,K12661
score_2,K13640
score_2,K12733
score_2,K17947
score_2,K01104
score_2,K00772
score_2,K01273
score_2,K01755
score_2,K02035
score_2,K13787
score_2,K10986
score_2,K02601
score_2,K23518
score_2,K02232
score_2,K03932
score_2,K02103
score_2,K02902
score_2,K06904
score_2,K11537
score_2,K13932
score_2,K00330
score_2,K02652
score_2,K03471
score_2,K02666
score_2,K08372
score_2,K19803
score_2,K04516
score_2,K16651
score_2,K14445
score_2,K06193
score_2,K23270
score_2,K11934
score_2,K18348
score_2,K19168
score_2,K19124
score_2,K01815
score_2,K02124
score_2,K03834
score_2,K02049
score_2,K00030
score_2,K15921
score_2,K23257
score_2,K14379
score_2,K01844
score_2,K01355
score_2,K00198
score_2,K08999
score_2,K03473
score_2,K00681
score_2,K18345
score_2,K09973
score_2,K02099
score_2,K01590
score_2,K07017
score_2,K01791
score_2,K01026
score_2,K03444
score_2,K02815
score_2,K03544
score_2,K06284
score_2,K18197
score_2,K03196
score_2,K22432
score_2,K00697
score_2,K21556
score_2,K02528
score_2,K20037
score_2,K04026
score_2,K01841
score_2,K03558
score_2,K23182
score_2,K15899
score_2,K21557
score_2,K03534
score_2,K15524
score_2,K18891
score_2,K11927
score_2,K02687
score_2,K01678
score_2,K02316
score_2,K00647
score_2,K22906
score_2,K01304
score_2,K01599
score_2,K12373
score_2,K01885
score_2,K18012
score_2,K13049
score_2,K03367
score_2,K02824
score_2,K15855
score_2,K21567
score_2,K17241
score_2,K07304
score_2,K06391
score_2,K01612
score_2,K17246
score_2,K01635
score_2,K17245
score_2,K22441
score_2,K03833
score_2,K11102
score_2,K11618
score_2,K02118
score_2,K12410
score_2,K18830
score_2,K01201
score_2,K00158
score_2,K03752
score_2,K00616
score_2,K22901
score_2,K01652
score_2,K03813
score_2,K02058
score_2,K11784
score_2,K01784
score_2,K17758
score_2,K05823
score_2,K02453
score_2,K11921
score_2,K19090
score_2,K06872
score_2,K03297
score_2,K03476
score_2,K10563
score_2,K10985
score_2,K03191
score_2,K10441
score_2,K17242
score_2,K00130
score_2,K19422
score_2,K08309
score_2,K22900
score_2,K17735
score_2,K02858
score_2,K21395
score_2,K02992
score_2,K01232
score_2,K13497
score_2,K19972
score_2,K17759
score_2,K01802
score_2,K14731
score_2,K05846
score_2,K02108
score_2,K01708
score_2,K00997
score_2,K15527
score_2,K22103
score_2,K04076
score_2,K02413
score_2,K01711
score_2,K02014
score_2,K03491
score_2,K02416
score_2,K04844
score_2,K15023
score_2,K01880
score_2,K21572
score_2,K03276
score_2,K10710
score_2,K07266
score_2,K00558
score_2,K07016
score_2,K00709
score_2,K14654
score_2,K02217
score_2,K06117
score_2,K02172
score_2,K20859
score_2,K03578
score_2,K10974
score_2,K07139
score_2,K04092
score_2,K03818
score_2,K01286
score_2,K16957
score_2,K03289
score_2,K00817
score_2,K12541
score_2,K02346
score_2,K07243
score_2,K01734
score_2,K12527
score_2,K09809
score_2,K02032
score_2,K03628
score_2,K11206
score_2,K02248
score_2,K19046
score_2,K07483
score_2,K10805
score_2,K22902
score_2,K09922
score_2,K00973
score_2,K06920
score_2,K03517
score_2,K07313
score_2,K00324
score_2,K01759
score_2,K12251
score_2,K23245
score_2,K06297
score_2,K00174
score_2,K02115
score_2,K01919
score_2,K18707
score_2,K00230
score_2,K07649
score_2,K01077
score_2,K07668
score_2,K21961
score_2,K04062
score_2,K23231
score_2,K17195
score_2,K03711
score_2,K01746
score_2,K19689
score_2,K18008
score_2,K02246
score_2,K15371
score_2,K00128
score_2,K01630
score_2,K03722
score_2,K02841
score_2,K10678
score_2,K13891
score_2,K18011
score_2,K01531
score_2,K21750
score_2,K02427
score_2,K20904
score_2,K07115
score_2,K05593
score_2,K00134
score_2,K22699
score_2,K18237
score_2,K01534
score_2,K00091
score_2,K07221
score_2,K21993
score_2,K01661
score_2,K01674
score_2,K17723
score_2,K19299
score_2,K05796
score_2,K12267
score_2,K01252
score_2,K02573
score_2,K00194
score_2,K07130
score_2,K02195
score_2,K13735
score_2,K10939
score_2,K02550
score_2,K09972
score_2,K06906
score_2,K01042
score_2,K14194
score_2,K01643
score_2,K01996
score_2,K01494
score_2,K01733
score_2,K18817
score_2,K03817
score_2,K01239
score_2,K03089
score_2,K19411
score_2,K02575
score_2,K09857
score_2,K01423
score_2,K14651
score_2,K01455
score_2,K18850
score_2,K02431
score_2,K12978
score_2,K13256
score_2,K03487
score_2,K02549
score_2,K02406
score_2,K03229
score_2,K03837
score_2,K03567
score_2,K02452
score_2,K10006
score_2,K23271
score_2,K21990
score_2,K11895
score_2,K10110
score_2,K02116
score_2,K02314
score_2,K02279
score_2,K07120
score_2,K09971
score_2,K01082
score_2,K07109
score_2,K00783
score_2,K13479
score_2,K09767
score_2,K00856
score_2,K00556
score_2,K00995
score_2,K17722
score_2,K07289
score_2,K02760
score_2,K02363
score_2,K15831
score_2,K08300
score_2,K11754
score_2,K01533
score_2,K03413
score_2,K02410
score_2,K00968
score_2,K02160
score_2,K18095
score_2,K02445
score_2,K09688
score_2,K02996
score_2,K03445
score_2,K07675
score_2,K01277
score_2,K00958
score_2,K02774
score_2,K11891
score_2,K01271
score_2,K03698
score_2,K09022
score_2,K02189
score_2,K21469
score_2,K00246
score_2,K08172
score_2,K07771
score_2,K03929
score_2,K21908
score_2,K11075
score_2,K06157
score_2,K20938
score_2,K02881
score_2,K08602
score_2,K06436
score_2,K15598
score_2,K02783
score_2,K02456
score_2,K00674
score_2,K01790
score_2,K01752
score_2,K01749
score_2,K12136
score_2,K16511
score_2,K06383
score_2,K02959
score_2,K16011
score_2,K02412
score_2,K03782
score_2,K05570
score_2,K07323
score_2,K07213
score_2,K03560
score_2,K13573
score_2,K19337
score_2,K00088
score_2,K00348
score_2,K03533
score_2,K02471
score_2,K02899
score_2,K19353
score_2,K03670
score_2,K00001
score_2,K00014
score_2,K00052
score_2,K00108
score_2,K00117
score_2,K00133
score_2,K00137
score_2,K00175
score_2,K00183
score_2,K00196
score_2,K00215
score_2,K00219
score_2,K00228
score_2,K00231
score_2,K00264
score_2,K00331
score_2,K00334
score_2,K00335
score_2,K00336
score_2,K00339
score_2,K00350
score_2,K00383
score_2,K00435
score_2,K00520
score_2,K00533
score_2,K00574
score_2,K00602
score_2,K00645
score_2,K00662
score_2,K00760
score_2,K00832
score_2,K00833
score_2,K00835
score_2,K00840
score_2,K00845
score_2,K00864
score_2,K00865
score_2,K00876
score_2,K00885
score_2,K00929
score_2,K00990
score_2,K01000
score_2,K01007
score_2,K01012
score_2,K01023
score_2,K01048
score_2,K01071
score_2,K01093
score_2,K01101
score_2,K01118
score_2,K01156
score_2,K01160
score_2,K01163
score_2,K01174
score_2,K01192
score_2,K01207
score_2,K01209
score_2,K01222
score_2,K01250
score_2,K01256
score_2,K01414
score_2,K01426
score_2,K01438
score_2,K01442
score_2,K01462
score_2,K01464
score_2,K01468
score_2,K01487
score_2,K01489
score_2,K01496
score_2,K01567
score_2,K01584
score_2,K01595
score_2,K01596
score_2,K01601
score_2,K01608
score_2,K01615
score_2,K01619
score_2,K01627
score_2,K01631
score_2,K01662
score_2,K01664
score_2,K01671
score_2,K01684
score_2,K01686
score_2,K01692
score_2,K01696
score_2,K01720
score_2,K01740
score_2,K01744
score_2,K01745
score_2,K01753
score_2,K01772
score_2,K01776
score_2,K01819
score_2,K01825
score_2,K01848
score_2,K01867
score_2,K01870
score_2,K01876
score_2,K01881
score_2,K01897
score_2,K01920
score_2,K01924
score_2,K01960
score_2,K01961
score_2,K01966
score_2,K01974
score_2,K01992
score_2,K02001
score_2,K02008
score_2,K02031
score_2,K02036
score_2,K02037
score_2,K02046
score_2,K02066
score_2,K02079
score_2,K02080
score_2,K02081
score_2,K02114
score_2,K02198
score_2,K02199
score_2,K02335
score_2,K02341
score_2,K02377
score_2,K02381
score_2,K02388
score_2,K02392
score_2,K02394
score_2,K02405
score_2,K02407
score_2,K02421
score_2,K02436
score_2,K02439
score_2,K02461
score_2,K02469
score_2,K02472
score_2,K02482
score_2,K02502
score_2,K02507
score_2,K02530
score_2,K02532
score_2,K02535
score_2,K02536
score_2,K02551
score_2,K02553
score_2,K02556
score_2,K02562
score_2,K02567
score_2,K02584
score_2,K02587
score_2,K02600
score_2,K02626
score_2,K02647
score_2,K02654
score_2,K02655
score_2,K02769
score_2,K02770
score_2,K02773
score_2,K02823
score_2,K02835
score_2,K02847
score_2,K02855
score_2,K02871
score_2,K02876
score_2,K02887
score_2,K02888
score_2,K02895
score_2,K02897
score_2,K02909
score_2,K02913
score_2,K02919
score_2,K02956
score_2,K02963
score_2,K02982
score_2,K03093
score_2,K03113
score_2,K03154
score_2,K03177
score_2,K03185
score_2,K03199
score_2,K03218
score_2,K03225
score_2,K03270
score_2,K03291
score_2,K03294
score_2,K03312
score_2,K03315
score_2,K03327
score_2,K03335
score_2,K03336
score_2,K03338
score_2,K03340
score_2,K03385
score_2,K03407
score_2,K03408
score_2,K03417
score_2,K03426
score_2,K03439
score_2,K03451
score_2,K03468
score_2,K03474
score_2,K03477
score_2,K03478
score_2,K03535
score_2,K03543
score_2,K03546
score_2,K03548
score_2,K03549
score_2,K03553
score_2,K03599
score_2,K03625
score_2,K03644
score_2,K03657
score_2,K03687
score_2,K03694
score_2,K03696
score_2,K03743
score_2,K03744
score_2,K03762
score_2,K03767
score_2,K03777
score_2,K03786
score_2,K03790
score_2,K03823
score_2,K03893
score_2,K03928
score_2,K03931
score_2,K03973
score_2,K04015
score_2,K04033
score_2,K04041
score_2,K04072
score_2,K04078
score_2,K04088
score_2,K04568
score_2,K04752
score_2,K04753
score_2,K04755
score_2,K04775
score_2,K05499
score_2,K05515
score_2,K05516
score_2,K05539
score_2,K05541
score_2,K05773
score_2,K05785
score_2,K05787
score_2,K05788
score_2,K05800
score_2,K05820
score_2,K05880
score_2,K05984
score_2,K06019
score_2,K06045
score_2,K06048
score_2,K06077
score_2,K06113
score_2,K06133
score_2,K06159
score_2,K06175
score_2,K06189
score_2,K06207
score_2,K06209
score_2,K06317
score_2,K06400
score_2,K06415
score_2,K06416
score_2,K06603
score_2,K06857
score_2,K06887
score_2,K06889
score_2,K06903
score_2,K06989
score_2,K07010
score_2,K07023
score_2,K07027
score_2,K07038
score_2,K07052
score_2,K07068
score_2,K07079
score_2,K07095
score_2,K07113
score_2,K07151
score_2,K07161
score_2,K07248
score_2,K07264
score_2,K07279
score_2,K07287
score_2,K07300
score_2,K07305
score_2,K07345
score_2,K07347
score_2,K07396
score_2,K07407
score_2,K07467
score_2,K07493
score_2,K07496
score_2,K07640
score_2,K07643
score_2,K07648
score_2,K07662
score_2,K07696
score_2,K07726
score_2,K07733
score_2,K07783
score_2,K07784
score_2,K07789
score_2,K07793
score_2,K07806
score_2,K08156
score_2,K08163
score_2,K08169
score_2,K08173
score_2,K08194
score_2,K08219
score_2,K08222
score_2,K08298
score_2,K08304
score_2,K08305
score_2,K08352
score_2,K08357
score_2,K08368
score_2,K08641
score_2,K08965
score_2,K08989
score_2,K08996
score_2,K08998
score_2,K09005
score_2,K09013
score_2,K09016
score_2,K09128
score_2,K09251
score_2,K09690
score_2,K09691
score_2,K09710
score_2,K09729
score_2,K09765
score_2,K09773
score_2,K09774
score_2,K09779
score_2,K09798
score_2,K09799
score_2,K09800
score_2,K09816
score_2,K09911
score_2,K09921
score_2,K09925
score_2,K09927
score_2,K09928
score_2,K09936
score_2,K09937
score_2,K09939
score_2,K09952
score_2,K09970
score_2,K10002
score_2,K10004
score_2,K10011
score_2,K10038
score_2,K10121
score_2,K10122
score_2,K10439
score_2,K10440
score_2,K10539
score_2,K10747
score_2,K10773
score_2,K10793
score_2,K10797
score_2,K10800
score_2,K11085
score_2,K11103
score_2,K11184
score_2,K11189
score_2,K11216
score_2,K11249
score_2,K11258
score_2,K11263
score_2,K11358
score_2,K11392
score_2,K11472
score_2,K11473
score_2,K11604
score_2,K11645
score_2,K11689
score_2,K11717
score_2,K11737
score_2,K11742
score_2,K11744
score_2,K11747
score_2,K11893
score_2,K11904
score_2,K11912
score_2,K11939
score_2,K11941
score_2,K12060
score_2,K12139
score_2,K12264
score_2,K12343
score_2,K12454
score_2,K12510
score_2,K12543
score_2,K12573
score_2,K12700
score_2,K12941
score_2,K12954
score_2,K12957
score_2,K12963
score_2,K12974
score_2,K12996
score_2,K13002
score_2,K13004
score_2,K13018
score_2,K13498
score_2,K13529
score_2,K13566
score_2,K13620
score_2,K13626
score_2,K13636
score_2,K13677
score_2,K13789
score_2,K13821
score_2,K13888
score_2,K13889
score_2,K13890
score_2,K13892
score_2,K13893
score_2,K13895
score_2,K13926
score_2,K13934
score_2,K14053
score_2,K14054
score_2,K14057
score_2,K14138
score_2,K14162
score_2,K14192
score_2,K14260
score_2,K14261
score_2,K14347
score_2,K14392
score_2,K14534
score_2,K14744
score_2,K15024
score_2,K15268
score_2,K15303
score_2,K15547
score_2,K15550
score_2,K15587
score_2,K15600
score_2,K15635
score_2,K15736
score_2,K15830
score_2,K15866
score_2,K15894
score_2,K15984
score_2,K16053
score_2,K16055
score_2,K16088
score_2,K16090
score_2,K16092
score_2,K16325
score_2,K16509
score_2,K16692
score_2,K16704
score_2,K16787
score_2,K16789
score_2,K16841
score_2,K16868
score_2,K16886
score_2,K16958
score_2,K17077
score_2,K17675
score_2,K17680
score_2,K17948
score_2,K18123
score_2,K18148
score_2,K18640
score_2,K18682
score_2,K18702
score_2,K18899
score_2,K18922
score_2,K19052
score_2,K19055
score_2,K19075
score_2,K19088
score_2,K19138
score_2,K19227
score_2,K19230
score_2,K19231
score_2,K19236
score_2,K19265
score_2,K19338
score_2,K19350
score_2,K19419
score_2,K19425
score_2,K19431
score_2,K19506
score_2,K19510
score_2,K19611
score_2,K20114
score_2,K20510
score_2,K20541
score_2,K20627
score_2,K20881
score_2,K21089
score_2,K21393
score_2,K21449
score_2,K21464
score_2,K21465
score_2,K21512
score_2,K21562
score_2,K21574
score_2,K21575
score_2,K21600
score_2,K21739
score_2,K21746
score_2,K21929
score_2,K21967
score_2,K22015
score_2,K22111
score_2,K22278
score_2,K22306
score_2,K22650
score_2,K22757
score_2,K23078
score_2,K23183
score_2,K23184
score_2,K23188
score_2,K23238
score_2,K23349
score_3,K17398
score_3,K23547
score_3,K01607
score_3,K09469
score_3,K10241
score_3,K02744
score_3,K21948
score_3,K22424
score_3,K02510
score_3,K21417
score_3,K16248
score_3,K01725
score_3,K16951
score_3,K03650
score_3,K09924
score_3,K23393
score_3,K21578
score_3,K01524
score_3,K22605
score_3,K00567
score_3,K05979
score_3,K09760
score_3,K01040
score_3,K11741
score_3,K07552
score_3,K13016
score_3,K21023
score_3,K18344
score_3,K22607
score_3,K03602
score_3,K22405
score_3,K19545
score_3,K08722
score_3,K03324
score_3,K18979
score_3,K09859
score_3,K02517
score_3,K18866
score_3,K06120
score_3,K01560
score_3,K01910
score_3,K04835
score_3,K11733
score_3,K23189
score_3,K07149
score_3,K18119
score_3,K02474
score_3,K17716
score_3,K17204
score_3,K00863
score_3,K01430
score_3,K19428
score_3,K20276
score_3,K01046
score_3,K21576
score_3,K18331
score_3,K18889
score_3,K06153
score_3,K23351
score_3,K03087
score_3,K03111
score_3,K10560
score_3,K17318
score_3,K23536
score_3,K10708
score_3,K08963
score_3,K19540
score_3,K19405
score_3,K06013
score_3,K02531
score_3,K03841
score_3,K15552
score_3,K22736
score_3,K06015
score_3,K01299
score_3,K14048
score_3,K15515
score_3,K20344
score_3,K07089
score_3,K13653
score_3,K21579
score_3,K07337
score_3,K22522
score_3,K17319
score_3,K02039
score_3,K16881
score_3,K20345
score_3,K06997
score_3,K15924
score_3,K15922
score_3,K19134
score_3,K01925
score_3,K07306
score_3,K02434
score_3,K09764
score_3,K00254
score_3,K01903
score_3,K00113
score_3,K21400
score_3,K00560
score_3,K01261
score_3,K16907
score_3,K02197
score_3,K07460
score_3,K01939
score_3,K02055
score_3,K03503
score_3,K03803
score_3,K01972
score_3,K21416
score_3,K11104
score_3,K07319
score_3,K22129
score_3,K18427
score_3,K21571
score_3,K04047
score_3,K00364
score_3,K10556
score_3,K13542
score_3,K07025
score_3,K01902
score_3,K17320
score_3,K07341
score_3,K19114
score_3,K19286
score_3,K09014
score_3,K10559
score_3,K03969
score_3,K00459
score_3,K19505
score_3,K01226
score_3,K06926
score_3,K01473
score_3,K03665
score_3,K23535
score_3,K13012
score_3,K12059
score_3,K01735
score_3,K19171
score_3,K03975
score_3,K18231
score_3,K01835
score_3,K02933
score_3,K03781
score_3,K14652
score_3,K01779
score_3,K09812
score_3,K08299
score_3,K05808
score_3,K07132
score_3,K08282
score_3,K00819
score_3,K07455
score_3,K00661
score_3,K01151
score_3,K01817
score_3,K01547
score_3,K21147
score_3,K19242
score_3,K16784
score_3,K15871
score_3,K07005
score_3,K07704
score_3,K01281
score_3,K07474
score_3,K06950
score_3,K13075
score_3,K00768
score_3,K09131
score_3,K23148
score_3,K08094
score_3,K01883
score_3,K03190
score_3,K07505
score_3,K13921
score_3,K23546
score_3,K01695
score_3,K12293
score_3,K14188
score_3,K15582
score_3,K05851
score_3,K02793
score_3,K08364
score_3,K00886
score_3,K00287
score_3,K13671
score_3,K02526
score_3,K01886
score_3,K01623
score_3,K01890
score_3,K02040
score_3,K02226
score_3,K16328
score_3,K11529
score_3,K16874
score_3,K03187
score_3,K18910
score_3,K00712
score_3,K19092
score_3,K01665
score_3,K15460
score_3,K15977
score_3,K22227
score_3,K21063
score_3,K19421
score_3,K06879
score_3,K00171
score_3,K00371
score_3,K09118
score_3,K18332
score_3,K06199
score_3,K21759
score_3,K09861
score_3,K03769
score_3,K03230
score_3,K07192
score_3,K17828
score_3,K01479
score_3,K01198
score_3,K03664
score_3,K19118
score_3,K21583
score_3,K01715
score_3,K02009
score_3,K10120
score_3,K03565
score_3,K02852
score_3,K01646
score_3,K03116
score_3,K02372
score_3,K03601
score_3,K02768
score_3,K01934
score_3,K00809
score_3,K01056
score_3,K16147
score_3,K18330
score_3,K00831
score_3,K23004
score_3,K18346
score_3,K02395
score_3,K15669
score_3,K00112
score_3,K07659
score_3,K06956
score_3,K05795
score_3,K01750
score_3,K03522
score_3,K09940
score_3,K00826
score_3,K02121
score_3,K13019
score_3,K03605
score_3,K10231
score_3,K00372
score_3,K03800
score_3,K17103
score_3,K02906
score_3,K01501
score_3,K00526
score_3,K01760
score_3,K17837
score_3,K02424
score_3,K03072
score_3,K01546
score_3,K02454
score_3,K02557
score_3,K17465
score_3,K00150
score_3,K22300
score_3,K16906
score_3,K07443
score_3,K22431
score_3,K06020
score_3,K21577
score_3,K11041
score_3,K10979
score_3,K03748
score_3,K18221
score_3,K02548
score_3,K15599
score_3,K01507
score_3,K09961
score_3,K00598
score_3,K02011
score_3,K07173
score_3,K16149
score_3,K19424
score_3,K23059
score_3,K09705
score_3,K19158
score_3,K18302
score_3,K13919
score_3,K01173
score_3,K19048
score_3,K17818
score_3,K18955
score_3,K19115
score_3,K02188
score_3,K02340
score_3,K16905
score_3,K11203
score_3,K13931
score_3,K09793
score_3,K02337
score_3,K01523
score_3,K01611
score_3,K14665
score_3,K03074
score_3,K03828
score_3,K14155
score_3,K07485
score_3,K03727
score_3,K01932
score_3,K03596
score_3,K01997
score_3,K04940
score_3,K07571
score_3,K09989
score_3,K11175
score_3,K01739
score_3,K07746
score_3,K00433
score_3,K18926
score_3,K21672
score_3,K22319
score_3,K03742
score_3,K03667
score_3,K20866
score_3,K07246
score_3,K00325
score_3,K01818
score_3,K00632
score_3,K02342
score_3,K01653
score_3,K11145
score_3,K00688
score_3,K22293
score_3,K03589
score_3,K01034
score_3,K01586
score_3,K10709
score_3,K02552
score_3,K03709
score_3,K11202
score_3,K06928
score_3,K03325
score_3,K00848
score_3,K07657
score_3,K00156
score_3,K08978
score_3,K03219
score_3,K01989
score_3,K01597
score_3,K19334
score_3,K10005
score_3,K01952
score_3,K20444
score_3,K14983
score_3,K02245
score_3,K19117
score_3,K18216
score_3,K01208
score_3,K20534
score_3,K07084
score_3,K15870
score_3,K05346
score_3,K17865
score_3,K00054
score_3,K19049
score_3,K05524
score_3,K22933
score_3,K01361
score_3,K21898
score_3,K00053
score_3,K06218
score_3,K22927
score_3,K01761
score_3,K17243
score_3,K01703
score_3,K01480
score_3,K03073
score_3,K13628
score_3,K01609
score_3,K02499
score_3,K02112
score_3,K21064
score_3,K00641
score_3,K17466
score_3,K17686
score_3,K14083
score_3,K02839
score_3,K23123
score_3,K21279
score_3,K20489
score_3,K00012
score_3,K10008
score_3,K02106
score_3,K21055
score_3,K11312
score_3,K19355
score_3,K08981
score_3,K22130
score_3,K08302
score_3,K05367
score_3,K02408
score_3,K15725
score_3,K14623
score_3,K07075
score_3,K01893
score_3,K02834
score_3,K07053
score_3,K02054
score_3,K03043
score_3,K03519
score_3,K02994
score_3,K17076
score_3,K02072
score_3,K01771
score_3,K10561
score_3,K03366
score_3,K20038
score_3,K05770
score_3,K01892
score_3,K02614
score_3,K11261
score_3,K01081
score_3,K06996
score_3,K00100
score_3,K02401
score_3,K01729
score_3,K07029
score_3,K05946
score_3,K02379
score_3,K07798
score_3,K02338
score_3,K17108
score_3,K02939
score_3,K03337
score_3,K23508
score_3,K03215
score_3,K01305
score_3,K02747
score_3,K00561
score_3,K13281
score_3,K21828
score_3,K00939
score_3,K06281
score_3,K19147
score_3,K01706
score_3,K00342
score_3,K02233
score_3,K19302
score_3,K02746
score_3,K01666
score_3,K05838
score_3,K07638
score_3,K00991
score_3,K07101
score_3,K02404
score_3,K08986
score_3,K01698
score_3,K04567
score_3,K01998
score_3,K00836
score_3,K16926
score_3,K19701
score_3,K02236
score_3,K21405
score_3,K06282
score_3,K20452
score_3,K02052
score_3,K22226
score_3,K04518
score_3,K01139
score_3,K02006
score_3,K01971
score_3,K01814
score_3,K13829
score_3,K07078
score_3,K00123
score_3,K03481
score_3,K01153
score_3,K20487
score_3,K02020
score_3,K03101
score_3,K18785
score_3,K21030
score_3,K09137
score_3,K15531
score_3,K01641
score_3,K06203
score_3,K06333
score_3,K00869
score_3,K02082
score_3,K01751
score_3,K02589
score_3,K02961
score_3,K02473
score_3,K21636
score_3,K04069
score_3,K00549
score_3,K07082
score_3,K01640
score_3,K00874
score_3,K00962
score_3,K02414
score_3,K02358
score_3,K03088
score_3,K06999
score_3,K05351
score_3,K02825
score_3,K09807
score_3,K00261
score_3,K17467
score_3,K16698
score_3,K14170
score_3,K02044
score_3,K11991
score_3,K21473
score_3,K07506
score_3,K01658
score_3,K11924
score_3,K16963
score_3,K07768
score_3,K13922
score_3,K16371
score_3,K01493
score_3,K18471
score_3,K18013
score_3,K16169
score_3,K12206
score_3,K14988
score_3,K02794
score_3,K00275
score_3,K00798
score_3,K03429
score_3,K13818
score_3,K05810
score_3,K03925
score_3,K06211
score_3,K02343
score_3,K03569
score_3,K01756
score_3,K06908
score_3,K02836
score_3,K01889
score_3,K02034
score_3,K04077
score_3,K19002
score_3,K03098
score_3,K01770
score_3,K03641
score_3,K12998
score_3,K03424
score_3,K12292
score_3,K01150
score_3,K05569
score_3,K10530
score_3,K03048
score_3,K04767
score_3,K22579
score_3,K02786
score_3,K06881
score_3,K05772
score_3,K02029
score_3,K02492
score_3,K09761
score_3,K03060
score_3,K05791
score_3,K02455
score_3,K23303
score_3,K01573
score_3,K02304
score_3,K02837
score_3,K01846
score_3,K16898
score_3,K12058
score_3,K19116
score_3,K05825
score_3,K07722
score_3,K12506
score_3,K04061
score_3,K16788
score_3,K07014
score_3,K23149
score_3,K01006
score_3,K17363
score_3,K00663
score_3,K15533
score_3,K20976
score_3,K01869
score_3,K20073
score_3,K18831
score_3,K02190
score_3,K18887
score_3,K22230
score_3,K13927
score_3,K01962
score_3,K00209
score_3,K16213
score_3,K07257
score_3,K12066
score_3,K02874
score_3,K00691
score_3,K03708
score_3,K02053
score_3,K11753
score_3,K01251
score_3,K01358
score_3,K17992
score_3,K15724
score_3,K02274
score_3,K07071
score_3,K03226
score_3,K03179
score_3,K16785
score_3,K02111
score_3,K01730
score_3,K06975
score_3,K18986
score_3,K07445
score_3,K12141
score_3,K12270
score_3,K00031
score_3,K10558
score_3,K21011
score_3,K02990
score_3,K19166
score_3,K07307
score_3,K08969
score_3,K21065
score_3,K13668
score_3,K01092
score_3,K02500
score_3,K09967
score_3,K12556
score_3,K02619
score_3,K02389
score_3,K19126
score_3,K18220
score_3,K01210
score_3,K03976
score_3,K08972
score_3,K09009
score_3,K02409
score_3,K19140
score_3,K01857
score_3,K01420
score_3,K04720
score_3,K12555
score_3,K23003
score_3,K06894
score_3,K15342
score_3,K01845
score_3,K20511
score_3,K04031
score_3,K00355
score_3,K22213
score_3,K03492
score_3,K17898
score_3,K11533
score_3,K02068
score_3,K02563
score_3,K03820
score_3,K18217
score_3,K02017
score_3,K17910
score_3,K01476
score_3,K01499
score_3,K07308
score_3,K09923
score_3,K19997
score_3,K00048
score_3,K01091
score_3,K09935
score_3,K10914
score_3,K01990
score_3,K02988
score_3,K03699
score_3,K01214
score_3,K06223
score_3,K01154
score_3,K02433
score_3,K01843
score_3,K00313
score_3,K12990
score_3,K07056
score_3,K02050
score_3,K15633
score_3,K12339
score_3,K09789
score_3,K02745
score_3,K13953
score_3,K02585
score_3,K01905
score_3,K12213
score_3,K00969
score_3,K01548
score_3,K01879
score_3,K00239
score_3,K01035
score_3,K01295
score_3,K00758
score_3,K03646
score_3,K05989
score_3,K14415
score_3,K03719
score_3,K21471
score_3,K07776
score_3,K00806
score_3,K22468
score_3,K01610
score_3,K07484
score_3,K00073
score_3,K01872
score_3,K16850
score_3,K06320
score_3,K06897
score_3,K01195
score_3,K12297
score_3,K07217
score_3,K01216
score_3,K10007
score_3,K11646
score_3,K11534
score_3,K06962
score_3,K09820
score_3,K16950
score_3,K04772
score_3,K01647
score_3,K10548
score_3,K13015
score_3,K16214
score_3,K03272
score_3,K18856
score_3,K12268
score_3,K19294
score_3,K20112
score_3,K16209
score_3,K05349
score_3,K07343
score_3,K03188
score_3,K08311
score_3,K07214
score_3,K02911
score_3,K00170
score_3,K12685
score_3,K02564
score_3,K21394
score_3,K00926
score_3,K14088
score_3,K01807
score_3,K04028
score_3,K01247
score_3,K21140
score_3,K02086
score_3,K00824
score_3,K02863
score_3,K05342
score_3,K18206
score_3,K10716
score_3,K03271
score_3,K01218
score_3,K17624
score_3,K00936
score_3,K09696
score_3,K01821
score_3,K04751
score_3,K16264
score_3,K01338
score_3,K20480
score_3,K03521
score_3,K19310
score_3,K16238
score_3,K01941
score_3,K20885
score_3,K07451
score_3,K03734
score_3,K02238
score_3,K21345
score_3,K18234
score_3,K01804
score_3,K02302
score_3,K02523
score_3,K16435
score_3,K13327
score_3,K07051
score_3,K09988
score_3,K21012
score_3,K02907
score_3,K12995
score_3,K04562
score_3,K09703
score_3,K07800
score_3,K07054
score_3,K00613
score_3,K07278
score_3,K03736
score_3,K07074
score_3,K21613
score_3,K02843
score_3,K00950
score_3,K04019
score_3,K12209
score_3,K09819
score_3,K01633
score_3,K23107
score_3,K03584
score_3,K15727
score_3,K03977
score_3,K01478
score_3,K19068
score_3,K02590
score_3,K08717
score_3,K02435
score_3,K07316
score_3,K19285
score_3,K22477
score_3,K12203
score_3,K01488
score_3,K23163
score_3,K02067
score_3,K00184
score_3,K18214
score_3,K04090
score_3,K10778
score_3,K01322
score_3,K11004
score_3,K15772
score_3,K01687
score_3,K00656
score_3,K02078
score_3,K01945
score_3,K09803
score_3,K00880
score_3,K21472
score_3,K21132
score_3,K22994
score_3,K18139
score_3,K06182
score_3,K03490
score_3,K17810
score_3,K00927
score_3,K06907
score_3,K09949
score_3,K01621
score_3,K11031
score_3,K01354
score_3,K07315
score_3,K00773
score_3,K16091
score_3,K04761
score_3,K07270
score_3,K03531
score_3,K03735
score_3,K09770
score_3,K07118
score_3,K18930
score_3,K06191
score_3,K07458
score_3,K00390
score_3,K00720
score_3,K01991
score_3,K21900
score_3,K13652
score_3,K01126
score_3,K00362
score_3,K14086
score_3,K07735
score_3,K02586
score_3,K01933
score_3,K01191
score_3,K06217
score_3,K05589
score_3,K07069
score_3,K22396
score_3,K12217
score_3,K23301
score_3,K01179
score_3,K16786
score_3,K03606
score_3,K04013
score_3,K00045
score_3,K18334
score_3,K02477
score_3,K15771
score_3,K16052
score_3,K01868
score_3,K00658
score_3,K06891
score_3,K11928
score_3,K00803
score_3,K15726
score_3,K02077
score_3,K01466
score_3,K01937
score_3,K00338
score_3,K05566
score_3,K00759
score_3,K06201
score_3,K15554
score_3,K07165
score_3,K00957
score_3,K13694
score_3,K05794
score_3,K03106
score_3,K06990
score_3,K10036
score_3,K16650
score_3,K02042
score_3,K13277
score_3,K15915
score_3,K09136
score_3,K01838
score_3,K13611
score_3,K01060
score_3,K02193
score_3,K11329
score_3,K00655
score_3,K02761
score_3,K01457
score_3,K11707
score_3,K03724
score_3,K07239
score_3,K09684
score_3,K07404
score_3,K06402
score_3,K01679
score_3,K01873
score_3,K00197
score_3,K01589
score_3,K00341
score_3,K00145
score_3,K11751
score_3,K03552
score_3,K17234
score_3,K20903
score_3,K03186
score_3,K18474
score_3,K04044
score_3,K21936
score_3,K07112
score_3,K09007
score_3,K01185
score_3,K04095
score_3,K20450
score_3,K05780
score_3,K03411
score_3,K01768
score_3,K04075
score_3,K07712
score_3,K13525
score_3,K02493
score_3,K02012
score_3,K05567
score_3,K12960
score_3,K02501
score_3,K15553
score_3,K01777
score_3,K11072
score_3,K07457
score_3,K01929
score_3,K01551
score_3,K00077
score_3,K20626
score_3,K03273
score_3,K01069
score_3,K01039
score_3,K00441
score_3,K02569
score_3,K07098
score_3,K12214
score_3,K21814
score_3,K02400
score_3,K22116
score_3,K12138
score_3,K00657
score_3,K14414
score_3,K19172
score_3,K19789
score_3,K00370
score_3,K08168
score_3,K15898
score_3,K11710
score_3,K04764
score_3,K03470
score_3,K03446
score_3,K12065
score_3,K17213
score_3,K02019
score_3,K22430
score_3,K00694
score_3,K18122
score_3,K01114
score_3,K23541
score_3,K12992
score_3,K12137
score_3,K23170
score_3,K19427
score_3,K09969
score_3,K01193
score_3,K10907
score_3,K03772
score_3,K19139
score_3,K11181
score_3,K22232
score_3,K09167
score_3,K18349
score_3,K13788
score_3,K11709
score_3,K18475
score_3,K00135
score_3,K01950
score_3,K09144
score_3,K02051
score_3,K09001
score_3,K06941
score_3,K23169
score_3,K16925
score_3,K19883
score_3,K00373
score_3,K06166
score_3,K03756
score_3,K01581
score_3,K20484
score_3,K03704
score_3,K01058
score_3,K01728
score_3,K18350
score_3,K03182
score_3,K03090
score_3,K02688
score_3,K07357
score_3,K01625
score_3,K02533
score_3,K01812
score_3,K11785
score_3,K06221
score_3,K07813
score_3,K02224
score_3,K01809
score_3,K00042
score_3,K02397
score_3,K03409
score_3,K11606
score_3,K06929
score_3,K22349
score_3,K03830
score_3,K16885
score_3,K16235
score_3,K01938
score_3,K14091
score_3,K02045
score_3,K02784
score_3,K03638
score_3,K17236
score_3,K11615
score_3,K01737
score_3,K07491
score_3,K01429
score_3,K04783
score_3,K03390
score_3,K06859
score_3,K23352
score_3,K03412
score_3,K19170
score_3,K00041
score_3,K01266
score_3,K06606
score_3,K01147
score_3,K03562
score_3,K01649
score_3,K08161
score_3,K00010
score_3,K18303
score_3,K00094
score_3,K15520
score_3,K06395
score_3,K04749
score_3,K11690
score_3,K18120
score_3,K23077
score_3,K05363
score_3,K13288
score_3,K19710
score_3,K20509
score_3,K03497
score_3,K02056
score_3,K13929
score_3,K05916
score_3,K19169
score_3,K03604
score_3,K17218
score_3,K07127
score_3,K21681
score_3,K15125
score_3,K19273
score_3,K02283
score_3,K23356
score_3,K06408
score_3,K00164
score_3,K09964
score_3,K07275
score_3,K07729
score_3,K11065
score_3,K07654
score_3,K07106
score_3,K13990
score_3,K20341
score_3,K11051
score_3,K23537
score_3,K12140
score_3,K01823
score_3,K01626
score_3,K14090
score_3,K18014
score_3,K01176
score_3,K06334
score_3,K02010
score_3,K09477
score_3,K03642
score_3,K18205
score_3,K12111
score_3,K20862
score_3,K16153
score_3,K07250
score_3,K07219
score_3,K21619
score_3,K13963
score_3,K00065
score_3,K12503
score_3,K02282
score_3,K17073
score_3,K07080
score_3,K03572
score_3,K07741
score_3,K12218
score_3,K09011
score_3,K03732
score_3,K13819
score_3,K01685
score_3,K18479
score_3,K05337
score_3,K01803
score_3,K20265
score_3,K00978
score_3,K07272
score_3,K01011
score_3,K08297
score_3,K11214
score_3,K18545
score_3,K01866
score_3,K00625
score_3,K07979
score_3,K00640
score_3,K01926
score_3,K21344
score_3,K05568
score_3,K02230
score_3,K19119
score_3,K02047
score_3,K09697
score_3,K04566
score_3,K00344
score_3,K12528
score_3,K07739
score_3,K16922
score_3,K10681
score_3,K00619
score_3,K16961
score_3,K01816
score_3,K11050
score_3,K16846
score_3,K07126
score_3,K07037
score_3,K01738
score_3,K00002
score_3,K01613
score_3,K02119
score_3,K16923
score_3,K20257
score_3,K07666
score_3,K16212
score_3,K02664
score_3,K17074
score_3,K02028
score_3,K01436
score_3,K15583
score_3,K16087
score_3,K02291
score_3,K01783
score_3,K08319
score_3,K14982
score_3,K09825
score_3,K18814
score_3,K13280
score_3,K07507
score_3,K02444
score_3,K01628
score_3,K02313
score_3,K01854
score_3,K11180
score_3,K10107
score_3,K00009
score_3,K01284
score_3,K01999
score_3,K18828
score_3,K01449
score_3,K09979
score_3,K09791
score_3,K18118
score_3,K01485
score_3,K09931
score_3,K20488
score_3,K03926
score_3,K02415
score_3,K01561
score_3,K09692
score_3,K03399
score_3,K01849
score_3,K11738
score_3,K03077
score_3,K18890
score_3,K01780
score_3,K01629
score_3,K12072
score_3,K01262
score_3,K07032
score_3,K18285
score_3,K07006
score_3,K01993
score_3,K06205
score_3,K02591
score_3,K09689
score_3,K04014
score_3,K01958
score_3,K09155
score_3,K03738
score_3,K00111
score_3,K05306
score_3,K07787
score_3,K00547
score_3,K01579
score_3,K03564
score_3,K09138
score_3,K23573
score_3,K04750
score_3,K11749
score_3,K07148
score_3,K05396
score_3,K16203
score_3,K00346
score_3,K06909
score_3,K09702
score_3,K03666
score_3,K07719
score_3,K02041
score_3,K04784
score_3,K01839
score_3,K00102
score_3,K20974
score_3,K00603
score_3,K00437
score_3,K17215
score_3,K00046
score_3,K21947
score_3,K01813
score_3,K02075
score_3,K03299
score_3,K04561
score_3,K19956
score_3,K03760
score_3,K08153
score_3,K13587
score_3,K07442
score_3,K06331
score_3,K01439
score_3,K02426
score_3,K02025
score_3,K03405
score_3,K03582
score_3,K00931
score_3,K02574
score_3,K00986
score_3,K10823
score_3,K02554
score_3,K01921
score_3,K13643
score_3,K05801
score_3,K02168
score_3,K11755
score_3,K07406
score_3,K03437
score_3,K02018
score_3,K02182
score_3,K11743
score_3,K17734
score_3,K05352
score_3,K22212
score_3,K01428
score_3,K20814
score_3,K07031
score_3,K01474
score_3,K15580
score_3,K15770
score_3,K06446
score_3,K10819
score_3,K01520
score_3,K02935
score_3,K02420
score_3,K00981
score_3,K00057
score_3,K05366
score_3,K02171
score_3,K19167
score_3,K05988
score_3,K02110
score_3,K22132
score_3,K00604
score_3,K02970
score_3,K19165
score_3,K02440
score_3,K02242
score_3,K01182
score_3,K22723
score_3,K11708
score_3,K13599
score_3,K22044
score_3,K00281
score_3,K02443
score_3,K12240
score_3,K15738
score_3,K02916
score_3,K06608
score_3,K08159
score_3,K21573
score_3,K06610
score_3,K05811
score_3,K17733
score_3,K02483
score_3,K18918
score_3,K09139
score_3,K01224
score_3,K01008
score_3,K11381
score_3,K10547
score_3,K02520
score_3,K03547
score_3,K10012
score_3,K01181
score_3,K01668
score_3,K21467
score_3,K12982
score_3,K06001
score_3,K23398
score_3,K00633
score_3,K03224
score_3,K22373
score_3,K00970
score_3,K05873
score_3,K02968
score_3,K01575
score_3,K00854
score_3,K23259
score_3,K20492
score_3,K16139
score_3,K15975
score_3,K00381
score_3,K02594
score_3,K15581
score_3,K00571
score_3,K05816
score_3,K02390
score_3,K06181
score_3,K04045
score_3,K01758
score_3,K18816
score_3,K02133
score_3,K07309
score_3,K02946
score_3,K06915
score_3,K07321
score_3,K01677
score_3,K03826
score_3,K02525
score_3,K13584
score_3,K00983
score_3,K11071
score_3,K16924
score_3,K14761
score_3,K01834
score_3,K02243
score_3,K10037
score_3,K10682
score_3,K03972
score_3,K00954
score_3,K01308
score_3,K01451
score_3,K01736
score_3,K19508
score_3,K12296
score_3,K01995
score_3,K01265
score_3,K12511
score_3,K03227
score_3,K07705
score_3,K00800
score_3,K21563
score_3,K19309
score_3,K14153
score_3,K02015
score_3,K02005
score_3,K02838
score_3,K19159
score_3,K15773
score_3,K09951
score_3,K00283
score_3,K01270
score_3,K06952
score_3,K19123
score_3,K01657
score_3,K11070
score_3,K00928
score_3,K20342
score_3,K18704
score_3,K20415
score_3,K10213
score_3,K01089
score_3,K21749
score_3,K18893
score_3,K02237
score_3,K20491
score_3,K02004
score_3,K05822
score_3,K06942
score_3,K14205
score_3,K02986
score_3,K08680
score_3,K01915
score_3,K03147
score_3,K16959
score_3,K01727
score_3,K19509
score_3,K17899
score_3,K03799
score_3,K11720
score_3,K18672
score_3,K12295
score_3,K00853
score_3,K22958
score_3,K02598
score_3,K07717
score_3,K02026
score_3,K03652
score_3,K02777
score_3,K14540
score_3,K02073
score_3,K19091
score_3,K06206
score_3,K01486
score_3,K19954
score_3,K04029
score_3,K03624
score_3,K11527
score_3,K06163
score_3,K10697
score_3,K02411
score_3,K02203
score_3,K15974
score_3,K21399
score_3,K07727
score_3,K01580
score_3,K03612
score_3,K00564
score_3,K01235
score_3,K14977
score_3,K12940
score_3,K21903
score_3,K07670
score_3,K03394
score_3,K15876
score_3,K02864
score_3,K18692
score_3,K01953
score_3,K02003
score_3,K02867
score_3,K07318
score_3,K01161
score_3,K01142
score_3,K07004
score_3,K12942
score_3,K19271
score_3,K08151
score_3,K01788
score_3,K04096
score_3,K03706
score_3,K06895
score_3,K12554
score_3,K16960
score_3,K02396
score_3,K13252
score_3,K14058
score_3,K01754
score_3,K17235
score_3,K17331
score_3,K00245
score_3,K06878
score_3,K16014
score_3,K03095
score_3,K02488
score_3,K18675
score_3,K13920
score_3,K03930
score_3,K18829
score_3,K15555
score_3,K19005
score_3,K12999
score_3,K01448
score_3,K07224
score_3,K11614
score_3,K09471
score_3,K01699
score_3,K01778
score_3,K01697
score_3,K06384
score_3,K02663
score_3,K01644
score_3,K11782
score_3,K02437
score_3,K03293
score_3,K02117
score_3,K02109
score_3,K21498
score_3,K13040
score_3,K08167
score_3,K08314
score_3,K02926
score_3,K15584
score_3,K01914
score_3,K06877
score_3,K16148
score_3,K12452
score_3,K11144
score_3,K19955
score_3,K03651
score_3,K07393
score_3,K12660
score_3,K03313
score_3,K01194
score_3,K22457
score_3,K01246
score_3,K01297
score_3,K02240
score_3,K00851
score_3,K01227
score_3,K13038
score_3,K05685
score_3,K07133
score_3,K00858
score_3,K01710
score_3,K01654
score_3,K09117
score_3,K02074
score_3,K11617
score_3,K04565
score_3,K22606
score_3,K12997
score_3,K19429
score_3,K02428
score_3,K17836
score_3,K15586
score_3,K13571
score_3,K01858
score_3,K16301
score_3,K02348
score_3,K15778
score_3,K11068
score_3,K02000
score_3,K19125
score_3,K03274
score_3,K01709
score_3,K01916
score_3,K02120
score_3,K08281
score_3,K00784
score_3,K12661
score_3,K13640
score_3,K12733
score_3,K17947
score_3,K01104
score_3,K00772
score_3,K01273
score_3,K01755
score_3,K02035
score_3,K13787
score_3,K10986
score_3,K02601
score_3,K23518
score_3,K02232
score_3,K03932
score_3,K02103
score_3,K02902
score_3,K06904
score_3,K11537
score_3,K13932
score_3,K00330
score_3,K02652
score_3,K03471
score_3,K02666
score_3,K08372
score_3,K19803
score_3,K04516
score_3,K16651
score_3,K14445
score_3,K06193
score_3,K23270
score_3,K11934
score_3,K18348
score_3,K19168
score_3,K19124
score_3,K01815
score_3,K02124
score_3,K03834
score_3,K02049
score_3,K00030
score_3,K15921
score_3,K23257
score_3,K14379
score_3,K01844
score_3,K01355
score_3,K00198
score_3,K08999
score_3,K03473
score_3,K00681
score_3,K18345
score_3,K09973
score_3,K02099
score_3,K01590
score_3,K07017
score_3,K01791
score_3,K01026
score_3,K03444
score_3,K02815
score_3,K03544
score_3,K06284
score_3,K18197
score_3,K03196
score_3,K22432
score_3,K00697
score_3,K21556
score_3,K02528
score_3,K20037
score_3,K04026
score_3,K01841
score_3,K03558
score_3,K23182
score_3,K15899
score_3,K21557
score_3,K03534
score_3,K15524
score_3,K18891
score_3,K11927
score_3,K02687
score_3,K01678
score_3,K02316
score_3,K00647
score_3,K22906
score_3,K01304
score_3,K01599
score_3,K12373
score_3,K01885
score_3,K18012
score_3,K13049
score_3,K03367
score_3,K02824
score_3,K15855
score_3,K21567
score_3,K17241
score_3,K07304
score_3,K06391
score_3,K01612
score_3,K17246
score_3,K01635
score_3,K17245
score_3,K22441
score_3,K03833
score_3,K11102
score_3,K11618
score_3,K02118
score_3,K12410
score_3,K18830
score_3,K01201
score_3,K00158
score_3,K03752
score_3,K00616
score_3,K22901
score_3,K01652
score_3,K03813
score_3,K02058
score_3,K11784
score_3,K01784
score_3,K17758
score_3,K05823
score_3,K02453
score_3,K11921
score_3,K19090
score_3,K06872
score_3,K03297
score_3,K03476
score_3,K10563
score_3,K10985
score_3,K03191
score_3,K10441
score_3,K17242
score_3,K00130
score_3,K19422
score_3,K08309
score_3,K22900
score_3,K17735
score_3,K02858
score_3,K21395
score_3,K02992
score_3,K01232
score_3,K13497
score_3,K19972
score_3,K17759
score_3,K01802
score_3,K14731
score_3,K05846
score_3,K02108
score_3,K01708
score_3,K00997
score_3,K15527
score_3,K22103
score_3,K04076
score_3,K02413
score_3,K01711
score_3,K02014
score_3,K03491
score_3,K02416
score_3,K04844
score_3,K15023
score_3,K01880
score_3,K21572
score_3,K03276
score_3,K10710
score_3,K07266
score_3,K00558
score_3,K07016
score_3,K00709
score_3,K14654
score_3,K02217
score_3,K06117
score_3,K02172
score_3,K20859
score_3,K03578
score_3,K10974
score_3,K07139
score_3,K04092
score_3,K03818
score_3,K01286
score_3,K16957
score_3,K03289
score_3,K00817
score_3,K12541
score_3,K02346
score_3,K07243
score_3,K01734
score_3,K12527
score_3,K09809
score_3,K02032
score_3,K03628
score_3,K11206
score_3,K02248
score_3,K19046
score_3,K07483
score_3,K10805
score_3,K22902
score_3,K09922
score_3,K00973
score_3,K06920
score_3,K03517
score_3,K07313
score_3,K00324
score_3,K01759
score_3,K12251
score_3,K23245
score_3,K06297
score_3,K00174
score_3,K02115
score_3,K01919
score_3,K18707
score_3,K00230
score_3,K07649
score_3,K01077
score_3,K07668
score_3,K21961
score_3,K04062
score_3,K23231
score_3,K17195
score_3,K03711
score_3,K01746
score_3,K19689
score_3,K18008
score_3,K02246
score_3,K15371
score_3,K00128
score_3,K01630
score_3,K03722
score_3,K02841
score_3,K10678
score_3,K13891
score_3,K18011
score_3,K01531
score_3,K21750
score_3,K02427
score_3,K20904
score_3,K07115
score_3,K05593
score_3,K00134
score_3,K22699
score_3,K18237
score_3,K01534
score_3,K00091
score_3,K07221
score_3,K21993
score_3,K01661
score_3,K01674
score_3,K17723
score_3,K19299
score_3,K05796
score_3,K12267
score_3,K01252
score_3,K02573
score_3,K00194
score_3,K07130
score_3,K02195
score_3,K13735
score_3,K10939
score_3,K02550
score_3,K09972
score_3,K06906
score_3,K01042
score_3,K14194
score_3,K01643
score_3,K01996
score_3,K01494
score_3,K01733
score_3,K05515
score_3,K02956
score_3,K14260
score_3,K02107
score_3,K01465
score_3,K02884
score_3,K02038
score_3,K02914
score_3,K02909
score_3,K02706
score_3,K00873
score_3,K09748
score_3,K05303
score_3,K01895
score_3,K00058
score_3,K21397
score_3,K21574
score_3,K09936
score_3,K02037
score_3,K02689
score_3,K12510
score_3,K02805
score_3,K07726
score_3,K01390
score_3,K01704
score_3,K01787
score_3,K01588
score_3,K00339
score_3,K16509
score_3,K01775
score_3,K19137
score_3,K02001
score_3,K04078
score_3,K11358
score_3,K09817
score_3,K15984
score_3,K09798
score_3,K02278
score_3,K02538
score_3,K01200
score_3,K15534
score_3,K20490
score_3,K01129
score_3,K16915
score_3,K05592
score_3,K03811
score_3,K00832
score_3,K02814
score_3,K11211
score_3,K05520
score_3,K03336
score_3,K21575
score_3,K21464
score_3,K02536
score_3,K07079
score_3,K23258
score_3,K02856
score_3,K01870
score_3,K02600
score_3,K01002
score_3,K13052
score_3,K13993
score_3,K00108
score_3,K01811
score_3,K02651
score_3,K02796
score_3,K01258
score_3,K02771
score_3,K02895
score_3,K01662
score_3,K06949
score_3,K21746
score_3,K02530
score_3,K01923
score_3,K02315
score_3,K03816
score_3,K22024
score_3,K13581
score_3,K00052
score_3,K04653
score_3,K00845
score_3,K01620
score_3,K22105
score_3,K00029
score_3,K02356
score_3,K20530
score_3,K01924
score_3,K02439
score_3,K04755
score_3,K02303
score_3,K16089
score_3,K21071
score_3,K13940
score_3,K02387
score_3,K11717
score_3,K04654
score_3,K00347
score_3,K02527
score_3,K12340
score_3,K00395
score_3,K12996
score_3,K01537
score_3,K16789
score_3,K21449
score_3,K03657
score_3,K01847
score_3,K01960
score_3,K09799
score_3,K03177
score_3,K01785
score_3,K12454
score_3,K03475
score_3,K01615
score_3,K00382
score_3,K16787
score_3,K01192
score_3,K02529
score_3,K12257
score_3,K06416
score_3,K06287
score_3,K11184
score_3,K02879
score_3,K02705
score_3,K03625
score_3,K09779
score_3,K03275
score_3,K01714
score_3,K03439
score_3,K01462
score_3,K12941
score_3,K01887
score_3,K01740
score_3,K12371
score_3,K02871
score_3,K13004
score_3,K11085
score_3,K23005
score_3,K01159
score_3,K06605
score_3,K03546
score_3,K07305
score_3,K01425
score_3,K00014
score_3,K00033
score_3,K00116
score_3,K00127
score_3,K00163
score_3,K00175
score_3,K00176
score_3,K00183
score_3,K00196
score_3,K00219
score_3,K00246
score_3,K00262
score_3,K00282
score_3,K00286
score_3,K00303
score_3,K00331
score_3,K00333
score_3,K00428
score_3,K00533
score_3,K00566
score_3,K00574
score_3,K00600
score_3,K00645
score_3,K00666
score_3,K00760
score_3,K00766
score_3,K00788
score_3,K00794
score_3,K00799
score_3,K00801
score_3,K00821
score_3,K00823
score_3,K00833
score_3,K00835
score_3,K00850
score_3,K00860
score_3,K00865
score_3,K00876
score_3,K00879
score_3,K00925
score_3,K00929
score_3,K00942
score_3,K00949
score_3,K00955
score_3,K00968
score_3,K00982
score_3,K00989
score_3,K00995
score_3,K01007
score_3,K01012
score_3,K01048
score_3,K01057
score_3,K01066
score_3,K01087
score_3,K01095
score_3,K01101
score_3,K01119
score_3,K01130
score_3,K01155
score_3,K01166
score_3,K01186
score_3,K01187
score_3,K01190
score_3,K01207
score_3,K01209
score_3,K01215
score_3,K01220
score_3,K01223
score_3,K01241
score_3,K01243
score_3,K01259
score_3,K01267
score_3,K01274
score_3,K01278
score_3,K01356
score_3,K01372
score_3,K01409
score_3,K01419
score_3,K01421
score_3,K01426
score_3,K01442
score_3,K01443
score_3,K01455
score_3,K01464
score_3,K01468
score_3,K01487
score_3,K01489
score_3,K01512
score_3,K01515
score_3,K01533
score_3,K01595
score_3,K01601
score_3,K01619
score_3,K01624
score_3,K01627
score_3,K01667
score_3,K01676
score_3,K01681
score_3,K01684
score_3,K01686
score_3,K01693
score_3,K01696
score_3,K01712
score_3,K01713
score_3,K01719
score_3,K01744
score_3,K01745
score_3,K01752
score_3,K01753
score_3,K01776
score_3,K01790
score_3,K01805
score_3,K01808
score_3,K01819
score_3,K01867
score_3,K01874
score_3,K01876
score_3,K01894
score_3,K01897
score_3,K01906
score_3,K01911
score_3,K01918
score_3,K01920
score_3,K01928
score_3,K01940
score_3,K01951
score_3,K01955
score_3,K01956
score_3,K01963
score_3,K01992
score_3,K02002
score_3,K02008
score_3,K02013
score_3,K02016
score_3,K02022
score_3,K02027
score_3,K02031
score_3,K02036
score_3,K02046
score_3,K02069
score_3,K02083
score_3,K02114
score_3,K02122
score_3,K02160
score_3,K02173
score_3,K02189
score_3,K02191
score_3,K02221
score_3,K02227
score_3,K02231
score_3,K02244
score_3,K02279
score_3,K02314
score_3,K02334
score_3,K02385
score_3,K02388
score_3,K02405
score_3,K02406
score_3,K02407
score_3,K02417
score_3,K02419
score_3,K02422
score_3,K02429
score_3,K02431
score_3,K02446
score_3,K02456
score_3,K02472
score_3,K02484
score_3,K02502
score_3,K02503
score_3,K02509
score_3,K02518
score_3,K02519
score_3,K02549
score_3,K02551
score_3,K02558
score_3,K02566
score_3,K02587
score_3,K02621
score_3,K02622
score_3,K02626
score_3,K02647
score_3,K02650
score_3,K02653
score_3,K02654
score_3,K02656
score_3,K02669
score_3,K02671
score_3,K02690
score_3,K02704
score_3,K02760
score_3,K02769
score_3,K02773
score_3,K02775
score_3,K02781
score_3,K02783
score_3,K02795
score_3,K02798
score_3,K02812
score_3,K02821
score_3,K02851
score_3,K02876
score_3,K02878
score_3,K02887
score_3,K02890
score_3,K02899
score_3,K02904
score_3,K02913
score_3,K02948
score_3,K02950
score_3,K02952
score_3,K02959
score_3,K02963
score_3,K02982
score_3,K03070
score_3,K03071
score_3,K03110
score_3,K03148
score_3,K03154
score_3,K03218
score_3,K03229
score_3,K03231
score_3,K03269
score_3,K03294
score_3,K03296
score_3,K03301
score_3,K03306
score_3,K03312
score_3,K03326
score_3,K03327
score_3,K03328
score_3,K03335
score_3,K03338
score_3,K03340
score_3,K03385
score_3,K03408
score_3,K03417
score_3,K03426
score_3,K03445
score_3,K03451
score_3,K03474
score_3,K03482
score_3,K03535
score_3,K03543
score_3,K03545
score_3,K03548
score_3,K03576
score_3,K03586
score_3,K03592
score_3,K03599
score_3,K03615
score_3,K03620
score_3,K03633
score_3,K03644
score_3,K03684
score_3,K03687
score_3,K03690
score_3,K03696
score_3,K03737
score_3,K03786
score_3,K03787
score_3,K03797
score_3,K03819
score_3,K03823
score_3,K03837
score_3,K03855
score_3,K03929
score_3,K03980
score_3,K04015
score_3,K04041
score_3,K04072
score_3,K04655
score_3,K04744
score_3,K04753
score_3,K04762
score_3,K05340
score_3,K05522
score_3,K05541
score_3,K05590
score_3,K05601
score_3,K05777
score_3,K05786
score_3,K05804
score_3,K05939
score_3,K05967
score_3,K05970
score_3,K05982
score_3,K06019
score_3,K06045
score_3,K06113
score_3,K06133
score_3,K06151
score_3,K06167
score_3,K06180
score_3,K06188
score_3,K06194
score_3,K06209
score_3,K06215
score_3,K06317
score_3,K06400
score_3,K06436
score_3,K06518
score_3,K06603
score_3,K06889
score_3,K06925
score_3,K06980
score_3,K06988
score_3,K06994
score_3,K07000
score_3,K07009
score_3,K07023
score_3,K07027
score_3,K07038
score_3,K07095
score_3,K07109
score_3,K07120
score_3,K07156
score_3,K07213
score_3,K07259
score_3,K07264
score_3,K07265
score_3,K07271
score_3,K07347
score_3,K07407
score_3,K07454
score_3,K07462
score_3,K07467
score_3,K07473
score_3,K07493
score_3,K07496
score_3,K07503
score_3,K07559
score_3,K07665
score_3,K07676
score_3,K07678
score_3,K07733
score_3,K07783
score_3,K07784
score_3,K07788
score_3,K07793
score_3,K07812
score_3,K08219
score_3,K08222
score_3,K08289
score_3,K08315
score_3,K08322
score_3,K08323
score_3,K08351
score_3,K08352
score_3,K08368
score_3,K08641
score_3,K08998
score_3,K09005
score_3,K09013
score_3,K09022
score_3,K09116
score_3,K09251
score_3,K09456
score_3,K09516
score_3,K09710
score_3,K09729
score_3,K09767
score_3,K09773
score_3,K09794
score_3,K09815
score_3,K09888
score_3,K09903
score_3,K09925
score_3,K09946
score_3,K09952
score_3,K09955
score_3,K09971
score_3,K10001
score_3,K10004
score_3,K10006
score_3,K10011
score_3,K10038
score_3,K10439
score_3,K10537
score_3,K10539
score_3,K10747
score_3,K10773
score_3,K10806
score_3,K10830
score_3,K10947
score_3,K10975
score_3,K11069
score_3,K11105
score_3,K11107
score_3,K11177
score_3,K11189
score_3,K11216
score_3,K11645
score_3,K11694
score_3,K11745
score_3,K11752
score_3,K12060
score_3,K12063
score_3,K12132
score_3,K12269
score_3,K12294
score_3,K12343
score_3,K12349
score_3,K12368
score_3,K12507
score_3,K12524
score_3,K12573
score_3,K12678
score_3,K12684
score_3,K12700
score_3,K12975
score_3,K12978
score_3,K13053
score_3,K13292
score_3,K13378
score_3,K13479
score_3,K13529
score_3,K13566
score_3,K13570
score_3,K13573
score_3,K13626
score_3,K13677
score_3,K13678
score_3,K13747
score_3,K13789
score_3,K13888
score_3,K13893
score_3,K13894
score_3,K13954
score_3,K14162
score_3,K14274
score_3,K14392
score_3,K14441
score_3,K14475
score_3,K14534
score_3,K14651
score_3,K14682
score_3,K14742
score_3,K14989
score_3,K15635
score_3,K15777
score_3,K15830
score_3,K15831
score_3,K15834
score_3,K15866
score_3,K15868
score_3,K15894
score_3,K15923
score_3,K15986
score_3,K15987
score_3,K16053
score_3,K16090
score_3,K16092
score_3,K16211
score_3,K16329
score_3,K16346
score_3,K16511
score_3,K16962
score_3,K17077
score_3,K18094
score_3,K18095
score_3,K18104
score_3,K18123
score_3,K18218
score_3,K18554
score_3,K18581
score_3,K18640
score_3,K18682
score_3,K18691
score_3,K18800
score_3,K18817
score_3,K18907
score_3,K18928
score_3,K18929
score_3,K18954
score_3,K19052
score_3,K19138
score_3,K19225
score_3,K19228
score_3,K19231
score_3,K19236
score_3,K19265
score_3,K19268
score_3,K19411
score_3,K19419
score_3,K19504
score_3,K19506
score_3,K19507
score_3,K19510
score_3,K20074
score_3,K20113
score_3,K20114
score_3,K20483
score_3,K20541
score_3,K20627
score_3,K21028
score_3,K21393
score_3,K21463
score_3,K21495
score_3,K21511
score_3,K21739
score_3,K21885
score_3,K21908
score_3,K21929
score_3,K21974
score_3,K21977
score_3,K22010
score_3,K22278
score_3,K22339
score_3,K23121
score_3,K23265
score_4,K17398
score_4,K23547
score_4,K01607
score_4,K09469
score_4,K10241
score_4,K02744
score_4,K21948
score_4,K22424
score_4,K02510
score_4,K21417
score_4,K16248
score_4,K01725
score_4,K16951
score_4,K03650
score_4,K09924
score_4,K23393
score_4,K21578
score_4,K01524
score_4,K22605
score_4,K00567
score_4,K05979
score_4,K09760
score_4,K01040
score_4,K11741
score_4,K07552
score_4,K13016
score_4,K21023
score_4,K18344
score_4,K22607
score_4,K03602
score_4,K22405
score_4,K19545
score_4,K08722
score_4,K03324
score_4,K18979
score_4,K09859
score_4,K02517
score_4,K18866
score_4,K06120
score_4,K01560
score_4,K01910
score_4,K04835
score_4,K11733
score_4,K23189
score_4,K07149
score_4,K18119
score_4,K02474
score_4,K17716
score_4,K17204
score_4,K00863
score_4,K01430
score_4,K19428
score_4,K20276
score_4,K01046
score_4,K21576
score_4,K18331
score_4,K18889
score_4,K06153
score_4,K23351
score_4,K03087
score_4,K03111
score_4,K10560
score_4,K17318
score_4,K23536
score_4,K10708
score_4,K08963
score_4,K19540
score_4,K19405
score_4,K06013
score_4,K02531
score_4,K03841
score_4,K15552
score_4,K22736
score_4,K06015
score_4,K01299
score_4,K14048
score_4,K15515
score_4,K20344
score_4,K07089
score_4,K13653
score_4,K21579
score_4,K07337
score_4,K22522
score_4,K17319
score_4,K02039
score_4,K16881
score_4,K20345
score_4,K06997
score_4,K15924
score_4,K15922
score_4,K19134
score_4,K01925
score_4,K07306
score_4,K02434
score_4,K09764
score_4,K00254
score_4,K01903
score_4,K00113
score_4,K21400
score_4,K00560
score_4,K01261
score_4,K16907
score_4,K02197
score_4,K07460
score_4,K01939
score_4,K02055
score_4,K03503
score_4,K03803
score_4,K01972
score_4,K21416
score_4,K11104
score_4,K07319
score_4,K22129
score_4,K18427
score_4,K21571
score_4,K04047
score_4,K00364
score_4,K10556
score_4,K13542
score_4,K07025
score_4,K01902
score_4,K17320
score_4,K07341
score_4,K19114
score_4,K19286
score_4,K09014
score_4,K10559
score_4,K03969
score_4,K00459
score_4,K19505
score_4,K01226
score_4,K06926
score_4,K01473
score_4,K03665
score_4,K23535
score_4,K13012
score_4,K12059
score_4,K01735
score_4,K19171
score_4,K03975
score_4,K18231
score_4,K01835
score_4,K02933
score_4,K03781
score_4,K14652
score_4,K01779
score_4,K09812
score_4,K08299
score_4,K05808
score_4,K07132
score_4,K08282
score_4,K00819
score_4,K07455
score_4,K00661
score_4,K01151
score_4,K01817
score_4,K01547
score_4,K21147
score_4,K19242
score_4,K16784
score_4,K15871
score_4,K07005
score_4,K07704
score_4,K01281
score_4,K07474
score_4,K06950
score_4,K13075
score_4,K00768
score_4,K09131
score_4,K23148
score_4,K08094
score_4,K01883
score_4,K03190
score_4,K07505
score_4,K13921
score_4,K23546
score_4,K01695
score_4,K12293
score_4,K14188
score_4,K15582
score_4,K05851
score_4,K02793
score_4,K08364
score_4,K00886
score_4,K00287
score_4,K13671
score_4,K02526
score_4,K01886
score_4,K01623
score_4,K01890
score_4,K02040
score_4,K02226
score_4,K16328
score_4,K11529
score_4,K16874
score_4,K03187
score_4,K18910
score_4,K00712
score_4,K19092
score_4,K01665
score_4,K15460
score_4,K15977
score_4,K22227
score_4,K21063
score_4,K19421
score_4,K06879
score_4,K00171
score_4,K00371
score_4,K09118
score_4,K18332
score_4,K06199
score_4,K21759
score_4,K09861
score_4,K03769
score_4,K03230
score_4,K07192
score_4,K17828
score_4,K01479
score_4,K01198
score_4,K03664
score_4,K19118
score_4,K21583
score_4,K01715
score_4,K02009
score_4,K10120
score_4,K03565
score_4,K02852
score_4,K01646
score_4,K03116
score_4,K02372
score_4,K03601
score_4,K02768
score_4,K01934
score_4,K00809
score_4,K01056
score_4,K16147
score_4,K18330
score_4,K00831
score_4,K23004
score_4,K18346
score_4,K02395
score_4,K15669
score_4,K00112
score_4,K07659
score_4,K06956
score_4,K05795
score_4,K01750
score_4,K03522
score_4,K09940
score_4,K00826
score_4,K02121
score_4,K13019
score_4,K03605
score_4,K10231
score_4,K00372
score_4,K03800
score_4,K17103
score_4,K02906
score_4,K01501
score_4,K00526
score_4,K01760
score_4,K17837
score_4,K02424
score_4,K03072
score_4,K01546
score_4,K02454
score_4,K02557
score_4,K17465
score_4,K00150
score_4,K22300
score_4,K16906
score_4,K07443
score_4,K22431
score_4,K06020
score_4,K21577
score_4,K11041
score_4,K10979
score_4,K03748
score_4,K18221
score_4,K02548
score_4,K15599
score_4,K01507
score_4,K09961
score_4,K00598
score_4,K02011
score_4,K07173
score_4,K16149
score_4,K19424
score_4,K23059
score_4,K09705
score_4,K19158
score_4,K18302
score_4,K13919
score_4,K01173
score_4,K19048
score_4,K17818
score_4,K18955
score_4,K19115
score_4,K02188
score_4,K02340
score_4,K16905
score_4,K11203
score_4,K13931
score_4,K09793
score_4,K02337
score_4,K01523
score_4,K01611
score_4,K14665
score_4,K03074
score_4,K03828
score_4,K14155
score_4,K07485
score_4,K03727
score_4,K01932
score_4,K03596
score_4,K01997
score_4,K04940
score_4,K07571
score_4,K09989
score_4,K11175
score_4,K01739
score_4,K07746
score_4,K00433
score_4,K18926
score_4,K21672
score_4,K22319
score_4,K03742
score_4,K03667
score_4,K20866
score_4,K07246
score_4,K00325
score_4,K01818
score_4,K00632
score_4,K02342
score_4,K01653
score_4,K11145
score_4,K00688
score_4,K22293
score_4,K03589
score_4,K01034
score_4,K01586
score_4,K10709
score_4,K02552
score_4,K03709
score_4,K11202
score_4,K06928
score_4,K03325
score_4,K00848
score_4,K07657
score_4,K00156
score_4,K08978
score_4,K03219
score_4,K01989
score_4,K01597
score_4,K19334
score_4,K10005
score_4,K01952
score_4,K20444
score_4,K14983
score_4,K02245
score_4,K19117
score_4,K18216
score_4,K01208
score_4,K20534
score_4,K07084
score_4,K15870
score_4,K05346
score_4,K17865
score_4,K00054
score_4,K19049
score_4,K05524
score_4,K22933
score_4,K01361
score_4,K21898
score_4,K00053
score_4,K06218
score_4,K22927
score_4,K01761
score_4,K17243
score_4,K01703
score_4,K01480
score_4,K03073
score_4,K13628
score_4,K01609
score_4,K02499
score_4,K02112
score_4,K21064
score_4,K00641
score_4,K17466
score_4,K17686
score_4,K14083
score_4,K02839
score_4,K23123
score_4,K21279
score_4,K20489
score_4,K00012
score_4,K10008
score_4,K02106
score_4,K21055
score_4,K11312
score_4,K19355
score_4,K08981
score_4,K22130
score_4,K08302
score_4,K05367
score_4,K02408
score_4,K15725
score_4,K14623
score_4,K07075
score_4,K01893
score_4,K02834
score_4,K07053
score_4,K02054
score_4,K03043
score_4,K03519
score_4,K02994
score_4,K17076
score_4,K02072
score_4,K01771
score_4,K10561
score_4,K03366
score_4,K20038
score_4,K05770
score_4,K01892
score_4,K02614
score_4,K11261
score_4,K01081
score_4,K06996
score_4,K00100
score_4,K02401
score_4,K01729
score_4,K07029
score_4,K05946
score_4,K02379
score_4,K07798
score_4,K02338
score_4,K17108
score_4,K02939
score_4,K03337
score_4,K23508
score_4,K03215
score_4,K01305
score_4,K02747
score_4,K00561
score_4,K13281
score_4,K21828
score_4,K00939
score_4,K06281
score_4,K19147
score_4,K01706
score_4,K00342
score_4,K02233
score_4,K19302
score_4,K02746
score_4,K01666
score_4,K05838
score_4,K07638
score_4,K00991
score_4,K07101
score_4,K02404
score_4,K08986
score_4,K01698
score_4,K04567
score_4,K01998
score_4,K00836
score_4,K16926
score_4,K19701
score_4,K02236
score_4,K21405
score_4,K06282
score_4,K20452
score_4,K02052
score_4,K22226
score_4,K04518
score_4,K01139
score_4,K02006
score_4,K01971
score_4,K01814
score_4,K13829
score_4,K07078
score_4,K00123
score_4,K03481
score_4,K01153
score_4,K20487
score_4,K02020
score_4,K03101
score_4,K18785
score_4,K21030
score_4,K09137
score_4,K15531
score_4,K01641
score_4,K06203
score_4,K06333
score_4,K00869
score_4,K02082
score_4,K01751
score_4,K02589
score_4,K02961
score_4,K02473
score_4,K21636
score_4,K04069
score_4,K00549
score_4,K07082
score_4,K01640
score_4,K00874
score_4,K00962
score_4,K02414
score_4,K02358
score_4,K03088
score_4,K06999
score_4,K05351
score_4,K02825
score_4,K09807
score_4,K00261
score_4,K17467
score_4,K16698
score_4,K14170
score_4,K02044
score_4,K11991
score_4,K21473
score_4,K07506
score_4,K01658
score_4,K11924
score_4,K16963
score_4,K07768
score_4,K13922
score_4,K16371
score_4,K01493
score_4,K18471
score_4,K18013
score_4,K16169
score_4,K12206
score_4,K14988
score_4,K02794
score_4,K00275
score_4,K00798
score_4,K03429
score_4,K13818
score_4,K05810
score_4,K03925
score_4,K06211
score_4,K02343
score_4,K03569
score_4,K01756
score_4,K06908
score_4,K02836
score_4,K01889
score_4,K02034
score_4,K04077
score_4,K19002
score_4,K03098
score_4,K01770
score_4,K03641
score_4,K12998
score_4,K03424
score_4,K12292
score_4,K01150
score_4,K05569
score_4,K10530
score_4,K03048
score_4,K04767
score_4,K22579
score_4,K02786
score_4,K06881
score_4,K05772
score_4,K02029
score_4,K02492
score_4,K09761
score_4,K03060
score_4,K05791
score_4,K02455
score_4,K23303
score_4,K01573
score_4,K02304
score_4,K02837
score_4,K01846
score_4,K16898
score_4,K12058
score_4,K19116
score_4,K05825
score_4,K07722
score_4,K12506
score_4,K04061
score_4,K16788
score_4,K07014
score_4,K23149
score_4,K01006
score_4,K17363
score_4,K00663
score_4,K15533
score_4,K20976
score_4,K01869
score_4,K20073
score_4,K18831
score_4,K02190
score_4,K18887
score_4,K22230
score_4,K13927
score_4,K01962
score_4,K00209
score_4,K16213
score_4,K07257
score_4,K12066
score_4,K02874
score_4,K00691
score_4,K03708
score_4,K02053
score_4,K11753
score_4,K01251
score_4,K01358
score_4,K17992
score_4,K15724
score_4,K02274
score_4,K07071
score_4,K03226
score_4,K03179
score_4,K16785
score_4,K02111
score_4,K01730
score_4,K06975
score_4,K18986
score_4,K07445
score_4,K12141
score_4,K12270
score_4,K00031
score_4,K10558
score_4,K21011
score_4,K02990
score_4,K19166
score_4,K07307
score_4,K08969
score_4,K21065
score_4,K13668
score_4,K01092
score_4,K02500
score_4,K09967
score_4,K12556
score_4,K02619
score_4,K02389
score_4,K19126
score_4,K18220
score_4,K01210
score_4,K03976
score_4,K08972
score_4,K09009
score_4,K02409
score_4,K19140
score_4,K01857
score_4,K01420
score_4,K04720
score_4,K12555
score_4,K23003
score_4,K06894
score_4,K15342
score_4,K01845
score_4,K20511
score_4,K04031
score_4,K00355
score_4,K22213
score_4,K03492
score_4,K17898
score_4,K11533
score_4,K02068
score_4,K02563
score_4,K03820
score_4,K18217
score_4,K02017
score_4,K17910
score_4,K01476
score_4,K01499
score_4,K07308
score_4,K09923
score_4,K19997
score_4,K00048
score_4,K01091
score_4,K09935
score_4,K10914
score_4,K01990
score_4,K02988
score_4,K03699
score_4,K01214
score_4,K06223
score_4,K01154
score_4,K02433
score_4,K01843
score_4,K00313
score_4,K12990
score_4,K07056
score_4,K02050
score_4,K15633
score_4,K12339
score_4,K09789
score_4,K02745
score_4,K13953
score_4,K02585
score_4,K01905
score_4,K12213
score_4,K00969
score_4,K01548
score_4,K01879
score_4,K00239
score_4,K01035
score_4,K01295
score_4,K00758
score_4,K03646
score_4,K05989
score_4,K14415
score_4,K03719
score_4,K21471
score_4,K07776
score_4,K00806
score_4,K22468
score_4,K01610
score_4,K07484
score_4,K00073
score_4,K01872
score_4,K16850
score_4,K06320
score_4,K06897
score_4,K01195
score_4,K12297
score_4,K07217
score_4,K01216
score_4,K10007
score_4,K11646
score_4,K11534
score_4,K06962
score_4,K09820
score_4,K16950
score_4,K04772
score_4,K01647
score_4,K10548
score_4,K13015
score_4,K16214
score_4,K03272
score_4,K18856
score_4,K12268
score_4,K19294
score_4,K20112
score_4,K16209
score_4,K05349
score_4,K07343
score_4,K03188
score_4,K08311
score_4,K07214
score_4,K02911
score_4,K00170
score_4,K12685
score_4,K02564
score_4,K21394
score_4,K00926
score_4,K14088
score_4,K01807
score_4,K04028
score_4,K01247
score_4,K21140
score_4,K02086
score_4,K00824
score_4,K02863
score_4,K05342
score_4,K18206
score_4,K10716
score_4,K03271
score_4,K01218
score_4,K17624
score_4,K00936
score_4,K09696
score_4,K01821
score_4,K04751
score_4,K16264
score_4,K01338
score_4,K20480
score_4,K03521
score_4,K19310
score_4,K16238
score_4,K01941
score_4,K20885
score_4,K07451
score_4,K03734
score_4,K02238
score_4,K21345
score_4,K18234
score_4,K01804
score_4,K02302
score_4,K02523
score_4,K16435
score_4,K13327
score_4,K07051
score_4,K09988
score_4,K21012
score_4,K02907
score_4,K12995
score_4,K04562
score_4,K09703
score_4,K07800
score_4,K07054
score_4,K00613
score_4,K07278
score_4,K03736
score_4,K07074
score_4,K21613
score_4,K02843
score_4,K00950
score_4,K04019
score_4,K12209
score_4,K09819
score_4,K01633
score_4,K23107
score_4,K03584
score_4,K15727
score_4,K03977
score_4,K01478
score_4,K19068
score_4,K02590
score_4,K08717
score_4,K02435
score_4,K07316
score_4,K19285
score_4,K22477
score_4,K12203
score_4,K01488
score_4,K23163
score_4,K02067
score_4,K00184
score_4,K18214
score_4,K04090
score_4,K10778
score_4,K01322
score_4,K11004
score_4,K15772
score_4,K01687
score_4,K00656
score_4,K02078
score_4,K01945
score_4,K09803
score_4,K00880
score_4,K21472
score_4,K21132
score_4,K22994
score_4,K18139
score_4,K06182
score_4,K03490
score_4,K17810
score_4,K00927
score_4,K06907
score_4,K09949
score_4,K01621
score_4,K11031
score_4,K01354
score_4,K07315
score_4,K00773
score_4,K16091
score_4,K04761
score_4,K07270
score_4,K03531
score_4,K03735
score_4,K09770
score_4,K07118
score_4,K18930
score_4,K06191
score_4,K07458
score_4,K00390
score_4,K00720
score_4,K01991
score_4,K21900
score_4,K13652
score_4,K01126
score_4,K00362
score_4,K14086
score_4,K07735
score_4,K02586
score_4,K01933
score_4,K01191
score_4,K06217
score_4,K05589
score_4,K07069
score_4,K22396
score_4,K12217
score_4,K23301
score_4,K01179
score_4,K16786
score_4,K03606
score_4,K04013
score_4,K00045
score_4,K18334
score_4,K02477
score_4,K15771
score_4,K16052
score_4,K01868
score_4,K00658
score_4,K06891
score_4,K11928
score_4,K00803
score_4,K15726
score_4,K02077
score_4,K01466
score_4,K01937
score_4,K00338
score_4,K05566
score_4,K00759
score_4,K06201
score_4,K15554
score_4,K07165
score_4,K00957
score_4,K13694
score_4,K05794
score_4,K03106
score_4,K06990
score_4,K10036
score_4,K16650
score_4,K02042
score_4,K13277
score_4,K15915
score_4,K09136
score_4,K01838
score_4,K13611
score_4,K01060
score_4,K02193
score_4,K11329
score_4,K00655
score_4,K02761
score_4,K01457
score_4,K11707
score_4,K03724
score_4,K07239
score_4,K09684
score_4,K07404
score_4,K06402
score_4,K01679
score_4,K01873
score_4,K00197
score_4,K01589
score_4,K00341
score_4,K00145
score_4,K11751
score_4,K03552
score_4,K17234
score_4,K20903
score_4,K03186
score_4,K18474
score_4,K04044
score_4,K21936
score_4,K07112
score_4,K09007
score_4,K01185
score_4,K04095
score_4,K20450
score_4,K05780
score_4,K03411
score_4,K01768
score_4,K04075
score_4,K07712
score_4,K13525
score_4,K02493
score_4,K02012
score_4,K05567
score_4,K12960
score_4,K02501
score_4,K15553
score_4,K01777
score_4,K11072
score_4,K07457
score_4,K01929
score_4,K01551
score_4,K00077
score_4,K20626
score_4,K03273
score_4,K01069
score_4,K01039
score_4,K00441
score_4,K02569
score_4,K07098
score_4,K12214
score_4,K21814
score_4,K02400
score_4,K22116
score_4,K12138
score_4,K00657
score_4,K14414
score_4,K19172
score_4,K19789
score_4,K00370
score_4,K08168
score_4,K15898
score_4,K11710
score_4,K04764
score_4,K03470
score_4,K03446
score_4,K12065
score_4,K17213
score_4,K02019
score_4,K22430
score_4,K00694
score_4,K18122
score_4,K01114
score_4,K23541
score_4,K12992
score_4,K12137
score_4,K23170
score_4,K19427
score_4,K09969
score_4,K01193
score_4,K10907
score_4,K03772
score_4,K19139
score_4,K11181
score_4,K22232
score_4,K09167
score_4,K18349
score_4,K13788
score_4,K11709
score_4,K18475
score_4,K00135
score_4,K01950
score_4,K09144
score_4,K02051
score_4,K09001
score_4,K06941
score_4,K23169
score_4,K16925
score_4,K19883
score_4,K00373
score_4,K06166
score_4,K03756
score_4,K01581
score_4,K20484
score_4,K03704
score_4,K01058
score_4,K01728
score_4,K18350
score_4,K03182
score_4,K03090
score_4,K02688
score_4,K07357
score_4,K01625
score_4,K02533
score_4,K01812
score_4,K11785
score_4,K06221
score_4,K07813
score_4,K02224
score_4,K01809
score_4,K00042
score_4,K02397
score_4,K03409
score_4,K11606
score_4,K06929
score_4,K22349
score_4,K03830
score_4,K16885
score_4,K16235
score_4,K01938
score_4,K14091
score_4,K02045
score_4,K02784
score_4,K03638
score_4,K17236
score_4,K11615
score_4,K01737
score_4,K07491
score_4,K01429
score_4,K04783
score_4,K03390
score_4,K06859
score_4,K23352
score_4,K03412
score_4,K19170
score_4,K00041
score_4,K01266
score_4,K06606
score_4,K01147
score_4,K03562
score_4,K01649
score_4,K08161
score_4,K00010
score_4,K18303
score_4,K00094
score_4,K15520
score_4,K06395
score_4,K04749
score_4,K11690
score_4,K18120
score_4,K23077
score_4,K05363
score_4,K13288
score_4,K19710
score_4,K20509
score_4,K03497
score_4,K02056
score_4,K13929
score_4,K05916
score_4,K19169
score_4,K03604
score_4,K17218
score_4,K07127
score_4,K21681
score_4,K15125
score_4,K19273
score_4,K02283
score_4,K23356
score_4,K06408
score_4,K00164
score_4,K09964
score_4,K07275
score_4,K07729
score_4,K11065
score_4,K07654
score_4,K07106
score_4,K13990
score_4,K20341
score_4,K11051
score_4,K23537
score_4,K12140
score_4,K01823
score_4,K01626
score_4,K14090
score_4,K18014
score_4,K01176
score_4,K06334
score_4,K02010
score_4,K09477
score_4,K03642
score_4,K18205
score_4,K12111
score_4,K20862
score_4,K16153
score_4,K07250
score_4,K07219
score_4,K21619
score_4,K13963
score_4,K00065
score_4,K12503
score_4,K02282
score_4,K17073
score_4,K07080
score_4,K03572
score_4,K07741
score_4,K12218
score_4,K09011
score_4,K03732
score_4,K13819
score_4,K01685
score_4,K18479
score_4,K05337
score_4,K01803
score_4,K20265
score_4,K00978
score_4,K07272
score_4,K01011
score_4,K08297
score_4,K11214
score_4,K18545
score_4,K01866
score_4,K00625
score_4,K07979
score_4,K00640
score_4,K01926
score_4,K21344
score_4,K05568
score_4,K02230
score_4,K19119
score_4,K02047
score_4,K09697
score_4,K04566
score_4,K00344
score_4,K12528
score_4,K07739
score_4,K16922
score_4,K10681
score_4,K00619
score_4,K16961
score_4,K01816
score_4,K11050
score_4,K16846
score_4,K07126
score_4,K07037
score_4,K01738
score_4,K00002
score_4,K01613
score_4,K02119
score_4,K16923
score_4,K20257
score_4,K07666
score_4,K16212
score_4,K02664
score_4,K17074
score_4,K02028
score_4,K01436
score_4,K15583
score_4,K16087
score_4,K02291
score_4,K01783
score_4,K08319
score_4,K14982
score_4,K09825
score_4,K18814
score_4,K13280
score_4,K07507
score_4,K02444
score_4,K01628
score_4,K02313
score_4,K01854
score_4,K11180
score_4,K10107
score_4,K00009
score_4,K01284
score_4,K01999
score_4,K18828
score_4,K01449
score_4,K09979
score_4,K09791
score_4,K18118
score_4,K01485
score_4,K09931
score_4,K20488
score_4,K03926
score_4,K02415
score_4,K01561
score_4,K09692
score_4,K03399
score_4,K01849
score_4,K11738
score_4,K03077
score_4,K18890
score_4,K01780
score_4,K01629
score_4,K12072
score_4,K01262
score_4,K07032
score_4,K18285
score_4,K07006
score_4,K01993
score_4,K06205
score_4,K02591
score_4,K09689
score_4,K04014
score_4,K01958
score_4,K09155
score_4,K03738
score_4,K00111
score_4,K05306
score_4,K07787
score_4,K00547
score_4,K01579
score_4,K03564
score_4,K09138
score_4,K23573
score_4,K04750
score_4,K11749
score_4,K07148
score_4,K05396
score_4,K16203
score_4,K00346
score_4,K06909
score_4,K09702
score_4,K03666
score_4,K07719
score_4,K02041
score_4,K04784
score_4,K01839
score_4,K00102
score_4,K20974
score_4,K00603
score_4,K00437
score_4,K17215
score_4,K00046
score_4,K21947
score_4,K01813
score_4,K02075
score_4,K03299
score_4,K04561
score_4,K19956
score_4,K03760
score_4,K08153
score_4,K13587
score_4,K07442
score_4,K06331
score_4,K01439
score_4,K02426
score_4,K02025
score_4,K03405
score_4,K03582
score_4,K00931
score_4,K02574
score_4,K00986
score_4,K10823
score_4,K02554
score_4,K01921
score_4,K13643
score_4,K05801
score_4,K02168
score_4,K11755
score_4,K07406
score_4,K03437
score_4,K02018
score_4,K02182
score_4,K11743
score_4,K17734
score_4,K05352
score_4,K22212
score_4,K01428
score_4,K20814
score_4,K07031
score_4,K01474
score_4,K15580
score_4,K15770
score_4,K06446
score_4,K10819
score_4,K01520
score_4,K02935
score_4,K02420
score_4,K00981
score_4,K00057
score_4,K05366
score_4,K02171
score_4,K19167
score_4,K05988
score_4,K02110
score_4,K22132
score_4,K00604
score_4,K02970
score_4,K19165
score_4,K02440
score_4,K02242
score_4,K01182
score_4,K22723
score_4,K11708
score_4,K13599
score_4,K22044
score_4,K00281
score_4,K02443
score_4,K12240
score_4,K15738
score_4,K02916
score_4,K06608
score_4,K08159
score_4,K21573
score_4,K06610
score_4,K05811
score_4,K17733
score_4,K02483
score_4,K18918
score_4,K09139
score_4,K01224
score_4,K01008
score_4,K11381
score_4,K10547
score_4,K02520
score_4,K03547
score_4,K10012
score_4,K01181
score_4,K01668
score_4,K21467
score_4,K12982
score_4,K06001
score_4,K23398
score_4,K00633
score_4,K03224
score_4,K22373
score_4,K00970
score_4,K05873
score_4,K02968
score_4,K01575
score_4,K00854
score_4,K23259
score_4,K20492
score_4,K16139
score_4,K15975
score_4,K00381
score_4,K02594
score_4,K15581
score_4,K00571
score_4,K05816
score_4,K02390
score_4,K06181
score_4,K04045
score_4,K01758
score_4,K18816
score_4,K02133
score_4,K07309
score_4,K02946
score_4,K06915
score_4,K07321
score_4,K01677
score_4,K03826
score_4,K02525
score_4,K13584
score_4,K00983
score_4,K11071
score_4,K16924
score_4,K14761
score_4,K01834
score_4,K02243
score_4,K10037
score_4,K10682
score_4,K03972
score_4,K00954
score_4,K01308
score_4,K01451
score_4,K01736
score_4,K19508
score_4,K12296
score_4,K01995
score_4,K01265
score_4,K12511
score_4,K03227
score_4,K07705
score_4,K00800
score_4,K21563
score_4,K19309
score_4,K14153
score_4,K02015
score_4,K02005
score_4,K02838
score_4,K19159
score_4,K15773
score_4,K09951
score_4,K00283
score_4,K01270
score_4,K06952
score_4,K19123
score_4,K01657
score_4,K11070
score_4,K00928
score_4,K20342
score_4,K18704
score_4,K20415
score_4,K10213
score_4,K01089
score_4,K21749
score_4,K18893
score_4,K02237
score_4,K20491
score_4,K02004
score_4,K05822
score_4,K06942
score_4,K14205
score_4,K02986
score_4,K08680
score_4,K01915
score_4,K03147
score_4,K16959
score_4,K01727
score_4,K19509
score_4,K17899
score_4,K03799
score_4,K11720
score_4,K18672
score_4,K12295
score_4,K00853
score_4,K22958
score_4,K02598
score_4,K07717
score_4,K02026
score_4,K03652
score_4,K02777
score_4,K14540
score_4,K02073
score_4,K19091
score_4,K06206
score_4,K01486
score_4,K19954
score_4,K04029
score_4,K03624
score_4,K11527
score_4,K06163
score_4,K10697
score_4,K02411
score_4,K02203
score_4,K15974
score_4,K21399
score_4,K07727
score_4,K01580
score_4,K03612
score_4,K00564
score_4,K01235
score_4,K14977
score_4,K12940
score_4,K21903
score_4,K07670
score_4,K03394
score_4,K15876
score_4,K02864
score_4,K18692
score_4,K01953
score_4,K02003
score_4,K02867
score_4,K07318
score_4,K01161
score_4,K01142
score_4,K07004
score_4,K12942
score_4,K19271
score_4,K08151
score_4,K01788
score_4,K04096
score_4,K03706
score_4,K06895
score_4,K12554
score_4,K16960
score_4,K02396
score_4,K13252
score_4,K14058
score_4,K01754
score_4,K17235
score_4,K17331
score_4,K00245
score_4,K06878
score_4,K16014
score_4,K03095
score_4,K02488
score_4,K18675
score_4,K13920
score_4,K03930
score_4,K18829
score_4,K15555
score_4,K19005
score_4,K12999
score_4,K01448
score_4,K07224
score_4,K11614
score_4,K09471
score_4,K01699
score_4,K01778
score_4,K01697
score_4,K06384
score_4,K02663
score_4,K01644
score_4,K11782
score_4,K02437
score_4,K03293
score_4,K02117
score_4,K02109
score_4,K21498
score_4,K13040
score_4,K08167
score_4,K08314
score_4,K02926
score_4,K15584
score_4,K01914
score_4,K06877
score_4,K16148
score_4,K12452
score_4,K11144
score_4,K19955
score_4,K03651
score_4,K07393
score_4,K12660
score_4,K03313
score_4,K01194
score_4,K22457
score_4,K01246
score_4,K01297
score_4,K02240
score_4,K00851
score_4,K01227
score_4,K13038
score_4,K05685
score_4,K07133
score_4,K00858
score_4,K01710
score_4,K01654
score_4,K09117
score_4,K02074
score_4,K11617
score_4,K04565
score_4,K22606
score_4,K12997
score_4,K19429
score_4,K02428
score_4,K17836
score_4,K15586
score_4,K13571
score_4,K01858
score_4,K16301
score_4,K02348
score_4,K15778
score_4,K11068
score_4,K02000
score_4,K19125
score_4,K03274
score_4,K01709
score_4,K01916
score_4,K02120
score_4,K08281
score_4,K00784
score_4,K12661
score_4,K13640
score_4,K12733
score_4,K17947
score_4,K01104
score_4,K00772
score_4,K01273
score_4,K01755
score_4,K02035
score_4,K13787
score_4,K10986
score_4,K02601
score_4,K23518
score_4,K02232
score_4,K03932
score_4,K02103
score_4,K02902
score_4,K06904
score_4,K11537
score_4,K13932
score_4,K00330
score_4,K02652
score_4,K03471
score_4,K02666
score_4,K08372
score_4,K19803
score_4,K04516
score_4,K16651
score_4,K14445
score_4,K06193
score_4,K23270
score_4,K11934
score_4,K18348
score_4,K19168
score_4,K19124
score_4,K01815
score_4,K02124
score_4,K03834
score_4,K02049
score_4,K00030
score_4,K15921
score_4,K23257
score_4,K14379
score_4,K01844
score_4,K01355
score_4,K00198
score_4,K08999
score_4,K03473
score_4,K00681
score_4,K18345
score_4,K09973
score_4,K02099
score_4,K01590
score_4,K07017
score_4,K01791
score_4,K01026
score_4,K03444
score_4,K02815
score_4,K03544
score_4,K06284
score_4,K18197
score_4,K03196
score_4,K22432
score_4,K00697
score_4,K21556
score_4,K02528
score_4,K20037
score_4,K04026
score_4,K01841
score_4,K03558
score_4,K23182
score_4,K15899
score_4,K21557
score_4,K03534
score_4,K15524
score_4,K18891
score_4,K11927
score_4,K02687
score_4,K01678
score_4,K02316
score_4,K00647
score_4,K22906
score_4,K01304
score_4,K01599
score_4,K12373
score_4,K01885
score_4,K18012
score_4,K13049
score_4,K03367
score_4,K02824
score_4,K15855
score_4,K21567
score_4,K17241
score_4,K07304
score_4,K06391
score_4,K01612
score_4,K17246
score_4,K01635
score_4,K17245
score_4,K22441
score_4,K03833
score_4,K11102
score_4,K11618
score_4,K02118
score_4,K12410
score_4,K18830
score_4,K01201
score_4,K00158
score_4,K03752
score_4,K00616
score_4,K22901
score_4,K01652
score_4,K03813
score_4,K02058
score_4,K11784
score_4,K01784
score_4,K17758
score_4,K05823
score_4,K02453
score_4,K11921
score_4,K19090
score_4,K06872
score_4,K03297
score_4,K03476
score_4,K10563
score_4,K10985
score_4,K03191
score_4,K10441
score_4,K17242
score_4,K00130
score_4,K19422
score_4,K08309
score_4,K22900
score_4,K17735
score_4,K02858
score_4,K21395
score_4,K02992
score_4,K01232
score_4,K13497
score_4,K19972
score_4,K17759
score_4,K01802
score_4,K14731
score_4,K05846
score_4,K02108
score_4,K01708
score_4,K00997
score_4,K15527
score_4,K22103
score_4,K04076
score_4,K02413
score_4,K01711
score_4,K02014
score_4,K03491
score_4,K02416
score_4,K04844
score_4,K15023
score_4,K01880
score_4,K21572
score_4,K03276
score_4,K10710
score_4,K07266
score_4,K00558
score_4,K07016
score_4,K00709
score_4,K14654
score_4,K02217
score_4,K06117
score_4,K02172
score_4,K20859
score_4,K03578
score_4,K10974
score_4,K07139
score_4,K04092
score_4,K03818
score_4,K01286
score_4,K16957
score_4,K03289
score_4,K00817
score_4,K12541
score_4,K02346
score_4,K07243
score_4,K01734
score_4,K12527
score_4,K09809
score_4,K02032
score_4,K03628
score_4,K11206
score_4,K02248
score_4,K19046
score_4,K07483
score_4,K10805
score_4,K22902
score_4,K09922
score_4,K00973
score_4,K06920
score_4,K03517
score_4,K07313
score_4,K00324
score_4,K01759
score_4,K12251
score_4,K23245
score_4,K06297
score_4,K00174
score_4,K02115
score_4,K01919
score_4,K18707
score_4,K00230
score_4,K07649
score_4,K01077
score_4,K07668
score_4,K21961
score_4,K04062
score_4,K23231
score_4,K17195
score_4,K03711
score_4,K01746
score_4,K19689
score_4,K18008
score_4,K02246
score_4,K15371
score_4,K00128
score_4,K01630
score_4,K03722
score_4,K02841
score_4,K10678
score_4,K13891
score_4,K18011
score_4,K01531
score_4,K21750
score_4,K02427
score_4,K20904
score_4,K07115
score_4,K05593
score_4,K00134
score_4,K22699
score_4,K18237
score_4,K01534
score_4,K00091
score_4,K07221
score_4,K21993
score_4,K01661
score_4,K01674
score_4,K17723
score_4,K19299
score_4,K05796
score_4,K12267
score_4,K01252
score_4,K02573
score_4,K00194
score_4,K07130
score_4,K02195
score_4,K13735
score_4,K10939
score_4,K02550
score_4,K09972
score_4,K06906
score_4,K01042
score_4,K14194
score_4,K01643
score_4,K01996
score_4,K01494
score_4,K01733
score_4,K00867
score_4,K07068
score_4,K10773
score_4,K11907
score_4,K13892
score_4,K07467
score_4,K02341
score_4,K18888
score_4,K00014
score_4,K02244
score_4,K19431
score_4,K19425
score_4,K09816
score_4,K02888
score_4,K11605
score_4,K01468
score_4,K09888
score_4,K02371
score_4,K14441
score_4,K19268
score_4,K01776
score_4,K03928
score_4,K10121
score_4,K14534
score_4,K01426
score_4,K06889
score_4,K10797
score_4,K01918
score_4,K02114
score_4,K01023
score_4,K12687
score_4,K01906
score_4,K11689
score_4,K02083
score_4,K09773
score_4,K02954
score_4,K03893
score_4,K03474
score_4,K00865
score_4,K20459
score_4,K07493
score_4,K07570
score_4,K00864
score_4,K01256
score_4,K03340
score_4,K00286
score_4,K20114
score_4,K03923
score_4,K03592
score_4,K20460
score_4,K05844
score_4,K13626
score_4,K00435
score_4,K00219
score_4,K08222
score_4,K07095
score_4,K03462
score_4,K11737
score_4,K02952
score_4,K00033
score_4,K00058
score_4,K00068
score_4,K00108
score_4,K00116
score_4,K00127
score_4,K00196
score_4,K00215
score_4,K00231
score_4,K00246
score_4,K00262
score_4,K00333
score_4,K00334
score_4,K00347
score_4,K00350
score_4,K00382
score_4,K00383
score_4,K00520
score_4,K00533
score_4,K00557
score_4,K00574
score_4,K00602
score_4,K00645
score_4,K00651
score_4,K00674
score_4,K00783
score_4,K00786
score_4,K00788
score_4,K00794
score_4,K00795
score_4,K00801
score_4,K00821
score_4,K00823
score_4,K00832
score_4,K00835
score_4,K00844
score_4,K00857
score_4,K00876
score_4,K00879
score_4,K00883
score_4,K00891
score_4,K00925
score_4,K00929
score_4,K00955
score_4,K00966
score_4,K00982
score_4,K00989
score_4,K00990
score_4,K00995
score_4,K00996
score_4,K00998
score_4,K01000
score_4,K01002
score_4,K01012
score_4,K01066
score_4,K01071
score_4,K01082
score_4,K01101
score_4,K01118
score_4,K01138
score_4,K01144
score_4,K01155
score_4,K01156
score_4,K01159
score_4,K01174
score_4,K01186
score_4,K01200
score_4,K01205
score_4,K01207
score_4,K01212
score_4,K01222
score_4,K01223
score_4,K01239
score_4,K01250
score_4,K01255
score_4,K01259
score_4,K01267
score_4,K01271
score_4,K01274
score_4,K01356
score_4,K01372
score_4,K01409
score_4,K01414
score_4,K01419
score_4,K01423
score_4,K01442
score_4,K01455
score_4,K01465
score_4,K01467
score_4,K01470
score_4,K01482
score_4,K01496
score_4,K01497
score_4,K01537
score_4,K01571
score_4,K01584
score_4,K01585
score_4,K01588
score_4,K01595
score_4,K01598
score_4,K01601
score_4,K01604
score_4,K01615
score_4,K01619
score_4,K01624
score_4,K01627
score_4,K01639
score_4,K01684
score_4,K01689
score_4,K01713
score_4,K01714
score_4,K01740
score_4,K01744
score_4,K01745
score_4,K01749
score_4,K01772
score_4,K01785
score_4,K01787
score_4,K01790
score_4,K01792
score_4,K01808
score_4,K01810
score_4,K01840
score_4,K01867
score_4,K01870
score_4,K01875
score_4,K01878
score_4,K01881
score_4,K01887
score_4,K01894
score_4,K01911
score_4,K01920
score_4,K01940
score_4,K01955
score_4,K01956
score_4,K01961
score_4,K01974
score_4,K01992
score_4,K02001
score_4,K02008
score_4,K02016
score_4,K02022
score_4,K02027
score_4,K02033
score_4,K02036
score_4,K02038
score_4,K02046
score_4,K02066
score_4,K02079
score_4,K02081
score_4,K02107
score_4,K02122
score_4,K02123
score_4,K02191
score_4,K02196
score_4,K02227
score_4,K02231
score_4,K02278
score_4,K02303
score_4,K02314
score_4,K02334
score_4,K02335
score_4,K02355
score_4,K02356
score_4,K02363
score_4,K02364
score_4,K02377
score_4,K02385
score_4,K02394
score_4,K02406
score_4,K02407
score_4,K02410
score_4,K02412
score_4,K02418
score_4,K02445
score_4,K02456
score_4,K02459
score_4,K02466
score_4,K02469
score_4,K02470
score_4,K02471
score_4,K02472
score_4,K02495
score_4,K02509
score_4,K02527
score_4,K02530
score_4,K02532
score_4,K02535
score_4,K02538
score_4,K02549
score_4,K02575
score_4,K02584
score_4,K02587
score_4,K02600
score_4,K02626
score_4,K02662
score_4,K02669
score_4,K02769
score_4,K02773
score_4,K02774
score_4,K02783
score_4,K02795
score_4,K02796
score_4,K02821
score_4,K02822
score_4,K02847
score_4,K02876
score_4,K02878
score_4,K02886
score_4,K02897
score_4,K02899
score_4,K02909
score_4,K02913
score_4,K02931
score_4,K02948
score_4,K02956
score_4,K02959
score_4,K02965
score_4,K03212
score_4,K03218
score_4,K03231
score_4,K03311
score_4,K03312
score_4,K03326
score_4,K03327
score_4,K03335
score_4,K03385
score_4,K03413
score_4,K03417
score_4,K03426
score_4,K03439
score_4,K03478
score_4,K03487
score_4,K03524
score_4,K03528
score_4,K03545
score_4,K03549
score_4,K03553
score_4,K03557
score_4,K03560
score_4,K03580
score_4,K03583
score_4,K03585
score_4,K03586
score_4,K03590
score_4,K03598
score_4,K03599
score_4,K03615
score_4,K03620
score_4,K03625
score_4,K03635
score_4,K03647
score_4,K03656
score_4,K03657
score_4,K03683
score_4,K03684
score_4,K03687
score_4,K03696
score_4,K03701
score_4,K03737
score_4,K03743
score_4,K03744
score_4,K03755
score_4,K03762
score_4,K03767
score_4,K03786
score_4,K03810
score_4,K03823
score_4,K03929
score_4,K03931
score_4,K03973
score_4,K04043
score_4,K04072
score_4,K04078
score_4,K04088
score_4,K04477
score_4,K04568
score_4,K04655
score_4,K04744
score_4,K04752
score_4,K04765
score_4,K04770
score_4,K05303
score_4,K05499
score_4,K05523
score_4,K05570
score_4,K05712
score_4,K05786
score_4,K05789
score_4,K05800
score_4,K05820
score_4,K05967
score_4,K06006
score_4,K06019
score_4,K06045
score_4,K06145
score_4,K06151
score_4,K06158
score_4,K06180
score_4,K06188
score_4,K06194
score_4,K06209
score_4,K06212
score_4,K06317
score_4,K06336
score_4,K06383
score_4,K06400
score_4,K06415
score_4,K06445
score_4,K06857
score_4,K06867
score_4,K06903
score_4,K06925
score_4,K06949
score_4,K06994
score_4,K07010
score_4,K07023
score_4,K07027
score_4,K07043
score_4,K07048
score_4,K07052
score_4,K07079
score_4,K07096
score_4,K07102
score_4,K07113
score_4,K07120
score_4,K07146
score_4,K07161
score_4,K07234
score_4,K07262
score_4,K07264
score_4,K07276
score_4,K07314
score_4,K07345
score_4,K07347
score_4,K07396
score_4,K07399
score_4,K07487
score_4,K07496
score_4,K07559
score_4,K07639
score_4,K07643
score_4,K07644
score_4,K07647
score_4,K07678
score_4,K07701
score_4,K07726
score_4,K07793
score_4,K07796
score_4,K07806
score_4,K08156
score_4,K08160
score_4,K08296
score_4,K08310
score_4,K08357
score_4,K08368
score_4,K08602
score_4,K08641
score_4,K08724
score_4,K09004
score_4,K09005
score_4,K09013
score_4,K09022
score_4,K09128
score_4,K09251
score_4,K09474
score_4,K09688
score_4,K09690
score_4,K09691
score_4,K09710
score_4,K09729
score_4,K09767
score_4,K09778
score_4,K09780
score_4,K09798
score_4,K09800
score_4,K09882
score_4,K09903
score_4,K09911
score_4,K09921
score_4,K09925
score_4,K09936
score_4,K09939
score_4,K09955
score_4,K10004
score_4,K10006
score_4,K10011
score_4,K10109
score_4,K10122
score_4,K10439
score_4,K10440
score_4,K10537
score_4,K10543
score_4,K10793
score_4,K10806
score_4,K10820
score_4,K10831
score_4,K10947
score_4,K11066
score_4,K11069
score_4,K11085
score_4,K11105
score_4,K11184
score_4,K11189
score_4,K11249
score_4,K11263
score_4,K11604
score_4,K11645
score_4,K11694
score_4,K11744
score_4,K11748
score_4,K11752
score_4,K11754
score_4,K11893
score_4,K11906
score_4,K11936
score_4,K11939
score_4,K12136
score_4,K12257
score_4,K12269
score_4,K12340
score_4,K12343
score_4,K12454
score_4,K12542
score_4,K12573
score_4,K12941
score_4,K12952
score_4,K12974
score_4,K12978
score_4,K12984
score_4,K12985
score_4,K12996
score_4,K13004
score_4,K13018
score_4,K13059
score_4,K13301
score_4,K13378
score_4,K13527
score_4,K13566
score_4,K13570
score_4,K13573
score_4,K13581
score_4,K13677
score_4,K13678
score_4,K13747
score_4,K13789
score_4,K13821
score_4,K13888
score_4,K13890
score_4,K13934
score_4,K13940
score_4,K13993
score_4,K14063
score_4,K14065
score_4,K14187
score_4,K14392
score_4,K14591
score_4,K14651
score_4,K14682
score_4,K14742
score_4,K14989
score_4,K15372
score_4,K15534
score_4,K15585
score_4,K15587
score_4,K15598
score_4,K15600
score_4,K15866
score_4,K15868
score_4,K15873
score_4,K15984
score_4,K15986
score_4,K15987
score_4,K16089
score_4,K16137
score_4,K16138
score_4,K16211
score_4,K16299
score_4,K16329
score_4,K16345
score_4,K16509
score_4,K16511
score_4,K16789
score_4,K16868
score_4,K17203
score_4,K17214
score_4,K17722
score_4,K18095
score_4,K18104
score_4,K18140
score_4,K18148
score_4,K18320
score_4,K18369
score_4,K18430
score_4,K18682
score_4,K18817
score_4,K18850
score_4,K18928
score_4,K18954
score_4,K18997
score_4,K19055
score_4,K19088
score_4,K19138
score_4,K19222
score_4,K19225
score_4,K19227
score_4,K19231
score_4,K19236
score_4,K19270
score_4,K19354
score_4,K19504
score_4,K19506
score_4,K19510
score_4,K19709
score_4,K19802
score_4,K20461
score_4,K20483
score_4,K20627
score_4,K20938
score_4,K21393
score_4,K21464
score_4,K21470
score_4,K21511
score_4,K21562
score_4,K21575
score_4,K21600
score_4,K21742
score_4,K21746
score_4,K21929
score_4,K22015
score_4,K22024
score_4,K22339
score_4,K22397
score_4,K22650
score_4,K22757
score_4,K23078
score_4,K23183
score_4,K23184
score_4,K23265
score_4,K23269
score_5,K17398
score_5,K23547
score_5,K01607
score_5,K09469
score_5,K10241
score_5,K02744
score_5,K21948
score_5,K22424
score_5,K02510
score_5,K21417
score_5,K16248
score_5,K01725
score_5,K16951
score_5,K03650
score_5,K09924
score_5,K23393
score_5,K21578
score_5,K01524
score_5,K22605
score_5,K00567
score_5,K05979
score_5,K09760
score_5,K01040
score_5,K11741
score_5,K07552
score_5,K13016
score_5,K21023
score_5,K18344
score_5,K22607
score_5,K03602
score_5,K22405
score_5,K19545
score_5,K08722
score_5,K03324
score_5,K18979
score_5,K09859
score_5,K02517
score_5,K18866
score_5,K06120
score_5,K01560
score_5,K01910
score_5,K04835
score_5,K11733
score_5,K23189
score_5,K07149
score_5,K18119
score_5,K02474
score_5,K17716
score_5,K17204
score_5,K00863
score_5,K01430
score_5,K19428
score_5,K20276
score_5,K01046
score_5,K21576
score_5,K18331
score_5,K18889
score_5,K06153
score_5,K23351
score_5,K03087
score_5,K03111
score_5,K10560
score_5,K17318
score_5,K23536
score_5,K10708
score_5,K08963
score_5,K19540
score_5,K19405
score_5,K06013
score_5,K02531
score_5,K03841
score_5,K15552
score_5,K22736
score_5,K06015
score_5,K01299
score_5,K14048
score_5,K15515
score_5,K20344
score_5,K07089
score_5,K13653
score_5,K21579
score_5,K07337
score_5,K22522
score_5,K17319
score_5,K02039
score_5,K16881
score_5,K20345
score_5,K06997
score_5,K15924
score_5,K15922
score_5,K19134
score_5,K01925
score_5,K07306
score_5,K02434
score_5,K09764
score_5,K00254
score_5,K01903
score_5,K00113
score_5,K21400
score_5,K00560
score_5,K01261
score_5,K16907
score_5,K02197
score_5,K07460
score_5,K01939
score_5,K02055
score_5,K03503
score_5,K03803
score_5,K01972
score_5,K21416
score_5,K11104
score_5,K07319
score_5,K22129
score_5,K18427
score_5,K21571
score_5,K04047
score_5,K00364
score_5,K10556
score_5,K13542
score_5,K07025
score_5,K01902
score_5,K17320
score_5,K07341
score_5,K19114
score_5,K19286
score_5,K09014
score_5,K10559
score_5,K03969
score_5,K00459
score_5,K19505
score_5,K01226
score_5,K06926
score_5,K01473
score_5,K03665
score_5,K23535
score_5,K13012
score_5,K12059
score_5,K01735
score_5,K19171
score_5,K03975
score_5,K18231
score_5,K01835
score_5,K02933
score_5,K03781
score_5,K14652
score_5,K01779
score_5,K09812
score_5,K08299
score_5,K05808
score_5,K07132
score_5,K08282
score_5,K00819
score_5,K07455
score_5,K00661
score_5,K01151
score_5,K01817
score_5,K01547
score_5,K21147
score_5,K19242
score_5,K16784
score_5,K15871
score_5,K07005
score_5,K07704
score_5,K01281
score_5,K07474
score_5,K06950
score_5,K13075
score_5,K00768
score_5,K09131
score_5,K23148
score_5,K08094
score_5,K01883
score_5,K03190
score_5,K07505
score_5,K13921
score_5,K23546
score_5,K01695
score_5,K12293
score_5,K14188
score_5,K15582
score_5,K05851
score_5,K02793
score_5,K08364
score_5,K00886
score_5,K00287
score_5,K13671
score_5,K02526
score_5,K01886
score_5,K01623
score_5,K01890
score_5,K02040
score_5,K02226
score_5,K16328
score_5,K11529
score_5,K16874
score_5,K03187
score_5,K18910
score_5,K00712
score_5,K19092
score_5,K01665
score_5,K15460
score_5,K15977
score_5,K22227
score_5,K21063
score_5,K19421
score_5,K06879
score_5,K00171
score_5,K00371
score_5,K09118
score_5,K18332
score_5,K06199
score_5,K21759
score_5,K09861
score_5,K03769
score_5,K03230
score_5,K07192
score_5,K17828
score_5,K01479
score_5,K01198
score_5,K03664
score_5,K19118
score_5,K21583
score_5,K01715
score_5,K02009
score_5,K10120
score_5,K03565
score_5,K02852
score_5,K01646
score_5,K03116
score_5,K02372
score_5,K03601
score_5,K02768
score_5,K01934
score_5,K00809
score_5,K01056
score_5,K16147
score_5,K18330
score_5,K00831
score_5,K23004
score_5,K18346
score_5,K02395
score_5,K15669
score_5,K00112
score_5,K07659
score_5,K06956
score_5,K05795
score_5,K01750
score_5,K03522
score_5,K09940
score_5,K00826
score_5,K02121
score_5,K13019
score_5,K03605
score_5,K10231
score_5,K00372
score_5,K03800
score_5,K17103
score_5,K02906
score_5,K01501
score_5,K00526
score_5,K01760
score_5,K17837
score_5,K02424
score_5,K03072
score_5,K01546
score_5,K02454
score_5,K02557
score_5,K17465
score_5,K00150
score_5,K22300
score_5,K16906
score_5,K07443
score_5,K22431
score_5,K06020
score_5,K21577
score_5,K11041
score_5,K10979
score_5,K03748
score_5,K18221
score_5,K02548
score_5,K15599
score_5,K01507
score_5,K09961
score_5,K00598
score_5,K02011
score_5,K07173
score_5,K16149
score_5,K19424
score_5,K23059
score_5,K09705
score_5,K19158
score_5,K18302
score_5,K13919
score_5,K01173
score_5,K19048
score_5,K17818
score_5,K18955
score_5,K19115
score_5,K02188
score_5,K02340
score_5,K16905
score_5,K11203
score_5,K13931
score_5,K09793
score_5,K02337
score_5,K01523
score_5,K01611
score_5,K14665
score_5,K03074
score_5,K03828
score_5,K14155
score_5,K07485
score_5,K03727
score_5,K01932
score_5,K03596
score_5,K01997
score_5,K04940
score_5,K07571
score_5,K09989
score_5,K11175
score_5,K01739
score_5,K07746
score_5,K00433
score_5,K18926
score_5,K21672
score_5,K22319
score_5,K03742
score_5,K03667
score_5,K20866
score_5,K07246
score_5,K00325
score_5,K01818
score_5,K00632
score_5,K02342
score_5,K01653
score_5,K11145
score_5,K00688
score_5,K22293
score_5,K03589
score_5,K01034
score_5,K01586
score_5,K10709
score_5,K02552
score_5,K03709
score_5,K11202
score_5,K06928
score_5,K03325
score_5,K00848
score_5,K07657
score_5,K00156
score_5,K08978
score_5,K03219
score_5,K01989
score_5,K01597
score_5,K19334
score_5,K10005
score_5,K01952
score_5,K20444
score_5,K14983
score_5,K02245
score_5,K19117
score_5,K18216
score_5,K01208
score_5,K20534
score_5,K07084
score_5,K15870
score_5,K05346
score_5,K17865
score_5,K00054
score_5,K19049
score_5,K05524
score_5,K22933
score_5,K01361
score_5,K21898
score_5,K00053
score_5,K06218
score_5,K22927
score_5,K01761
score_5,K17243
score_5,K01703
score_5,K01480
score_5,K03073
score_5,K13628
score_5,K01609
score_5,K02499
score_5,K02112
score_5,K21064
score_5,K00641
score_5,K17466
score_5,K17686
score_5,K14083
score_5,K02839
score_5,K23123
score_5,K21279
score_5,K20489
score_5,K00012
score_5,K10008
score_5,K02106
score_5,K21055
score_5,K11312
score_5,K19355
score_5,K08981
score_5,K22130
score_5,K08302
score_5,K05367
score_5,K02408
score_5,K15725
score_5,K14623
score_5,K07075
score_5,K01893
score_5,K02834
score_5,K07053
score_5,K02054
score_5,K03043
score_5,K03519
score_5,K02994
score_5,K17076
score_5,K02072
score_5,K01771
score_5,K10561
score_5,K03366
score_5,K20038
score_5,K05770
score_5,K01892
score_5,K02614
score_5,K11261
score_5,K01081
score_5,K06996
score_5,K00100
score_5,K02401
score_5,K01729
score_5,K07029
score_5,K05946
score_5,K02379
score_5,K07798
score_5,K02338
score_5,K17108
score_5,K02939
score_5,K03337
score_5,K23508
score_5,K03215
score_5,K01305
score_5,K02747
score_5,K00561
score_5,K13281
score_5,K21828
score_5,K00939
score_5,K06281
score_5,K19147
score_5,K01706
score_5,K00342
score_5,K02233
score_5,K19302
score_5,K02746
score_5,K01666
score_5,K05838
score_5,K07638
score_5,K00991
score_5,K07101
score_5,K02404
score_5,K08986
score_5,K01698
score_5,K04567
score_5,K01998
score_5,K00836
score_5,K16926
score_5,K19701
score_5,K02236
score_5,K21405
score_5,K06282
score_5,K20452
score_5,K02052
score_5,K22226
score_5,K04518
score_5,K01139
score_5,K02006
score_5,K01971
score_5,K01814
score_5,K13829
score_5,K07078
score_5,K00123
score_5,K03481
score_5,K01153
score_5,K20487
score_5,K02020
score_5,K03101
score_5,K18785
score_5,K21030
score_5,K09137
score_5,K15531
score_5,K01641
score_5,K06203
score_5,K06333
score_5,K00869
score_5,K02082
score_5,K01751
score_5,K02589
score_5,K02961
score_5,K02473
score_5,K21636
score_5,K04069
score_5,K00549
score_5,K07082
score_5,K01640
score_5,K00874
score_5,K00962
score_5,K02414
score_5,K02358
score_5,K03088
score_5,K06999
score_5,K05351
score_5,K02825
score_5,K09807
score_5,K00261
score_5,K17467
score_5,K16698
score_5,K14170
score_5,K02044
score_5,K11991
score_5,K21473
score_5,K07506
score_5,K01658
score_5,K11924
score_5,K16963
score_5,K07768
score_5,K13922
score_5,K16371
score_5,K01493
score_5,K18471
score_5,K18013
score_5,K16169
score_5,K12206
score_5,K14988
score_5,K02794
score_5,K00275
score_5,K00798
score_5,K03429
score_5,K13818
score_5,K05810
score_5,K03925
score_5,K06211
score_5,K02343
score_5,K03569
score_5,K01756
score_5,K06908
score_5,K02836
score_5,K01889
score_5,K02034
score_5,K04077
score_5,K19002
score_5,K03098
score_5,K01770
score_5,K03641
score_5,K12998
score_5,K03424
score_5,K12292
score_5,K01150
score_5,K05569
score_5,K10530
score_5,K03048
score_5,K04767
score_5,K22579
score_5,K02786
score_5,K06881
score_5,K05772
score_5,K02029
score_5,K02492
score_5,K09761
score_5,K03060
score_5,K05791
score_5,K02455
score_5,K23303
score_5,K01573
score_5,K02304
score_5,K02837
score_5,K01846
score_5,K16898
score_5,K12058
score_5,K19116
score_5,K05825
score_5,K07722
score_5,K12506
score_5,K04061
score_5,K16788
score_5,K07014
score_5,K23149
score_5,K01006
score_5,K17363
score_5,K00663
score_5,K15533
score_5,K20976
score_5,K01869
score_5,K20073
score_5,K18831
score_5,K02190
score_5,K18887
score_5,K22230
score_5,K13927
score_5,K01962
score_5,K00209
score_5,K16213
score_5,K07257
score_5,K12066
score_5,K02874
score_5,K00691
score_5,K03708
score_5,K02053
score_5,K11753
score_5,K01251
score_5,K01358
score_5,K17992
score_5,K15724
score_5,K02274
score_5,K07071
score_5,K03226
score_5,K03179
score_5,K16785
score_5,K02111
score_5,K01730
score_5,K06975
score_5,K18986
score_5,K07445
score_5,K12141
score_5,K12270
score_5,K00031
score_5,K10558
score_5,K21011
score_5,K02990
score_5,K19166
score_5,K07307
score_5,K08969
score_5,K21065
score_5,K13668
score_5,K01092
score_5,K02500
score_5,K09967
score_5,K12556
score_5,K02619
score_5,K02389
score_5,K19126
score_5,K18220
score_5,K01210
score_5,K03976
score_5,K08972
score_5,K09009
score_5,K02409
score_5,K19140
score_5,K01857
score_5,K01420
score_5,K04720
score_5,K12555
score_5,K23003
score_5,K06894
score_5,K15342
score_5,K01845
score_5,K20511
score_5,K04031
score_5,K00355
score_5,K22213
score_5,K03492
score_5,K17898
score_5,K11533
score_5,K02068
score_5,K02563
score_5,K03820
score_5,K18217
score_5,K02017
score_5,K17910
score_5,K01476
score_5,K01499
score_5,K07308
score_5,K09923
score_5,K19997
score_5,K00048
score_5,K01091
score_5,K09935
score_5,K10914
score_5,K01990
score_5,K02988
score_5,K03699
score_5,K01214
score_5,K06223
score_5,K01154
score_5,K02433
score_5,K01843
score_5,K00313
score_5,K12990
score_5,K07056
score_5,K02050
score_5,K15633
score_5,K12339
score_5,K09789
score_5,K02745
score_5,K13953
score_5,K02585
score_5,K01905
score_5,K12213
score_5,K00969
score_5,K01548
score_5,K01879
score_5,K00239
score_5,K01035
score_5,K01295
score_5,K00758
score_5,K03646
score_5,K05989
score_5,K14415
score_5,K03719
score_5,K21471
score_5,K07776
score_5,K00806
score_5,K22468
score_5,K01610
score_5,K07484
score_5,K00073
score_5,K01872
score_5,K16850
score_5,K06320
score_5,K06897
score_5,K01195
score_5,K12297
score_5,K07217
score_5,K01216
score_5,K10007
score_5,K11646
score_5,K11534
score_5,K06962
score_5,K09820
score_5,K16950
score_5,K04772
score_5,K01647
score_5,K10548
score_5,K13015
score_5,K16214
score_5,K03272
score_5,K18856
score_5,K12268
score_5,K19294
score_5,K20112
score_5,K16209
score_5,K05349
score_5,K07343
score_5,K03188
score_5,K08311
score_5,K07214
score_5,K02911
score_5,K00170
score_5,K12685
score_5,K02564
score_5,K21394
score_5,K00926
score_5,K14088
score_5,K01807
score_5,K04028
score_5,K01247
score_5,K21140
score_5,K02086
score_5,K00824
score_5,K02863
score_5,K05342
score_5,K18206
score_5,K10716
score_5,K03271
score_5,K01218
score_5,K17624
score_5,K00936
score_5,K09696
score_5,K01821
score_5,K04751
score_5,K16264
score_5,K01338
score_5,K20480
score_5,K03521
score_5,K19310
score_5,K16238
score_5,K01941
score_5,K20885
score_5,K07451
score_5,K03734
score_5,K02238
score_5,K21345
score_5,K18234
score_5,K01804
score_5,K02302
score_5,K02523
score_5,K16435
score_5,K13327
score_5,K07051
score_5,K09988
score_5,K21012
score_5,K02907
score_5,K12995
score_5,K04562
score_5,K09703
score_5,K07800
score_5,K07054
score_5,K00613
score_5,K07278
score_5,K03736
score_5,K07074
score_5,K21613
score_5,K02843
score_5,K00950
score_5,K04019
score_5,K12209
score_5,K09819
score_5,K01633
score_5,K23107
score_5,K03584
score_5,K15727
score_5,K03977
score_5,K01478
score_5,K19068
score_5,K02590
score_5,K08717
score_5,K02435
score_5,K07316
score_5,K19285
score_5,K22477
score_5,K12203
score_5,K01488
score_5,K23163
score_5,K02067
score_5,K00184
score_5,K18214
score_5,K04090
score_5,K10778
score_5,K01322
score_5,K11004
score_5,K15772
score_5,K01687
score_5,K00656
score_5,K02078
score_5,K01945
score_5,K09803
score_5,K00880
score_5,K21472
score_5,K21132
score_5,K22994
score_5,K18139
score_5,K06182
score_5,K03490
score_5,K17810
score_5,K00927
score_5,K06907
score_5,K09949
score_5,K01621
score_5,K11031
score_5,K01354
score_5,K07315
score_5,K00773
score_5,K16091
score_5,K04761
score_5,K07270
score_5,K03531
score_5,K03735
score_5,K09770
score_5,K07118
score_5,K18930
score_5,K06191
score_5,K07458
score_5,K00390
score_5,K00720
score_5,K01991
score_5,K21900
score_5,K13652
score_5,K01126
score_5,K00362
score_5,K14086
score_5,K07735
score_5,K02586
score_5,K01933
score_5,K01191
score_5,K06217
score_5,K05589
score_5,K07069
score_5,K22396
score_5,K12217
score_5,K23301
score_5,K01179
score_5,K16786
score_5,K03606
score_5,K04013
score_5,K00045
score_5,K18334
score_5,K02477
score_5,K15771
score_5,K16052
score_5,K01868
score_5,K00658
score_5,K06891
score_5,K11928
score_5,K00803
score_5,K15726
score_5,K02077
score_5,K01466
score_5,K01937
score_5,K00338
score_5,K05566
score_5,K00759
score_5,K06201
score_5,K15554
score_5,K07165
score_5,K00957
score_5,K13694
score_5,K05794
score_5,K03106
score_5,K06990
score_5,K10036
score_5,K16650
score_5,K02042
score_5,K13277
score_5,K15915
score_5,K09136
score_5,K01838
score_5,K13611
score_5,K01060
score_5,K02193
score_5,K11329
score_5,K00655
score_5,K02761
score_5,K01457
score_5,K11707
score_5,K03724
score_5,K07239
score_5,K09684
score_5,K07404
score_5,K06402
score_5,K01679
score_5,K01873
score_5,K00197
score_5,K01589
score_5,K00341
score_5,K00145
score_5,K11751
score_5,K03552
score_5,K17234
score_5,K20903
score_5,K03186
score_5,K18474
score_5,K04044
score_5,K21936
score_5,K07112
score_5,K09007
score_5,K01185
score_5,K04095
score_5,K20450
score_5,K05780
score_5,K03411
score_5,K01768
score_5,K04075
score_5,K07712
score_5,K13525
score_5,K02493
score_5,K02012
score_5,K05567
score_5,K12960
score_5,K02501
score_5,K15553
score_5,K01777
score_5,K11072
score_5,K07457
score_5,K01929
score_5,K01551
score_5,K00077
score_5,K20626
score_5,K03273
score_5,K01069
score_5,K01039
score_5,K00441
score_5,K02569
score_5,K07098
score_5,K12214
score_5,K21814
score_5,K02400
score_5,K22116
score_5,K12138
score_5,K00657
score_5,K14414
score_5,K19172
score_5,K19789
score_5,K00370
score_5,K08168
score_5,K15898
score_5,K11710
score_5,K04764
score_5,K03470
score_5,K03446
score_5,K12065
score_5,K17213
score_5,K02019
score_5,K22430
score_5,K00694
score_5,K18122
score_5,K01114
score_5,K23541
score_5,K12992
score_5,K12137
score_5,K23170
score_5,K19427
score_5,K09969
score_5,K01193
score_5,K10907
score_5,K03772
score_5,K19139
score_5,K11181
score_5,K22232
score_5,K09167
score_5,K18349
score_5,K13788
score_5,K11709
score_5,K18475
score_5,K00135
score_5,K01950
score_5,K09144
score_5,K02051
score_5,K09001
score_5,K06941
score_5,K23169
score_5,K16925
score_5,K19883
score_5,K00373
score_5,K06166
score_5,K03756
score_5,K01581
score_5,K20484
score_5,K03704
score_5,K01058
score_5,K01728
score_5,K18350
score_5,K03182
score_5,K03090
score_5,K02688
score_5,K07357
score_5,K01625
score_5,K02533
score_5,K01812
score_5,K11785
score_5,K06221
score_5,K07813
score_5,K02224
score_5,K01809
score_5,K00042
score_5,K02397
score_5,K03409
score_5,K11606
score_5,K06929
score_5,K22349
score_5,K03830
score_5,K16885
score_5,K16235
score_5,K01938
score_5,K14091
score_5,K02045
score_5,K02784
score_5,K03638
score_5,K17236
score_5,K11615
score_5,K01737
score_5,K07491
score_5,K01429
score_5,K04783
score_5,K03390
score_5,K06859
score_5,K23352
score_5,K03412
score_5,K19170
score_5,K00041
score_5,K01266
score_5,K06606
score_5,K01147
score_5,K03562
score_5,K01649
score_5,K08161
score_5,K00010
score_5,K18303
score_5,K00094
score_5,K15520
score_5,K06395
score_5,K04749
score_5,K11690
score_5,K18120
score_5,K23077
score_5,K05363
score_5,K13288
score_5,K19710
score_5,K20509
score_5,K03497
score_5,K02056
score_5,K13929
score_5,K05916
score_5,K19169
score_5,K03604
score_5,K17218
score_5,K07127
score_5,K21681
score_5,K15125
score_5,K19273
score_5,K02283
score_5,K23356
score_5,K06408
score_5,K00164
score_5,K09964
score_5,K07275
score_5,K07729
score_5,K11065
score_5,K07654
score_5,K07106
score_5,K13990
score_5,K20341
score_5,K11051
score_5,K23537
score_5,K12140
score_5,K01823
score_5,K01626
score_5,K14090
score_5,K18014
score_5,K01176
score_5,K06334
score_5,K02010
score_5,K09477
score_5,K03642
score_5,K18205
score_5,K12111
score_5,K20862
score_5,K16153
score_5,K07250
score_5,K07219
score_5,K21619
score_5,K13963
score_5,K00065
score_5,K12503
score_5,K02282
score_5,K17073
score_5,K07080
score_5,K03572
score_5,K07741
score_5,K12218
score_5,K09011
score_5,K03732
score_5,K13819
score_5,K01685
score_5,K18479
score_5,K05337
score_5,K01803
score_5,K20265
score_5,K00978
score_5,K07272
score_5,K01011
score_5,K08297
score_5,K11214
score_5,K18545
score_5,K01866
score_5,K00625
score_5,K07979
score_5,K00640
score_5,K01926
score_5,K21344
score_5,K05568
score_5,K02230
score_5,K19119
score_5,K02047
score_5,K09697
score_5,K04566
score_5,K00344
score_5,K12528
score_5,K07739
score_5,K16922
score_5,K10681
score_5,K00619
score_5,K16961
score_5,K01816
score_5,K11050
score_5,K16846
score_5,K07126
score_5,K07037
score_5,K01738
score_5,K00002
score_5,K01613
score_5,K02119
score_5,K16923
score_5,K20257
score_5,K07666
score_5,K16212
score_5,K02664
score_5,K17074
score_5,K02028
score_5,K01436
score_5,K15583
score_5,K16087
score_5,K02291
score_5,K01783
score_5,K08319
score_5,K14982
score_5,K09825
score_5,K18814
score_5,K13280
score_5,K07507
score_5,K02444
score_5,K01628
score_5,K02313
score_5,K01854
score_5,K11180
score_5,K10107
score_5,K00009
score_5,K01284
score_5,K01999
score_5,K18828
score_5,K01449
score_5,K09979
score_5,K09791
score_5,K18118
score_5,K01485
score_5,K09931
score_5,K20488
score_5,K03926
score_5,K02415
score_5,K01561
score_5,K09692
score_5,K03399
score_5,K01849
score_5,K11738
score_5,K03077
score_5,K18890
score_5,K01780
score_5,K01629
score_5,K12072
score_5,K01262
score_5,K07032
score_5,K18285
score_5,K07006
score_5,K01993
score_5,K06205
score_5,K02591
score_5,K09689
score_5,K04014
score_5,K01958
score_5,K09155
score_5,K03738
score_5,K00111
score_5,K05306
score_5,K07787
score_5,K00547
score_5,K01579
score_5,K03564
score_5,K09138
score_5,K23573
score_5,K04750
score_5,K11749
score_5,K07148
score_5,K05396
score_5,K16203
score_5,K00346
score_5,K06909
score_5,K09702
score_5,K03666
score_5,K07719
score_5,K02041
score_5,K04784
score_5,K01839
score_5,K00102
score_5,K20974
score_5,K00603
score_5,K00437
score_5,K17215
score_5,K00046
score_5,K21947
score_5,K01813
score_5,K02075
score_5,K03299
score_5,K04561
score_5,K19956
score_5,K03760
score_5,K08153
score_5,K13587
score_5,K07442
score_5,K06331
score_5,K01439
score_5,K02426
score_5,K02025
score_5,K03405
score_5,K03582
score_5,K00931
score_5,K02574
score_5,K00986
score_5,K10823
score_5,K02554
score_5,K01921
score_5,K13643
score_5,K05801
score_5,K02168
score_5,K11755
score_5,K07406
score_5,K03437
score_5,K02018
score_5,K02182
score_5,K11743
score_5,K17734
score_5,K05352
score_5,K22212
score_5,K01428
score_5,K20814
score_5,K07031
score_5,K01474
score_5,K15580
score_5,K15770
score_5,K06446
score_5,K10819
score_5,K01520
score_5,K02935
score_5,K02420
score_5,K00981
score_5,K00057
score_5,K05366
score_5,K02171
score_5,K19167
score_5,K05988
score_5,K02110
score_5,K22132
score_5,K00604
score_5,K02970
score_5,K19165
score_5,K02440
score_5,K02242
score_5,K01182
score_5,K22723
score_5,K11708
score_5,K13599
score_5,K22044
score_5,K00281
score_5,K02443
score_5,K12240
score_5,K15738
score_5,K02916
score_5,K06608
score_5,K08159
score_5,K21573
score_5,K06610
score_5,K05811
score_5,K17733
score_5,K02483
score_5,K18918
score_5,K09139
score_5,K01224
score_5,K01008
score_5,K11381
score_5,K10547
score_5,K02520
score_5,K03547
score_5,K10012
score_5,K01181
score_5,K01668
score_5,K21467
score_5,K12982
score_5,K06001
score_5,K23398
score_5,K00633
score_5,K03224
score_5,K22373
score_5,K00970
score_5,K05873
score_5,K02968
score_5,K01575
score_5,K00854
score_5,K23259
score_5,K20492
score_5,K16139
score_5,K15975
score_5,K00381
score_5,K02594
score_5,K15581
score_5,K00571
score_5,K05816
score_5,K02390
score_5,K06181
score_5,K04045
score_5,K01758
score_5,K18816
score_5,K02133
score_5,K07309
score_5,K02946
score_5,K06915
score_5,K07321
score_5,K01677
score_5,K03826
score_5,K02525
score_5,K13584
score_5,K00983
score_5,K11071
score_5,K16924
score_5,K14761
score_5,K01834
score_5,K02243
score_5,K10037
score_5,K10682
score_5,K03972
score_5,K00954
score_5,K01308
score_5,K01451
score_5,K01736
score_5,K19508
score_5,K12296
score_5,K01995
score_5,K01265
score_5,K12511
score_5,K03227
score_5,K07705
score_5,K00800
score_5,K21563
score_5,K19309
score_5,K14153
score_5,K02015
score_5,K02005
score_5,K02838
score_5,K19159
score_5,K15773
score_5,K09951
score_5,K00283
score_5,K01270
score_5,K06952
score_5,K19123
score_5,K01657
score_5,K11070
score_5,K00928
score_5,K20342
score_5,K18704
score_5,K20415
score_5,K10213
score_5,K01089
score_5,K21749
score_5,K18893
score_5,K02237
score_5,K20491
score_5,K02004
score_5,K05822
score_5,K06942
score_5,K14205
score_5,K02986
score_5,K08680
score_5,K01915
score_5,K03147
score_5,K16959
score_5,K01727
score_5,K19509
score_5,K17899
score_5,K03799
score_5,K11720
score_5,K18672
score_5,K12295
score_5,K00853
score_5,K22958
score_5,K02598
score_5,K07717
score_5,K02026
score_5,K03652
score_5,K02777
score_5,K14540
score_5,K02073
score_5,K19091
score_5,K06206
score_5,K01486
score_5,K19954
score_5,K04029
score_5,K03624
score_5,K11527
score_5,K06163
score_5,K10697
score_5,K02411
score_5,K02203
score_5,K15974
score_5,K21399
score_5,K07727
score_5,K01580
score_5,K03612
score_5,K00564
score_5,K01235
score_5,K14977
score_5,K12940
score_5,K21903
score_5,K07670
score_5,K03394
score_5,K15876
score_5,K02864
score_5,K18692
score_5,K01953
score_5,K02003
score_5,K02867
score_5,K07318
score_5,K01161
score_5,K01142
score_5,K07004
score_5,K12942
score_5,K19271
score_5,K08151
score_5,K01788
score_5,K04096
score_5,K03706
score_5,K06895
score_5,K12554
score_5,K16960
score_5,K02396
score_5,K13252
score_5,K14058
score_5,K01754
score_5,K17235
score_5,K17331
score_5,K00245
score_5,K06878
score_5,K16014
score_5,K03095
score_5,K02488
score_5,K18675
score_5,K13920
score_5,K03930
score_5,K18829
score_5,K15555
score_5,K19005
score_5,K12999
score_5,K01448
score_5,K07224
score_5,K11614
score_5,K09471
score_5,K01699
score_5,K01778
score_5,K01697
score_5,K06384
score_5,K02663
score_5,K01644
score_5,K11782
score_5,K02437
score_5,K03293
score_5,K02117
score_5,K02109
score_5,K21498
score_5,K13040
score_5,K08167
score_5,K08314
score_5,K02926
score_5,K15584
score_5,K01914
score_5,K06877
score_5,K16148
score_5,K12452
score_5,K11144
score_5,K19955
score_5,K03651
score_5,K07393
score_5,K12660
score_5,K03313
score_5,K01194
score_5,K22457
score_5,K01246
score_5,K01297
score_5,K02240
score_5,K00851
score_5,K01227
score_5,K13038
score_5,K05685
score_5,K07133
score_5,K00858
score_5,K01710
score_5,K01654
score_5,K09117
score_5,K02074
score_5,K11617
score_5,K04565
score_5,K22606
score_5,K12997
score_5,K19429
score_5,K02428
score_5,K17836
score_5,K15586
score_5,K13571
score_5,K01858
score_5,K16301
score_5,K02348
score_5,K15778
score_5,K11068
score_5,K02000
score_5,K19125
score_5,K03274
score_5,K01709
score_5,K01916
score_5,K02120
score_5,K08281
score_5,K00784
score_5,K12661
score_5,K13640
score_5,K12733
score_5,K17947
score_5,K01104
score_5,K00772
score_5,K01273
score_5,K01755
score_5,K02035
score_5,K13787
score_5,K10986
score_5,K02601
score_5,K23518
score_5,K02232
score_5,K03932
score_5,K02103
score_5,K02902
score_5,K06904
score_5,K11537
score_5,K13932
score_5,K00330
score_5,K02652
score_5,K03471
score_5,K02666
score_5,K08372
score_5,K19803
score_5,K04516
score_5,K16651
score_5,K14445
score_5,K06193
score_5,K23270
score_5,K11934
score_5,K18348
score_5,K19168
score_5,K19124
score_5,K01815
score_5,K02124
score_5,K03834
score_5,K02049
score_5,K00030
score_5,K15921
score_5,K23257
score_5,K14379
score_5,K01844
score_5,K01355
score_5,K00198
score_5,K08999
score_5,K03473
score_5,K00681
score_5,K18345
score_5,K09973
score_5,K02099
score_5,K01590
score_5,K07017
score_5,K01791
score_5,K01026
score_5,K03444
score_5,K02815
score_5,K03544
score_5,K06284
score_5,K18197
score_5,K03196
score_5,K22432
score_5,K00697
score_5,K21556
score_5,K02528
score_5,K20037
score_5,K04026
score_5,K01841
score_5,K03558
score_5,K23182
score_5,K15899
score_5,K21557
score_5,K03534
score_5,K15524
score_5,K18891
score_5,K11927
score_5,K02687
score_5,K01678
score_5,K02316
score_5,K00647
score_5,K22906
score_5,K01304
score_5,K01599
score_5,K12373
score_5,K01885
score_5,K18012
score_5,K13049
score_5,K03367
score_5,K02824
score_5,K15855
score_5,K21567
score_5,K17241
score_5,K07304
score_5,K06391
score_5,K01612
score_5,K17246
score_5,K01635
score_5,K17245
score_5,K22441
score_5,K03833
score_5,K11102
score_5,K11618
score_5,K02118
score_5,K12410
score_5,K18830
score_5,K01201
score_5,K00158
score_5,K03752
score_5,K00616
score_5,K22901
score_5,K01652
score_5,K03813
score_5,K02058
score_5,K11784
score_5,K01784
score_5,K17758
score_5,K05823
score_5,K02453
score_5,K11921
score_5,K19090
score_5,K06872
score_5,K03297
score_5,K03476
score_5,K10563
score_5,K10985
score_5,K03191
score_5,K10441
score_5,K17242
score_5,K00130
score_5,K19422
score_5,K08309
score_5,K22900
score_5,K17735
score_5,K02858
score_5,K21395
score_5,K02992
score_5,K01232
score_5,K13497
score_5,K19972
score_5,K17759
score_5,K01802
score_5,K14731
score_5,K05846
score_5,K02108
score_5,K01708
score_5,K00997
score_5,K15527
score_5,K22103
score_5,K04076
score_5,K02413
score_5,K01711
score_5,K02014
score_5,K03491
score_5,K02416
score_5,K04844
score_5,K15023
score_5,K01880
score_5,K21572
score_5,K03276
score_5,K10710
score_5,K07266
score_5,K00558
score_5,K07016
score_5,K00709
score_5,K14654
score_5,K02217
score_5,K06117
score_5,K02172
score_5,K20859
score_5,K03578
score_5,K10974
score_5,K07139
score_5,K04092
score_5,K03818
score_5,K01286
score_5,K16957
score_5,K03289
score_5,K00817
score_5,K12541
score_5,K02346
score_5,K07243
score_5,K01734
score_5,K12527
score_5,K09809
score_5,K02032
score_5,K03628
score_5,K11206
score_5,K02248
score_5,K19046
score_5,K07483
score_5,K10805
score_5,K22902
score_5,K09922
score_5,K00973
score_5,K06920
score_5,K03517
score_5,K07313
score_5,K00324
score_5,K01759
score_5,K12251
score_5,K23245
score_5,K06297
score_5,K00174
score_5,K02115
score_5,K01919
score_5,K18707
score_5,K00230
score_5,K07649
score_5,K01077
score_5,K07668
score_5,K21961
score_5,K04062
score_5,K23231
score_5,K17195
score_5,K03711
score_5,K01746
score_5,K19689
score_5,K18008
score_5,K02246
score_5,K15371
score_5,K00128
score_5,K01630
score_5,K03722
score_5,K02841
score_5,K10678
score_5,K13891
score_5,K18011
score_5,K01531
score_5,K21750
score_5,K02427
score_5,K20904
score_5,K07115
score_5,K05593
score_5,K00134
score_5,K22699
score_5,K18237
score_5,K01534
score_5,K00091
score_5,K07221
score_5,K21993
score_5,K01661
score_5,K01674
score_5,K17723
score_5,K19299
score_5,K05796
score_5,K12267
score_5,K01252
score_5,K02573
score_5,K00194
score_5,K07130
score_5,K02195
score_5,K13735
score_5,K10939
score_5,K02550
score_5,K09972
score_5,K06906
score_5,K01042
score_5,K14194
score_5,K01643
score_5,K01996
score_5,K01494
score_5,K01733
score_5,K03385
score_5,K10742
score_5,K04568
score_5,K07399
score_5,K01447
score_5,K01048
score_5,K01867
score_5,K15396
score_5,K02169
score_5,K01497
score_5,K23241
score_5,K01624
score_5,K05939
score_5,K02495
score_5,K01487
score_5,K05970
score_5,K15923
score_5,K00334
score_5,K11472
score_5,K01223
score_5,K06167
score_5,K11105
score_5,K03549
score_5,K00014
score_5,K00058
score_5,K00088
score_5,K00121
score_5,K00127
score_5,K00137
score_5,K00176
score_5,K00196
score_5,K00231
score_5,K00252
score_5,K00282
score_5,K00286
score_5,K00333
score_5,K00350
score_5,K00363
score_5,K00382
score_5,K00412
score_5,K00428
score_5,K00533
score_5,K00574
score_5,K00602
score_5,K00651
score_5,K00662
score_5,K00684
score_5,K00783
score_5,K00786
score_5,K00788
score_5,K00821
score_5,K00832
score_5,K00844
score_5,K00845
score_5,K00857
score_5,K00864
score_5,K00865
score_5,K00867
score_5,K00879
score_5,K00885
score_5,K00925
score_5,K00949
score_5,K00955
score_5,K00989
score_5,K00995
score_5,K01000
score_5,K01002
score_5,K01012
score_5,K01023
score_5,K01057
score_5,K01066
score_5,K01082
score_5,K01085
score_5,K01095
score_5,K01118
score_5,K01133
score_5,K01155
score_5,K01163
score_5,K01186
score_5,K01187
score_5,K01197
score_5,K01209
score_5,K01215
score_5,K01220
score_5,K01241
score_5,K01250
score_5,K01256
score_5,K01259
score_5,K01267
score_5,K01372
score_5,K01409
score_5,K01414
score_5,K01425
score_5,K01455
score_5,K01462
score_5,K01464
score_5,K01468
score_5,K01470
score_5,K01482
score_5,K01525
score_5,K01533
score_5,K01537
score_5,K01571
score_5,K01582
score_5,K01584
score_5,K01588
score_5,K01591
score_5,K01596
score_5,K01620
score_5,K01639
score_5,K01664
score_5,K01667
score_5,K01689
score_5,K01713
score_5,K01714
score_5,K01720
score_5,K01740
score_5,K01744
score_5,K01772
score_5,K01785
score_5,K01787
score_5,K01790
score_5,K01810
score_5,K01848
score_5,K01874
score_5,K01878
score_5,K01881
score_5,K01906
score_5,K01911
score_5,K01912
score_5,K01923
score_5,K01928
score_5,K01940
score_5,K01956
score_5,K01963
score_5,K02002
score_5,K02007
score_5,K02022
score_5,K02027
score_5,K02031
score_5,K02033
score_5,K02037
score_5,K02038
score_5,K02046
score_5,K02062
score_5,K02064
score_5,K02069
score_5,K02107
score_5,K02122
score_5,K02123
score_5,K02160
score_5,K02173
score_5,K02189
score_5,K02191
score_5,K02221
score_5,K02227
score_5,K02231
score_5,K02241
score_5,K02278
score_5,K02279
score_5,K02314
score_5,K02319
score_5,K02334
score_5,K02335
score_5,K02355
score_5,K02356
score_5,K02371
score_5,K02377
score_5,K02385
score_5,K02394
score_5,K02398
score_5,K02405
score_5,K02412
score_5,K02418
score_5,K02421
score_5,K02439
score_5,K02456
score_5,K02466
score_5,K02469
score_5,K02470
score_5,K02471
score_5,K02507
score_5,K02509
score_5,K02532
score_5,K02535
score_5,K02558
score_5,K02560
score_5,K02626
score_5,K02653
score_5,K02655
score_5,K02682
score_5,K02750
score_5,K02760
score_5,K02769
score_5,K02774
score_5,K02775
score_5,K02796
score_5,K02812
score_5,K02813
score_5,K02814
score_5,K02835
score_5,K02855
score_5,K02860
score_5,K02886
score_5,K02909
score_5,K02931
score_5,K02948
score_5,K02950
score_5,K02952
score_5,K02956
score_5,K02959
score_5,K02965
score_5,K02967
score_5,K02982
score_5,K03046
score_5,K03070
score_5,K03110
score_5,K03177
score_5,K03218
score_5,K03270
score_5,K03294
score_5,K03303
score_5,K03306
score_5,K03335
score_5,K03414
score_5,K03417
score_5,K03426
score_5,K03439
score_5,K03474
score_5,K03487
score_5,K03535
score_5,K03553
score_5,K03560
score_5,K03577
score_5,K03590
score_5,K03592
score_5,K03598
score_5,K03615
score_5,K03620
score_5,K03647
score_5,K03656
score_5,K03657
score_5,K03695
score_5,K03696
score_5,K03737
score_5,K03743
score_5,K03744
score_5,K03749
score_5,K03755
score_5,K03757
score_5,K03765
score_5,K03767
score_5,K03777
score_5,K03790
score_5,K03809
score_5,K03810
score_5,K03817
score_5,K03831
score_5,K03928
score_5,K03980
score_5,K04041
score_5,K04043
score_5,K04063
score_5,K04334
score_5,K04335
score_5,K04477
score_5,K04652
score_5,K04656
score_5,K04744
score_5,K04754
score_5,K04774
score_5,K05340
score_5,K05515
score_5,K05601
score_5,K05785
score_5,K05786
score_5,K05790
score_5,K05805
score_5,K05820
score_5,K05837
score_5,K05845
score_5,K05876
score_5,K06019
score_5,K06045
score_5,K06077
score_5,K06145
score_5,K06151
score_5,K06155
score_5,K06157
score_5,K06180
score_5,K06188
score_5,K06189
score_5,K06207
score_5,K06209
score_5,K06287
score_5,K06400
score_5,K06416
score_5,K06857
score_5,K06903
score_5,K06978
score_5,K06989
score_5,K06994
score_5,K07010
score_5,K07043
score_5,K07052
score_5,K07079
score_5,K07095
score_5,K07102
score_5,K07120
score_5,K07146
score_5,K07156
score_5,K07161
score_5,K07248
score_5,K07259
score_5,K07264
score_5,K07347
score_5,K07462
score_5,K07467
score_5,K07473
score_5,K07495
score_5,K07559
score_5,K07639
score_5,K07673
score_5,K07696
score_5,K07757
score_5,K07797
score_5,K08156
score_5,K08169
score_5,K08222
score_5,K08296
score_5,K08305
score_5,K08352
score_5,K08602
score_5,K08641
score_5,K08676
score_5,K08724
score_5,K08998
score_5,K09013
score_5,K09128
score_5,K09251
score_5,K09472
score_5,K09474
score_5,K09688
score_5,K09690
score_5,K09710
score_5,K09758
score_5,K09767
score_5,K09771
score_5,K09773
score_5,K09779
score_5,K09781
score_5,K09800
score_5,K09893
score_5,K09903
score_5,K09908
score_5,K09937
score_5,K09952
score_5,K10004
score_5,K10006
score_5,K10011
score_5,K10015
score_5,K10440
score_5,K10679
score_5,K10747
score_5,K10793
score_5,K10806
score_5,K11075
score_5,K11179
score_5,K11189
score_5,K11216
score_5,K11250
score_5,K11263
score_5,K11604
score_5,K11645
score_5,K11742
score_5,K11744
score_5,K11752
score_5,K11754
score_5,K11939
score_5,K11959
score_5,K12056
score_5,K12060
score_5,K12061
score_5,K12063
score_5,K12064
score_5,K12136
score_5,K12343
score_5,K12510
score_5,K12574
score_5,K12687
score_5,K12954
score_5,K12978
score_5,K12985
score_5,K13002
score_5,K13051
score_5,K13052
score_5,K13059
score_5,K13378
score_5,K13479
score_5,K13498
score_5,K13527
score_5,K13529
score_5,K13566
score_5,K13641
score_5,K13677
score_5,K13678
score_5,K13732
score_5,K13893
score_5,K13895
score_5,K13954
score_5,K14192
score_5,K14261
score_5,K14274
score_5,K14348
score_5,K14534
score_5,K14591
score_5,K14682
score_5,K15303
score_5,K15461
score_5,K15545
score_5,K15550
score_5,K15585
score_5,K15600
score_5,K15723
score_5,K15777
score_5,K15832
score_5,K15866
score_5,K15868
score_5,K15873
score_5,K15894
score_5,K16089
score_5,K16140
score_5,K16210
score_5,K16234
score_5,K16299
score_5,K16345
score_5,K16511
score_5,K16899
score_5,K16962
score_5,K17675
score_5,K17680
score_5,K18104
score_5,K18141
score_5,K18320
score_5,K18369
score_5,K18581
score_5,K18682
score_5,K18702
score_5,K18838
score_5,K18850
score_5,K18888
score_5,K18907
score_5,K18928
score_5,K19075
score_5,K19138
score_5,K19157
score_5,K19163
score_5,K19221
score_5,K19231
score_5,K19270
score_5,K19337
score_5,K19350
score_5,K19354
score_5,K19419
score_5,K19504
score_5,K20461
score_5,K20541
score_5,K20627
score_5,K20938
score_5,K21449
score_5,K21463
score_5,K21464
score_5,K21469
score_5,K21511
score_5,K21512
score_5,K21574
score_5,K21739
score_5,K21746
score_5,K21908
score_5,K21974
score_5,K21977
score_5,K21990
score_5,K22278
score_5,K22339
score_5,K22604
score_5,K22650
score_5,K22757
score_5,K23005
score_5,K23078
score_5,K23121
score_5,K23183
score_5,K23184
score_6,K17398
score_6,K23547
score_6,K01607
score_6,K09469
score_6,K10241
score_6,K02744
score_6,K21948
score_6,K22424
score_6,K02510
score_6,K21417
score_6,K16248
score_6,K01725
score_6,K16951
score_6,K03650
score_6,K09924
score_6,K23393
score_6,K21578
score_6,K01524
score_6,K22605
score_6,K00567
score_6,K05979
score_6,K09760
score_6,K01040
score_6,K11741
score_6,K07552
score_6,K13016
score_6,K21023
score_6,K18344
score_6,K22607
score_6,K03602
score_6,K22405
score_6,K19545
score_6,K08722
score_6,K03324
score_6,K18979
score_6,K09859
score_6,K02517
score_6,K18866
score_6,K06120
score_6,K01560
score_6,K01910
score_6,K04835
score_6,K11733
score_6,K23189
score_6,K07149
score_6,K18119
score_6,K02474
score_6,K17716
score_6,K17204
score_6,K00863
score_6,K01430
score_6,K19428
score_6,K20276
score_6,K01046
score_6,K21576
score_6,K18331
score_6,K18889
score_6,K06153
score_6,K23351
score_6,K03087
score_6,K03111
score_6,K10560
score_6,K17318
score_6,K23536
score_6,K10708
score_6,K08963
score_6,K19540
score_6,K19405
score_6,K06013
score_6,K02531
score_6,K03841
score_6,K15552
score_6,K22736
score_6,K06015
score_6,K01299
score_6,K14048
score_6,K15515
score_6,K20344
score_6,K07089
score_6,K13653
score_6,K21579
score_6,K07337
score_6,K22522
score_6,K17319
score_6,K02039
score_6,K16881
score_6,K20345
score_6,K06997
score_6,K15924
score_6,K15922
score_6,K19134
score_6,K01925
score_6,K07306
score_6,K02434
score_6,K09764
score_6,K00254
score_6,K01903
score_6,K00113
score_6,K21400
score_6,K00560
score_6,K01261
score_6,K16907
score_6,K02197
score_6,K07460
score_6,K01939
score_6,K02055
score_6,K03503
score_6,K03803
score_6,K01972
score_6,K21416
score_6,K11104
score_6,K07319
score_6,K22129
score_6,K18427
score_6,K21571
score_6,K04047
score_6,K00364
score_6,K10556
score_6,K13542
score_6,K07025
score_6,K01902
score_6,K17320
score_6,K07341
score_6,K19114
score_6,K19286
score_6,K09014
score_6,K10559
score_6,K03969
score_6,K00459
score_6,K19505
score_6,K01226
score_6,K06926
score_6,K01473
score_6,K03665
score_6,K23535
score_6,K13012
score_6,K12059
score_6,K01735
score_6,K19171
score_6,K03975
score_6,K18231
score_6,K01835
score_6,K02933
score_6,K03781
score_6,K14652
score_6,K01779
score_6,K09812
score_6,K08299
score_6,K05808
score_6,K07132
score_6,K08282
score_6,K00819
score_6,K07455
score_6,K00661
score_6,K01151
score_6,K01817
score_6,K01547
score_6,K21147
score_6,K19242
score_6,K16784
score_6,K15871
score_6,K07005
score_6,K07704
score_6,K01281
score_6,K07474
score_6,K06950
score_6,K13075
score_6,K00768
score_6,K09131
score_6,K23148
score_6,K08094
score_6,K01883
score_6,K03190
score_6,K07505
score_6,K13921
score_6,K23546
score_6,K01695
score_6,K12293
score_6,K14188
score_6,K15582
score_6,K05851
score_6,K02793
score_6,K08364
score_6,K00886
score_6,K00287
score_6,K13671
score_6,K02526
score_6,K01886
score_6,K01623
score_6,K01890
score_6,K02040
score_6,K02226
score_6,K16328
score_6,K11529
score_6,K16874
score_6,K03187
score_6,K18910
score_6,K00712
score_6,K19092
score_6,K01665
score_6,K15460
score_6,K15977
score_6,K22227
score_6,K21063
score_6,K19421
score_6,K06879
score_6,K00171
score_6,K00371
score_6,K09118
score_6,K18332
score_6,K06199
score_6,K21759
score_6,K09861
score_6,K03769
score_6,K03230
score_6,K07192
score_6,K17828
score_6,K01479
score_6,K01198
score_6,K03664
score_6,K19118
score_6,K21583
score_6,K01715
score_6,K02009
score_6,K10120
score_6,K03565
score_6,K02852
score_6,K01646
score_6,K03116
score_6,K02372
score_6,K03601
score_6,K02768
score_6,K01934
score_6,K00809
score_6,K01056
score_6,K16147
score_6,K18330
score_6,K00831
score_6,K23004
score_6,K18346
score_6,K02395
score_6,K15669
score_6,K00112
score_6,K07659
score_6,K06956
score_6,K05795
score_6,K01750
score_6,K03522
score_6,K09940
score_6,K00826
score_6,K02121
score_6,K13019
score_6,K03605
score_6,K10231
score_6,K00372
score_6,K03800
score_6,K17103
score_6,K02906
score_6,K01501
score_6,K00526
score_6,K01760
score_6,K17837
score_6,K02424
score_6,K03072
score_6,K01546
score_6,K02454
score_6,K02557
score_6,K17465
score_6,K00150
score_6,K22300
score_6,K16906
score_6,K07443
score_6,K22431
score_6,K06020
score_6,K21577
score_6,K11041
score_6,K10979
score_6,K03748
score_6,K18221
score_6,K02548
score_6,K15599
score_6,K01507
score_6,K09961
score_6,K00598
score_6,K02011
score_6,K07173
score_6,K16149
score_6,K19424
score_6,K23059
score_6,K09705
score_6,K19158
score_6,K18302
score_6,K13919
score_6,K01173
score_6,K19048
score_6,K17818
score_6,K18955
score_6,K19115
score_6,K02188
score_6,K02340
score_6,K16905
score_6,K11203
score_6,K13931
score_6,K09793
score_6,K02337
score_6,K01523
score_6,K01611
score_6,K14665
score_6,K03074
score_6,K03828
score_6,K14155
score_6,K07485
score_6,K03727
score_6,K01932
score_6,K03596
score_6,K01997
score_6,K04940
score_6,K07571
score_6,K09989
score_6,K11175
score_6,K01739
score_6,K07746
score_6,K00433
score_6,K18926
score_6,K21672
score_6,K22319
score_6,K03742
score_6,K03667
score_6,K20866
score_6,K07246
score_6,K00325
score_6,K01818
score_6,K00632
score_6,K02342
score_6,K01653
score_6,K11145
score_6,K00688
score_6,K22293
score_6,K03589
score_6,K01034
score_6,K01586
score_6,K10709
score_6,K02552
score_6,K03709
score_6,K11202
score_6,K06928
score_6,K03325
score_6,K00848
score_6,K07657
score_6,K00156
score_6,K08978
score_6,K03219
score_6,K01989
score_6,K01597
score_6,K19334
score_6,K10005
score_6,K01952
score_6,K20444
score_6,K14983
score_6,K02245
score_6,K19117
score_6,K18216
score_6,K01208
score_6,K20534
score_6,K07084
score_6,K15870
score_6,K05346
score_6,K17865
score_6,K00054
score_6,K19049
score_6,K05524
score_6,K22933
score_6,K01361
score_6,K21898
score_6,K00053
score_6,K06218
score_6,K22927
score_6,K01761
score_6,K17243
score_6,K01703
score_6,K01480
score_6,K03073
score_6,K13628
score_6,K01609
score_6,K02499
score_6,K02112
score_6,K21064
score_6,K00641
score_6,K17466
score_6,K17686
score_6,K14083
score_6,K02839
score_6,K23123
score_6,K21279
score_6,K20489
score_6,K00012
score_6,K10008
score_6,K02106
score_6,K21055
score_6,K11312
score_6,K19355
score_6,K08981
score_6,K22130
score_6,K08302
score_6,K05367
score_6,K02408
score_6,K15725
score_6,K14623
score_6,K07075
score_6,K01893
score_6,K02834
score_6,K07053
score_6,K02054
score_6,K03043
score_6,K03519
score_6,K02994
score_6,K17076
score_6,K02072
score_6,K01771
score_6,K10561
score_6,K03366
score_6,K20038
score_6,K05770
score_6,K01892
score_6,K02614
score_6,K11261
score_6,K01081
score_6,K06996
score_6,K00100
score_6,K02401
score_6,K01729
score_6,K07029
score_6,K05946
score_6,K02379
score_6,K07798
score_6,K02338
score_6,K17108
score_6,K02939
score_6,K03337
score_6,K23508
score_6,K03215
score_6,K01305
score_6,K02747
score_6,K00561
score_6,K13281
score_6,K21828
score_6,K00939
score_6,K06281
score_6,K19147
score_6,K01706
score_6,K00342
score_6,K02233
score_6,K19302
score_6,K02746
score_6,K01666
score_6,K05838
score_6,K07638
score_6,K00991
score_6,K07101
score_6,K02404
score_6,K08986
score_6,K01698
score_6,K04567
score_6,K01998
score_6,K00836
score_6,K16926
score_6,K19701
score_6,K02236
score_6,K21405
score_6,K06282
score_6,K20452
score_6,K02052
score_6,K22226
score_6,K04518
score_6,K01139
score_6,K02006
score_6,K01971
score_6,K01814
score_6,K13829
score_6,K07078
score_6,K00123
score_6,K03481
score_6,K01153
score_6,K20487
score_6,K02020
score_6,K03101
score_6,K18785
score_6,K21030
score_6,K09137
score_6,K15531
score_6,K01641
score_6,K06203
score_6,K06333
score_6,K00869
score_6,K02082
score_6,K01751
score_6,K02589
score_6,K02961
score_6,K02473
score_6,K21636
score_6,K04069
score_6,K00549
score_6,K07082
score_6,K01640
score_6,K00874
score_6,K00962
score_6,K02414
score_6,K02358
score_6,K03088
score_6,K06999
score_6,K05351
score_6,K02825
score_6,K09807
score_6,K00261
score_6,K17467
score_6,K16698
score_6,K14170
score_6,K02044
score_6,K11991
score_6,K21473
score_6,K07506
score_6,K01658
score_6,K11924
score_6,K16963
score_6,K07768
score_6,K13922
score_6,K16371
score_6,K01493
score_6,K18471
score_6,K18013
score_6,K16169
score_6,K12206
score_6,K14988
score_6,K02794
score_6,K00275
score_6,K00798
score_6,K03429
score_6,K13818
score_6,K05810
score_6,K03925
score_6,K06211
score_6,K02343
score_6,K03569
score_6,K01756
score_6,K06908
score_6,K02836
score_6,K01889
score_6,K02034
score_6,K04077
score_6,K19002
score_6,K03098
score_6,K01770
score_6,K03641
score_6,K12998
score_6,K03424
score_6,K12292
score_6,K01150
score_6,K05569
score_6,K10530
score_6,K03048
score_6,K04767
score_6,K22579
score_6,K02786
score_6,K06881
score_6,K05772
score_6,K02029
score_6,K02492
score_6,K09761
score_6,K03060
score_6,K05791
score_6,K02455
score_6,K23303
score_6,K01573
score_6,K02304
score_6,K02837
score_6,K01846
score_6,K16898
score_6,K12058
score_6,K19116
score_6,K05825
score_6,K07722
score_6,K12506
score_6,K04061
score_6,K16788
score_6,K07014
score_6,K23149
score_6,K01006
score_6,K17363
score_6,K00663
score_6,K15533
score_6,K20976
score_6,K01869
score_6,K20073
score_6,K18831
score_6,K02190
score_6,K18887
score_6,K22230
score_6,K13927
score_6,K01962
score_6,K00209
score_6,K16213
score_6,K07257
score_6,K12066
score_6,K02874
score_6,K00691
score_6,K03708
score_6,K02053
score_6,K11753
score_6,K01251
score_6,K01358
score_6,K17992
score_6,K15724
score_6,K02274
score_6,K07071
score_6,K03226
score_6,K03179
score_6,K16785
score_6,K02111
score_6,K01730
score_6,K06975
score_6,K18986
score_6,K07445
score_6,K12141
score_6,K12270
score_6,K00031
score_6,K10558
score_6,K21011
score_6,K02990
score_6,K19166
score_6,K07307
score_6,K08969
score_6,K21065
score_6,K13668
score_6,K01092
score_6,K02500
score_6,K09967
score_6,K12556
score_6,K02619
score_6,K02389
score_6,K19126
score_6,K18220
score_6,K01210
score_6,K03976
score_6,K08972
score_6,K09009
score_6,K02409
score_6,K19140
score_6,K01857
score_6,K01420
score_6,K04720
score_6,K12555
score_6,K23003
score_6,K06894
score_6,K15342
score_6,K01845
score_6,K20511
score_6,K04031
score_6,K00355
score_6,K22213
score_6,K03492
score_6,K17898
score_6,K11533
score_6,K02068
score_6,K02563
score_6,K03820
score_6,K18217
score_6,K02017
score_6,K17910
score_6,K01476
score_6,K01499
score_6,K07308
score_6,K09923
score_6,K19997
score_6,K00048
score_6,K01091
score_6,K09935
score_6,K10914
score_6,K01990
score_6,K02988
score_6,K03699
score_6,K01214
score_6,K06223
score_6,K01154
score_6,K02433
score_6,K01843
score_6,K00313
score_6,K12990
score_6,K07056
score_6,K02050
score_6,K15633
score_6,K12339
score_6,K09789
score_6,K02745
score_6,K13953
score_6,K02585
score_6,K01905
score_6,K12213
score_6,K00969
score_6,K01548
score_6,K01879
score_6,K00239
score_6,K01035
score_6,K01295
score_6,K00758
score_6,K03646
score_6,K05989
score_6,K14415
score_6,K03719
score_6,K21471
score_6,K07776
score_6,K00806
score_6,K22468
score_6,K01610
score_6,K07484
score_6,K00073
score_6,K01872
score_6,K16850
score_6,K06320
score_6,K06897
score_6,K01195
score_6,K12297
score_6,K07217
score_6,K01216
score_6,K10007
score_6,K11646
score_6,K11534
score_6,K06962
score_6,K09820
score_6,K16950
score_6,K04772
score_6,K01647
score_6,K10548
score_6,K13015
score_6,K16214
score_6,K03272
score_6,K18856
score_6,K12268
score_6,K19294
score_6,K20112
score_6,K16209
score_6,K05349
score_6,K07343
score_6,K03188
score_6,K08311
score_6,K07214
score_6,K02911
score_6,K00170
score_6,K12685
score_6,K02564
score_6,K21394
score_6,K00926
score_6,K14088
score_6,K01807
score_6,K04028
score_6,K01247
score_6,K21140
score_6,K02086
score_6,K00824
score_6,K02863
score_6,K05342
score_6,K18206
score_6,K10716
score_6,K03271
score_6,K01218
score_6,K17624
score_6,K00936
score_6,K09696
score_6,K01821
score_6,K04751
score_6,K16264
score_6,K01338
score_6,K20480
score_6,K03521
score_6,K19310
score_6,K16238
score_6,K01941
score_6,K20885
score_6,K07451
score_6,K03734
score_6,K02238
score_6,K21345
score_6,K18234
score_6,K01804
score_6,K02302
score_6,K02523
score_6,K16435
score_6,K13327
score_6,K07051
score_6,K09988
score_6,K21012
score_6,K02907
score_6,K12995
score_6,K04562
score_6,K09703
score_6,K07800
score_6,K07054
score_6,K00613
score_6,K07278
score_6,K03736
score_6,K07074
score_6,K21613
score_6,K02843
score_6,K00950
score_6,K04019
score_6,K12209
score_6,K09819
score_6,K01633
score_6,K23107
score_6,K03584
score_6,K15727
score_6,K03977
score_6,K01478
score_6,K19068
score_6,K02590
score_6,K08717
score_6,K02435
score_6,K07316
score_6,K19285
score_6,K22477
score_6,K12203
score_6,K01488
score_6,K23163
score_6,K02067
score_6,K00184
score_6,K18214
score_6,K04090
score_6,K10778
score_6,K01322
score_6,K11004
score_6,K15772
score_6,K01687
score_6,K00656
score_6,K02078
score_6,K01945
score_6,K09803
score_6,K00880
score_6,K21472
score_6,K21132
score_6,K22994
score_6,K18139
score_6,K06182
score_6,K03490
score_6,K17810
score_6,K00927
score_6,K06907
score_6,K09949
score_6,K01621
score_6,K11031
score_6,K01354
score_6,K07315
score_6,K00773
score_6,K16091
score_6,K04761
score_6,K07270
score_6,K03531
score_6,K03735
score_6,K09770
score_6,K07118
score_6,K18930
score_6,K06191
score_6,K07458
score_6,K00390
score_6,K00720
score_6,K01991
score_6,K21900
score_6,K13652
score_6,K01126
score_6,K00362
score_6,K14086
score_6,K07735
score_6,K02586
score_6,K01933
score_6,K01191
score_6,K06217
score_6,K05589
score_6,K07069
score_6,K22396
score_6,K12217
score_6,K23301
score_6,K01179
score_6,K16786
score_6,K03606
score_6,K04013
score_6,K00045
score_6,K18334
score_6,K02477
score_6,K15771
score_6,K16052
score_6,K01868
score_6,K00658
score_6,K06891
score_6,K11928
score_6,K00803
score_6,K15726
score_6,K02077
score_6,K01466
score_6,K01937
score_6,K00338
score_6,K05566
score_6,K00759
score_6,K06201
score_6,K15554
score_6,K07165
score_6,K00957
score_6,K13694
score_6,K05794
score_6,K03106
score_6,K06990
score_6,K10036
score_6,K16650
score_6,K02042
score_6,K13277
score_6,K15915
score_6,K09136
score_6,K01838
score_6,K13611
score_6,K01060
score_6,K02193
score_6,K11329
score_6,K00655
score_6,K02761
score_6,K01457
score_6,K11707
score_6,K03724
score_6,K07239
score_6,K09684
score_6,K07404
score_6,K06402
score_6,K01679
score_6,K01873
score_6,K00197
score_6,K01589
score_6,K00341
score_6,K00145
score_6,K11751
score_6,K03552
score_6,K17234
score_6,K20903
score_6,K03186
score_6,K18474
score_6,K04044
score_6,K21936
score_6,K07112
score_6,K09007
score_6,K01185
score_6,K04095
score_6,K20450
score_6,K05780
score_6,K03411
score_6,K01768
score_6,K04075
score_6,K07712
score_6,K13525
score_6,K02493
score_6,K02012
score_6,K05567
score_6,K12960
score_6,K02501
score_6,K15553
score_6,K01777
score_6,K11072
score_6,K07457
score_6,K01929
score_6,K01551
score_6,K00077
score_6,K20626
score_6,K03273
score_6,K01069
score_6,K01039
score_6,K00441
score_6,K02569
score_6,K07098
score_6,K12214
score_6,K21814
score_6,K02400
score_6,K22116
score_6,K12138
score_6,K00657
score_6,K14414
score_6,K19172
score_6,K19789
score_6,K00370
score_6,K08168
score_6,K15898
score_6,K11710
score_6,K04764
score_6,K03470
score_6,K03446
score_6,K12065
score_6,K17213
score_6,K02019
score_6,K22430
score_6,K00694
score_6,K18122
score_6,K01114
score_6,K23541
score_6,K12992
score_6,K12137
score_6,K23170
score_6,K19427
score_6,K09969
score_6,K01193
score_6,K10907
score_6,K03772
score_6,K19139
score_6,K11181
score_6,K22232
score_6,K09167
score_6,K18349
score_6,K13788
score_6,K11709
score_6,K18475
score_6,K00135
score_6,K01950
score_6,K09144
score_6,K02051
score_6,K09001
score_6,K06941
score_6,K23169
score_6,K16925
score_6,K19883
score_6,K00373
score_6,K06166
score_6,K03756
score_6,K01581
score_6,K20484
score_6,K03704
score_6,K01058
score_6,K01728
score_6,K18350
score_6,K03182
score_6,K03090
score_6,K02688
score_6,K07357
score_6,K01625
score_6,K02533
score_6,K01812
score_6,K11785
score_6,K06221
score_6,K07813
score_6,K02224
score_6,K01809
score_6,K00042
score_6,K02397
score_6,K03409
score_6,K11606
score_6,K06929
score_6,K22349
score_6,K03830
score_6,K16885
score_6,K16235
score_6,K01938
score_6,K14091
score_6,K02045
score_6,K02784
score_6,K03638
score_6,K17236
score_6,K11615
score_6,K01737
score_6,K07491
score_6,K01429
score_6,K04783
score_6,K03390
score_6,K06859
score_6,K23352
score_6,K03412
score_6,K19170
score_6,K00041
score_6,K01266
score_6,K06606
score_6,K01147
score_6,K03562
score_6,K01649
score_6,K08161
score_6,K00010
score_6,K18303
score_6,K00094
score_6,K15520
score_6,K06395
score_6,K04749
score_6,K11690
score_6,K18120
score_6,K23077
score_6,K05363
score_6,K13288
score_6,K19710
score_6,K20509
score_6,K03497
score_6,K02056
score_6,K13929
score_6,K05916
score_6,K19169
score_6,K03604
score_6,K17218
score_6,K07127
score_6,K21681
score_6,K15125
score_6,K19273
score_6,K02283
score_6,K23356
score_6,K06408
score_6,K00164
score_6,K09964
score_6,K07275
score_6,K07729
score_6,K11065
score_6,K07654
score_6,K07106
score_6,K13990
score_6,K20341
score_6,K11051
score_6,K23537
score_6,K12140
score_6,K01823
score_6,K01626
score_6,K14090
score_6,K18014
score_6,K01176
score_6,K06334
score_6,K02010
score_6,K09477
score_6,K03642
score_6,K18205
score_6,K12111
score_6,K20862
score_6,K16153
score_6,K07250
score_6,K07219
score_6,K21619
score_6,K13963
score_6,K00065
score_6,K12503
score_6,K02282
score_6,K17073
score_6,K07080
score_6,K03572
score_6,K07741
score_6,K12218
score_6,K09011
score_6,K03732
score_6,K13819
score_6,K01685
score_6,K18479
score_6,K05337
score_6,K01803
score_6,K20265
score_6,K00978
score_6,K07272
score_6,K01011
score_6,K08297
score_6,K11214
score_6,K18545
score_6,K01866
score_6,K00625
score_6,K07979
score_6,K00640
score_6,K01926
score_6,K21344
score_6,K05568
score_6,K02230
score_6,K19119
score_6,K02047
score_6,K09697
score_6,K04566
score_6,K00344
score_6,K12528
score_6,K07739
score_6,K16922
score_6,K10681
score_6,K00619
score_6,K16961
score_6,K01816
score_6,K11050
score_6,K16846
score_6,K07126
score_6,K07037
score_6,K01738
score_6,K00002
score_6,K01613
score_6,K02119
score_6,K16923
score_6,K20257
score_6,K07666
score_6,K16212
score_6,K02664
score_6,K17074
score_6,K02028
score_6,K01436
score_6,K15583
score_6,K16087
score_6,K02291
score_6,K01783
score_6,K08319
score_6,K14982
score_6,K09825
score_6,K18814
score_6,K13280
score_6,K07507
score_6,K02444
score_6,K01628
score_6,K02313
score_6,K01854
score_6,K11180
score_6,K10107
score_6,K00009
score_6,K01284
score_6,K01999
score_6,K18828
score_6,K01449
score_6,K09979
score_6,K09791
score_6,K18118
score_6,K01485
score_6,K09931
score_6,K20488
score_6,K03926
score_6,K02415
score_6,K01561
score_6,K09692
score_6,K03399
score_6,K01849
score_6,K11738
score_6,K03077
score_6,K18890
score_6,K01780
score_6,K01629
score_6,K12072
score_6,K01262
score_6,K07032
score_6,K18285
score_6,K07006
score_6,K01993
score_6,K06205
score_6,K02591
score_6,K09689
score_6,K04014
score_6,K01958
score_6,K09155
score_6,K03738
score_6,K00111
score_6,K05306
score_6,K07787
score_6,K00547
score_6,K01579
score_6,K03564
score_6,K09138
score_6,K23573
score_6,K04750
score_6,K11749
score_6,K07148
score_6,K05396
score_6,K16203
score_6,K00346
score_6,K06909
score_6,K09702
score_6,K03666
score_6,K07719
score_6,K02041
score_6,K04784
score_6,K01839
score_6,K00102
score_6,K20974
score_6,K00603
score_6,K00437
score_6,K17215
score_6,K00046
score_6,K21947
score_6,K01813
score_6,K02075
score_6,K03299
score_6,K04561
score_6,K19956
score_6,K03760
score_6,K08153
score_6,K13587
score_6,K07442
score_6,K06331
score_6,K01439
score_6,K02426
score_6,K02025
score_6,K03405
score_6,K03582
score_6,K00931
score_6,K02574
score_6,K00986
score_6,K10823
score_6,K02554
score_6,K01921
score_6,K13643
score_6,K05801
score_6,K02168
score_6,K11755
score_6,K07406
score_6,K03437
score_6,K02018
score_6,K02182
score_6,K11743
score_6,K17734
score_6,K05352
score_6,K22212
score_6,K01428
score_6,K20814
score_6,K07031
score_6,K01474
score_6,K15580
score_6,K15770
score_6,K06446
score_6,K10819
score_6,K01520
score_6,K02935
score_6,K02420
score_6,K00981
score_6,K00057
score_6,K05366
score_6,K02171
score_6,K19167
score_6,K05988
score_6,K02110
score_6,K22132
score_6,K00604
score_6,K02970
score_6,K19165
score_6,K02440
score_6,K02242
score_6,K01182
score_6,K22723
score_6,K11708
score_6,K13599
score_6,K22044
score_6,K00281
score_6,K02443
score_6,K12240
score_6,K15738
score_6,K02916
score_6,K06608
score_6,K08159
score_6,K21573
score_6,K06610
score_6,K05811
score_6,K17733
score_6,K02483
score_6,K18918
score_6,K09139
score_6,K01224
score_6,K01008
score_6,K11381
score_6,K10547
score_6,K02520
score_6,K03547
score_6,K10012
score_6,K01181
score_6,K01668
score_6,K21467
score_6,K12982
score_6,K06001
score_6,K23398
score_6,K00633
score_6,K03224
score_6,K22373
score_6,K00970
score_6,K05873
score_6,K02968
score_6,K01575
score_6,K00854
score_6,K23259
score_6,K20492
score_6,K16139
score_6,K15975
score_6,K00381
score_6,K02594
score_6,K15581
score_6,K00571
score_6,K05816
score_6,K02390
score_6,K06181
score_6,K04045
score_6,K01758
score_6,K18816
score_6,K02133
score_6,K07309
score_6,K02946
score_6,K06915
score_6,K07321
score_6,K01677
score_6,K03826
score_6,K02525
score_6,K13584
score_6,K00983
score_6,K11071
score_6,K16924
score_6,K14761
score_6,K01834
score_6,K02243
score_6,K10037
score_6,K10682
score_6,K03972
score_6,K00954
score_6,K01308
score_6,K01451
score_6,K01736
score_6,K19508
score_6,K12296
score_6,K01995
score_6,K01265
score_6,K12511
score_6,K03227
score_6,K07705
score_6,K00800
score_6,K21563
score_6,K19309
score_6,K14153
score_6,K02015
score_6,K02005
score_6,K02838
score_6,K19159
score_6,K15773
score_6,K09951
score_6,K00283
score_6,K01270
score_6,K06952
score_6,K19123
score_6,K01657
score_6,K11070
score_6,K00928
score_6,K20342
score_6,K18704
score_6,K20415
score_6,K10213
score_6,K01089
score_6,K21749
score_6,K18893
score_6,K02237
score_6,K20491
score_6,K02004
score_6,K05822
score_6,K06942
score_6,K14205
score_6,K02986
score_6,K08680
score_6,K01915
score_6,K03147
score_6,K16959
score_6,K01727
score_6,K19509
score_6,K17899
score_6,K03799
score_6,K11720
score_6,K18672
score_6,K12295
score_6,K00853
score_6,K22958
score_6,K02598
score_6,K07717
score_6,K02026
score_6,K03652
score_6,K02777
score_6,K14540
score_6,K02073
score_6,K19091
score_6,K06206
score_6,K01486
score_6,K19954
score_6,K04029
score_6,K03624
score_6,K11527
score_6,K06163
score_6,K10697
score_6,K02411
score_6,K02203
score_6,K15974
score_6,K21399
score_6,K07727
score_6,K01580
score_6,K03612
score_6,K00564
score_6,K01235
score_6,K14977
score_6,K12940
score_6,K21903
score_6,K07670
score_6,K03394
score_6,K15876
score_6,K02864
score_6,K18692
score_6,K01953
score_6,K02003
score_6,K02867
score_6,K07318
score_6,K01161
score_6,K01142
score_6,K07004
score_6,K12942
score_6,K19271
score_6,K08151
score_6,K01788
score_6,K04096
score_6,K03706
score_6,K06895
score_6,K12554
score_6,K16960
score_6,K02396
score_6,K13252
score_6,K14058
score_6,K01754
score_6,K17235
score_6,K17331
score_6,K00245
score_6,K06878
score_6,K16014
score_6,K03095
score_6,K02488
score_6,K18675
score_6,K13920
score_6,K03930
score_6,K18829
score_6,K15555
score_6,K19005
score_6,K12999
score_6,K01448
score_6,K07224
score_6,K11614
score_6,K09471
score_6,K01699
score_6,K01778
score_6,K01697
score_6,K06384
score_6,K02663
score_6,K01644
score_6,K11782
score_6,K02437
score_6,K03293
score_6,K02117
score_6,K02109
score_6,K21498
score_6,K13040
score_6,K08167
score_6,K08314
score_6,K02926
score_6,K15584
score_6,K01914
score_6,K06877
score_6,K16148
score_6,K12452
score_6,K11144
score_6,K19955
score_6,K03651
score_6,K07393
score_6,K12660
score_6,K03313
score_6,K01194
score_6,K22457
score_6,K01246
score_6,K01297
score_6,K02240
score_6,K00851
score_6,K01227
score_6,K13038
score_6,K05685
score_6,K07133
score_6,K00858
score_6,K01710
score_6,K01654
score_6,K09117
score_6,K02074
score_6,K11617
score_6,K04565
score_6,K22606
score_6,K12997
score_6,K19429
score_6,K02428
score_6,K17836
score_6,K15586
score_6,K13571
score_6,K01858
score_6,K16301
score_6,K02348
score_6,K15778
score_6,K11068
score_6,K02000
score_6,K19125
score_6,K03274
score_6,K01709
score_6,K01916
score_6,K02120
score_6,K08281
score_6,K00784
score_6,K12661
score_6,K13640
score_6,K12733
score_6,K17947
score_6,K01104
score_6,K00772
score_6,K01273
score_6,K01755
score_6,K02035
score_6,K13787
score_6,K10986
score_6,K02601
score_6,K23518
score_6,K02232
score_6,K03932
score_6,K02103
score_6,K02902
score_6,K06904
score_6,K11537
score_6,K13932
score_6,K00330
score_6,K02652
score_6,K03471
score_6,K02666
score_6,K08372
score_6,K19803
score_6,K04516
score_6,K16651
score_6,K14445
score_6,K06193
score_6,K23270
score_6,K11934
score_6,K18348
score_6,K19168
score_6,K19124
score_6,K01815
score_6,K02124
score_6,K03834
score_6,K02049
score_6,K00030
score_6,K15921
score_6,K23257
score_6,K14379
score_6,K01844
score_6,K01355
score_6,K00198
score_6,K08999
score_6,K03473
score_6,K00681
score_6,K18345
score_6,K09973
score_6,K02099
score_6,K01590
score_6,K07017
score_6,K01791
score_6,K01026
score_6,K03444
score_6,K02815
score_6,K03544
score_6,K06284
score_6,K18197
score_6,K03196
score_6,K22432
score_6,K00697
score_6,K21556
score_6,K02528
score_6,K20037
score_6,K04026
score_6,K01841
score_6,K03558
score_6,K23182
score_6,K15899
score_6,K21557
score_6,K03534
score_6,K15524
score_6,K18891
score_6,K11927
score_6,K02687
score_6,K01678
score_6,K02316
score_6,K00647
score_6,K22906
score_6,K01304
score_6,K01599
score_6,K12373
score_6,K01885
score_6,K18012
score_6,K13049
score_6,K03367
score_6,K02824
score_6,K15855
score_6,K21567
score_6,K17241
score_6,K07304
score_6,K06391
score_6,K01612
score_6,K17246
score_6,K01635
score_6,K17245
score_6,K22441
score_6,K03833
score_6,K11102
score_6,K11618
score_6,K02118
score_6,K12410
score_6,K18830
score_6,K01201
score_6,K00158
score_6,K03752
score_6,K00616
score_6,K22901
score_6,K01652
score_6,K03813
score_6,K02058
score_6,K11784
score_6,K01784
score_6,K17758
score_6,K05823
score_6,K02453
score_6,K11921
score_6,K19090
score_6,K06872
score_6,K03297
score_6,K03476
score_6,K10563
score_6,K10985
score_6,K03191
score_6,K10441
score_6,K17242
score_6,K00130
score_6,K19422
score_6,K08309
score_6,K22900
score_6,K17735
score_6,K02858
score_6,K21395
score_6,K02992
score_6,K01232
score_6,K13497
score_6,K19972
score_6,K17759
score_6,K01802
score_6,K14731
score_6,K05846
score_6,K02108
score_6,K01708
score_6,K00997
score_6,K15527
score_6,K22103
score_6,K04076
score_6,K02413
score_6,K01711
score_6,K02014
score_6,K03491
score_6,K02416
score_6,K04844
score_6,K15023
score_6,K01880
score_6,K21572
score_6,K03276
score_6,K10710
score_6,K07266
score_6,K00558
score_6,K07016
score_6,K00709
score_6,K14654
score_6,K02217
score_6,K06117
score_6,K02172
score_6,K20859
score_6,K03578
score_6,K10974
score_6,K07139
score_6,K04092
score_6,K03818
score_6,K01286
score_6,K16957
score_6,K03289
score_6,K00817
score_6,K12541
score_6,K02346
score_6,K07243
score_6,K01734
score_6,K12527
score_6,K09809
score_6,K02032
score_6,K03628
score_6,K11206
score_6,K02248
score_6,K19046
score_6,K07483
score_6,K10805
score_6,K22902
score_6,K09922
score_6,K00973
score_6,K06920
score_6,K03517
score_6,K07313
score_6,K00324
score_6,K01759
score_6,K12251
score_6,K23245
score_6,K06297
score_6,K00174
score_6,K02115
score_6,K01919
score_6,K18707
score_6,K00230
score_6,K07649
score_6,K01077
score_6,K07668
score_6,K21961
score_6,K04062
score_6,K23231
score_6,K17195
score_6,K03711
score_6,K01746
score_6,K19689
score_6,K18008
score_6,K02246
score_6,K15371
score_6,K00128
score_6,K01630
score_6,K03722
score_6,K02841
score_6,K10678
score_6,K13891
score_6,K18011
score_6,K01531
score_6,K21750
score_6,K02427
score_6,K20904
score_6,K07115
score_6,K05593
score_6,K00134
score_6,K22699
score_6,K18237
score_6,K01534
score_6,K00091
score_6,K07221
score_6,K21993
score_6,K01661
score_6,K01674
score_6,K17723
score_6,K19299
score_6,K05796
score_6,K12267
score_6,K01252
score_6,K02573
score_6,K00194
score_6,K07130
score_6,K02195
score_6,K13735
score_6,K10939
score_6,K02550
score_6,K09972
score_6,K06906
score_6,K01042
score_6,K14194
score_6,K01643
score_6,K01996
score_6,K01494
score_6,K01733
score_6,K14591
score_6,K21463
score_6,K00602
score_6,K07559
score_6,K00215
score_6,K00105
score_6,K07486
score_6,K07048
score_6,K11937
score_6,K20627
score_6,K15986
score_6,K01584
score_6,K13890
score_6,K19971
score_6,K01187
score_6,K06867
score_6,K05340
score_6,K02030
score_6,K07300
score_6,K10830
score_6,K00068
score_6,K00098
score_6,K00121
score_6,K00124
score_6,K00133
score_6,K00183
score_6,K00196
score_6,K00219
score_6,K00231
score_6,K00264
score_6,K00282
score_6,K00286
score_6,K00303
score_6,K00334
score_6,K00363
score_6,K00368
score_6,K00382
score_6,K00383
score_6,K00412
score_6,K00428
score_6,K00520
score_6,K00533
score_6,K00574
score_6,K00600
score_6,K00651
score_6,K00662
score_6,K00760
score_6,K00786
score_6,K00823
score_6,K00845
score_6,K00850
score_6,K00857
score_6,K00865
score_6,K00873
score_6,K00884
score_6,K00891
score_6,K00937
score_6,K00949
score_6,K00955
score_6,K00966
score_6,K00968
score_6,K00982
score_6,K00995
score_6,K01002
score_6,K01012
score_6,K01048
score_6,K01079
score_6,K01082
score_6,K01085
score_6,K01093
score_6,K01101
score_6,K01130
score_6,K01133
score_6,K01156
score_6,K01183
score_6,K01192
score_6,K01205
score_6,K01215
score_6,K01222
score_6,K01241
score_6,K01256
score_6,K01258
score_6,K01271
score_6,K01274
score_6,K01372
score_6,K01390
score_6,K01409
score_6,K01414
score_6,K01419
score_6,K01424
score_6,K01425
score_6,K01426
score_6,K01442
score_6,K01455
score_6,K01462
score_6,K01465
score_6,K01467
score_6,K01470
score_6,K01482
score_6,K01489
score_6,K01515
score_6,K01525
score_6,K01537
score_6,K01571
score_6,K01591
score_6,K01595
score_6,K01596
score_6,K01601
score_6,K01604
score_6,K01615
score_6,K01620
score_6,K01662
score_6,K01667
score_6,K01684
score_6,K01689
score_6,K01693
score_6,K01713
score_6,K01719
score_6,K01744
score_6,K01745
score_6,K01752
score_6,K01766
score_6,K01776
score_6,K01785
score_6,K01787
score_6,K01808
score_6,K01811
score_6,K01847
score_6,K01848
score_6,K01867
score_6,K01870
score_6,K01876
score_6,K01878
score_6,K01881
score_6,K01906
score_6,K01911
score_6,K01924
score_6,K01928
score_6,K01935
score_6,K01940
score_6,K01956
score_6,K01961
score_6,K01963
score_6,K01966
score_6,K01992
score_6,K02002
score_6,K02008
score_6,K02022
score_6,K02027
score_6,K02031
score_6,K02033
score_6,K02037
score_6,K02038
score_6,K02046
score_6,K02069
score_6,K02079
score_6,K02081
score_6,K02083
score_6,K02107
score_6,K02116
score_6,K02122
score_6,K02169
score_6,K02192
score_6,K02198
score_6,K02227
score_6,K02231
score_6,K02244
score_6,K02279
score_6,K02314
score_6,K02355
score_6,K02371
score_6,K02380
score_6,K02385
score_6,K02405
score_6,K02406
score_6,K02407
score_6,K02412
score_6,K02418
score_6,K02445
score_6,K02456
score_6,K02466
score_6,K02469
score_6,K02482
score_6,K02484
score_6,K02509
score_6,K02529
score_6,K02538
score_6,K02556
score_6,K02566
score_6,K02626
score_6,K02654
score_6,K02655
score_6,K02689
score_6,K02769
score_6,K02770
score_6,K02771
score_6,K02773
score_6,K02774
score_6,K02781
score_6,K02783
score_6,K02795
score_6,K02796
score_6,K02798
score_6,K02806
score_6,K02813
score_6,K02814
score_6,K02821
score_6,K02822
score_6,K02835
score_6,K02844
score_6,K02851
score_6,K02856
score_6,K02860
score_6,K02888
score_6,K02892
score_6,K02895
score_6,K02914
score_6,K02963
score_6,K02967
score_6,K02982
score_6,K03046
score_6,K03070
score_6,K03079
score_6,K03089
score_6,K03093
score_6,K03113
score_6,K03148
score_6,K03152
score_6,K03154
score_6,K03212
score_6,K03218
score_6,K03294
score_6,K03303
score_6,K03306
score_6,K03311
score_6,K03322
score_6,K03332
score_6,K03335
score_6,K03336
score_6,K03413
score_6,K03414
score_6,K03417
score_6,K03475
score_6,K03487
score_6,K03524
score_6,K03535
score_6,K03549
score_6,K03553
score_6,K03576
score_6,K03579
score_6,K03580
score_6,K03592
score_6,K03620
score_6,K03647
score_6,K03684
score_6,K03695
score_6,K03696
score_6,K03701
score_6,K03737
score_6,K03743
score_6,K03744
score_6,K03767
score_6,K03810
score_6,K03816
score_6,K03817
score_6,K03823
score_6,K03835
score_6,K03928
score_6,K03973
score_6,K04033
score_6,K04041
score_6,K04088
score_6,K04335
score_6,K04744
score_6,K04753
score_6,K04762
score_6,K05516
score_6,K05522
score_6,K05570
score_6,K05592
score_6,K05773
score_6,K05786
score_6,K05834
score_6,K05845
score_6,K05876
score_6,K05939
score_6,K05964
score_6,K05967
score_6,K06019
score_6,K06077
score_6,K06121
score_6,K06133
score_6,K06155
score_6,K06194
score_6,K06287
score_6,K06383
score_6,K06416
score_6,K06518
score_6,K06603
score_6,K06903
score_6,K07052
score_6,K07079
score_6,K07109
score_6,K07120
score_6,K07146
score_6,K07156
score_6,K07160
score_6,K07213
score_6,K07234
score_6,K07248
score_6,K07271
score_6,K07289
score_6,K07347
score_6,K07399
score_6,K07462
score_6,K07467
score_6,K07473
score_6,K07493
score_6,K07495
score_6,K07503
score_6,K07560
score_6,K07570
score_6,K07639
score_6,K07696
score_6,K07726
score_6,K07783
score_6,K07784
score_6,K07789
score_6,K07793
score_6,K08093
score_6,K08222
score_6,K08305
score_6,K08315
score_6,K08369
score_6,K08602
score_6,K08965
score_6,K09022
score_6,K09116
score_6,K09128
score_6,K09251
score_6,K09516
score_6,K09729
score_6,K09748
score_6,K09758
score_6,K09765
score_6,K09767
score_6,K09769
score_6,K09771
score_6,K09773
score_6,K09778
score_6,K09798
score_6,K09799
score_6,K09800
score_6,K09805
score_6,K09816
score_6,K09925
score_6,K09952
score_6,K09960
score_6,K09971
score_6,K10017
score_6,K10122
score_6,K10126
score_6,K10439
score_6,K10545
score_6,K10773
score_6,K10793
score_6,K10797
score_6,K10804
score_6,K10806
score_6,K10824
score_6,K11069
score_6,K11201
score_6,K11216
score_6,K11249
score_6,K11263
score_6,K11472
score_6,K11473
score_6,K11605
score_6,K11694
score_6,K11754
score_6,K11931
score_6,K11939
score_6,K11959
score_6,K12132
score_6,K12139
score_6,K12269
score_6,K12340
score_6,K12371
score_6,K12454
score_6,K12510
score_6,K12573
score_6,K12574
score_6,K12678
score_6,K12700
score_6,K12941
score_6,K12952
score_6,K12978
score_6,K12985
score_6,K13004
score_6,K13018
score_6,K13052
score_6,K13059
score_6,K13381
score_6,K13409
score_6,K13570
score_6,K13631
score_6,K13677
score_6,K13678
score_6,K13892
score_6,K13893
score_6,K13934
score_6,K14054
score_6,K14162
score_6,K14260
score_6,K14261
score_6,K14274
score_6,K14645
score_6,K14989
score_6,K15303
score_6,K15532
score_6,K15600
score_6,K15635
score_6,K15866
score_6,K15987
score_6,K16012
score_6,K16092
score_6,K16210
score_6,K16234
score_6,K16345
score_6,K16710
score_6,K16868
score_6,K16899
score_6,K16937
score_6,K16962
score_6,K17077
score_6,K17203
score_6,K17214
score_6,K17675
score_6,K17680
score_6,K17722
score_6,K18123
score_6,K18324
score_6,K18430
score_6,K18581
score_6,K18817
score_6,K18888
score_6,K18920
score_6,K18929
score_6,K19050
score_6,K19052
score_6,K19055
score_6,K19088
score_6,K19138
score_6,K19228
score_6,K19231
score_6,K19333
score_6,K19350
score_6,K19411
score_6,K19419
score_6,K19425
score_6,K19504
score_6,K19709
score_6,K19804
score_6,K20143
score_6,K20373
score_6,K20460
score_6,K20490
score_6,K21071
score_6,K21440
score_6,K21449
score_6,K21464
score_6,K21469
score_6,K21470
score_6,K21495
score_6,K21600
score_6,K21739
score_6,K21974
score_6,K22015
score_6,K22131
score_6,K22278
score_6,K22306
score_6,K22339
score_6,K22757
score_6,K23005
score_6,K23181
score_6,K23183
score_6,K23269
score_7,K17398
score_7,K23547
score_7,K01607
score_7,K09469
score_7,K10241
score_7,K02744
score_7,K21948
score_7,K22424
score_7,K02510
score_7,K21417
score_7,K16248
score_7,K01725
score_7,K16951
score_7,K03650
score_7,K09924
score_7,K23393
score_7,K21578
score_7,K01524
score_7,K22605
score_7,K00567
score_7,K05979
score_7,K09760
score_7,K01040
score_7,K11741
score_7,K07552
score_7,K13016
score_7,K21023
score_7,K18344
score_7,K22607
score_7,K03602
score_7,K22405
score_7,K19545
score_7,K08722
score_7,K03324
score_7,K18979
score_7,K09859
score_7,K02517
score_7,K18866
score_7,K06120
score_7,K01560
score_7,K01910
score_7,K04835
score_7,K11733
score_7,K23189
score_7,K07149
score_7,K18119
score_7,K02474
score_7,K17716
score_7,K17204
score_7,K00863
score_7,K01430
score_7,K19428
score_7,K20276
score_7,K01046
score_7,K21576
score_7,K18331
score_7,K18889
score_7,K06153
score_7,K23351
score_7,K03087
score_7,K03111
score_7,K10560
score_7,K17318
score_7,K23536
score_7,K10708
score_7,K08963
score_7,K19540
score_7,K19405
score_7,K06013
score_7,K02531
score_7,K03841
score_7,K15552
score_7,K22736
score_7,K06015
score_7,K01299
score_7,K14048
score_7,K15515
score_7,K20344
score_7,K07089
score_7,K13653
score_7,K21579
score_7,K07337
score_7,K22522
score_7,K17319
score_7,K02039
score_7,K16881
score_7,K20345
score_7,K06997
score_7,K15924
score_7,K15922
score_7,K19134
score_7,K01925
score_7,K07306
score_7,K02434
score_7,K09764
score_7,K00254
score_7,K01903
score_7,K00113
score_7,K21400
score_7,K00560
score_7,K01261
score_7,K16907
score_7,K02197
score_7,K07460
score_7,K01939
score_7,K02055
score_7,K03503
score_7,K03803
score_7,K01972
score_7,K21416
score_7,K11104
score_7,K07319
score_7,K22129
score_7,K18427
score_7,K21571
score_7,K04047
score_7,K00364
score_7,K10556
score_7,K13542
score_7,K07025
score_7,K01902
score_7,K17320
score_7,K07341
score_7,K19114
score_7,K19286
score_7,K09014
score_7,K10559
score_7,K03969
score_7,K00459
score_7,K19505
score_7,K01226
score_7,K06926
score_7,K01473
score_7,K03665
score_7,K23535
score_7,K13012
score_7,K12059
score_7,K01735
score_7,K19171
score_7,K03975
score_7,K18231
score_7,K01835
score_7,K02933
score_7,K03781
score_7,K14652
score_7,K01779
score_7,K09812
score_7,K08299
score_7,K05808
score_7,K07132
score_7,K08282
score_7,K00819
score_7,K07455
score_7,K00661
score_7,K01151
score_7,K01817
score_7,K01547
score_7,K21147
score_7,K19242
score_7,K16784
score_7,K15871
score_7,K07005
score_7,K07704
score_7,K01281
score_7,K07474
score_7,K06950
score_7,K13075
score_7,K00768
score_7,K09131
score_7,K23148
score_7,K08094
score_7,K01883
score_7,K03190
score_7,K07505
score_7,K13921
score_7,K23546
score_7,K01695
score_7,K12293
score_7,K14188
score_7,K15582
score_7,K05851
score_7,K02793
score_7,K08364
score_7,K00886
score_7,K00287
score_7,K13671
score_7,K02526
score_7,K01886
score_7,K01623
score_7,K01890
score_7,K02040
score_7,K02226
score_7,K16328
score_7,K11529
score_7,K16874
score_7,K03187
score_7,K18910
score_7,K00712
score_7,K19092
score_7,K01665
score_7,K15460
score_7,K15977
score_7,K22227
score_7,K21063
score_7,K19421
score_7,K06879
score_7,K00171
score_7,K00371
score_7,K09118
score_7,K18332
score_7,K06199
score_7,K21759
score_7,K09861
score_7,K03769
score_7,K03230
score_7,K07192
score_7,K17828
score_7,K01479
score_7,K01198
score_7,K03664
score_7,K19118
score_7,K21583
score_7,K01715
score_7,K02009
score_7,K10120
score_7,K03565
score_7,K02852
score_7,K01646
score_7,K03116
score_7,K02372
score_7,K03601
score_7,K02768
score_7,K01934
score_7,K00809
score_7,K01056
score_7,K16147
score_7,K18330
score_7,K00831
score_7,K23004
score_7,K18346
score_7,K02395
score_7,K15669
score_7,K00112
score_7,K07659
score_7,K06956
score_7,K05795
score_7,K01750
score_7,K03522
score_7,K09940
score_7,K00826
score_7,K02121
score_7,K13019
score_7,K03605
score_7,K10231
score_7,K00372
score_7,K03800
score_7,K17103
score_7,K02906
score_7,K01501
score_7,K00526
score_7,K01760
score_7,K17837
score_7,K02424
score_7,K03072
score_7,K01546
score_7,K02454
score_7,K02557
score_7,K17465
score_7,K00150
score_7,K22300
score_7,K16906
score_7,K07443
score_7,K22431
score_7,K06020
score_7,K21577
score_7,K11041
score_7,K10979
score_7,K03748
score_7,K18221
score_7,K02548
score_7,K15599
score_7,K01507
score_7,K09961
score_7,K00598
score_7,K02011
score_7,K07173
score_7,K16149
score_7,K19424
score_7,K23059
score_7,K09705
score_7,K19158
score_7,K18302
score_7,K13919
score_7,K01173
score_7,K19048
score_7,K17818
score_7,K18955
score_7,K19115
score_7,K02188
score_7,K02340
score_7,K16905
score_7,K11203
score_7,K13931
score_7,K09793
score_7,K02337
score_7,K01523
score_7,K01611
score_7,K14665
score_7,K03074
score_7,K03828
score_7,K14155
score_7,K07485
score_7,K03727
score_7,K01932
score_7,K03596
score_7,K01997
score_7,K04940
score_7,K07571
score_7,K09989
score_7,K11175
score_7,K01739
score_7,K07746
score_7,K00433
score_7,K18926
score_7,K21672
score_7,K22319
score_7,K03742
score_7,K03667
score_7,K20866
score_7,K07246
score_7,K00325
score_7,K01818
score_7,K00632
score_7,K02342
score_7,K01653
score_7,K11145
score_7,K00688
score_7,K22293
score_7,K03589
score_7,K01034
score_7,K01586
score_7,K10709
score_7,K02552
score_7,K03709
score_7,K11202
score_7,K06928
score_7,K03325
score_7,K00848
score_7,K07657
score_7,K00156
score_7,K08978
score_7,K03219
score_7,K01989
score_7,K01597
score_7,K19334
score_7,K10005
score_7,K01952
score_7,K20444
score_7,K14983
score_7,K02245
score_7,K19117
score_7,K18216
score_7,K01208
score_7,K20534
score_7,K07084
score_7,K15870
score_7,K05346
score_7,K17865
score_7,K00054
score_7,K19049
score_7,K05524
score_7,K22933
score_7,K01361
score_7,K21898
score_7,K00053
score_7,K06218
score_7,K22927
score_7,K01761
score_7,K17243
score_7,K01703
score_7,K01480
score_7,K03073
score_7,K13628
score_7,K01609
score_7,K02499
score_7,K02112
score_7,K21064
score_7,K00641
score_7,K17466
score_7,K17686
score_7,K14083
score_7,K02839
score_7,K23123
score_7,K21279
score_7,K20489
score_7,K00012
score_7,K10008
score_7,K02106
score_7,K21055
score_7,K11312
score_7,K19355
score_7,K08981
score_7,K22130
score_7,K08302
score_7,K05367
score_7,K02408
score_7,K15725
score_7,K14623
score_7,K07075
score_7,K01893
score_7,K02834
score_7,K07053
score_7,K02054
score_7,K03043
score_7,K03519
score_7,K02994
score_7,K17076
score_7,K02072
score_7,K01771
score_7,K10561
score_7,K03366
score_7,K20038
score_7,K05770
score_7,K01892
score_7,K02614
score_7,K11261
score_7,K01081
score_7,K06996
score_7,K00100
score_7,K02401
score_7,K01729
score_7,K07029
score_7,K05946
score_7,K02379
score_7,K07798
score_7,K02338
score_7,K17108
score_7,K02939
score_7,K03337
score_7,K23508
score_7,K03215
score_7,K01305
score_7,K02747
score_7,K00561
score_7,K13281
score_7,K21828
score_7,K00939
score_7,K06281
score_7,K19147
score_7,K01706
score_7,K00342
score_7,K02233
score_7,K19302
score_7,K02746
score_7,K01666
score_7,K05838
score_7,K07638
score_7,K00991
score_7,K07101
score_7,K02404
score_7,K08986
score_7,K01698
score_7,K04567
score_7,K01998
score_7,K00836
score_7,K16926
score_7,K19701
score_7,K02236
score_7,K21405
score_7,K06282
score_7,K20452
score_7,K02052
score_7,K22226
score_7,K04518
score_7,K01139
score_7,K02006
score_7,K01971
score_7,K01814
score_7,K13829
score_7,K07078
score_7,K00123
score_7,K03481
score_7,K01153
score_7,K20487
score_7,K02020
score_7,K03101
score_7,K18785
score_7,K21030
score_7,K09137
score_7,K15531
score_7,K01641
score_7,K06203
score_7,K06333
score_7,K00869
score_7,K02082
score_7,K01751
score_7,K02589
score_7,K02961
score_7,K02473
score_7,K21636
score_7,K04069
score_7,K00549
score_7,K07082
score_7,K01640
score_7,K00874
score_7,K00962
score_7,K02414
score_7,K02358
score_7,K03088
score_7,K06999
score_7,K05351
score_7,K02825
score_7,K09807
score_7,K00261
score_7,K17467
score_7,K16698
score_7,K14170
score_7,K02044
score_7,K11991
score_7,K21473
score_7,K07506
score_7,K01658
score_7,K11924
score_7,K16963
score_7,K07768
score_7,K13922
score_7,K16371
score_7,K01493
score_7,K18471
score_7,K18013
score_7,K16169
score_7,K12206
score_7,K14988
score_7,K02794
score_7,K00275
score_7,K00798
score_7,K03429
score_7,K13818
score_7,K05810
score_7,K03925
score_7,K06211
score_7,K02343
score_7,K03569
score_7,K01756
score_7,K06908
score_7,K02836
score_7,K01889
score_7,K02034
score_7,K04077
score_7,K19002
score_7,K03098
score_7,K01770
score_7,K03641
score_7,K12998
score_7,K03424
score_7,K12292
score_7,K01150
score_7,K05569
score_7,K10530
score_7,K03048
score_7,K04767
score_7,K22579
score_7,K02786
score_7,K06881
score_7,K05772
score_7,K02029
score_7,K02492
score_7,K09761
score_7,K03060
score_7,K05791
score_7,K02455
score_7,K23303
score_7,K01573
score_7,K02304
score_7,K02837
score_7,K01846
score_7,K16898
score_7,K12058
score_7,K19116
score_7,K05825
score_7,K07722
score_7,K12506
score_7,K04061
score_7,K16788
score_7,K07014
score_7,K23149
score_7,K01006
score_7,K17363
score_7,K00663
score_7,K15533
score_7,K20976
score_7,K01869
score_7,K20073
score_7,K18831
score_7,K02190
score_7,K18887
score_7,K22230
score_7,K13927
score_7,K01962
score_7,K00209
score_7,K16213
score_7,K07257
score_7,K12066
score_7,K02874
score_7,K00691
score_7,K03708
score_7,K02053
score_7,K11753
score_7,K01251
score_7,K01358
score_7,K17992
score_7,K15724
score_7,K02274
score_7,K07071
score_7,K03226
score_7,K03179
score_7,K16785
score_7,K02111
score_7,K01730
score_7,K06975
score_7,K18986
score_7,K07445
score_7,K12141
score_7,K12270
score_7,K00031
score_7,K10558
score_7,K21011
score_7,K02990
score_7,K19166
score_7,K07307
score_7,K08969
score_7,K21065
score_7,K13668
score_7,K01092
score_7,K02500
score_7,K09967
score_7,K12556
score_7,K02619
score_7,K02389
score_7,K19126
score_7,K18220
score_7,K01210
score_7,K03976
score_7,K08972
score_7,K09009
score_7,K02409
score_7,K19140
score_7,K01857
score_7,K01420
score_7,K04720
score_7,K12555
score_7,K23003
score_7,K06894
score_7,K15342
score_7,K01845
score_7,K20511
score_7,K04031
score_7,K00355
score_7,K22213
score_7,K03492
score_7,K17898
score_7,K11533
score_7,K02068
score_7,K02563
score_7,K03820
score_7,K18217
score_7,K02017
score_7,K17910
score_7,K01476
score_7,K01499
score_7,K07308
score_7,K09923
score_7,K19997
score_7,K00048
score_7,K01091
score_7,K09935
score_7,K10914
score_7,K01990
score_7,K02988
score_7,K03699
score_7,K01214
score_7,K06223
score_7,K01154
score_7,K02433
score_7,K01843
score_7,K00313
score_7,K12990
score_7,K07056
score_7,K02050
score_7,K15633
score_7,K12339
score_7,K09789
score_7,K02745
score_7,K13953
score_7,K02585
score_7,K01905
score_7,K12213
score_7,K00969
score_7,K01548
score_7,K01879
score_7,K00239
score_7,K01035
score_7,K01295
score_7,K00758
score_7,K03646
score_7,K05989
score_7,K14415
score_7,K03719
score_7,K21471
score_7,K07776
score_7,K00806
score_7,K22468
score_7,K01610
score_7,K07484
score_7,K00073
score_7,K01872
score_7,K16850
score_7,K06320
score_7,K06897
score_7,K01195
score_7,K12297
score_7,K07217
score_7,K01216
score_7,K10007
score_7,K11646
score_7,K11534
score_7,K06962
score_7,K09820
score_7,K16950
score_7,K04772
score_7,K01647
score_7,K10548
score_7,K13015
score_7,K16214
score_7,K03272
score_7,K18856
score_7,K12268
score_7,K19294
score_7,K20112
score_7,K16209
score_7,K05349
score_7,K07343
score_7,K03188
score_7,K08311
score_7,K07214
score_7,K02911
score_7,K00170
score_7,K12685
score_7,K02564
score_7,K21394
score_7,K00926
score_7,K14088
score_7,K01807
score_7,K04028
score_7,K01247
score_7,K21140
score_7,K02086
score_7,K00824
score_7,K02863
score_7,K05342
score_7,K18206
score_7,K10716
score_7,K03271
score_7,K01218
score_7,K17624
score_7,K00936
score_7,K09696
score_7,K01821
score_7,K04751
score_7,K16264
score_7,K01338
score_7,K20480
score_7,K03521
score_7,K19310
score_7,K16238
score_7,K01941
score_7,K20885
score_7,K07451
score_7,K03734
score_7,K02238
score_7,K21345
score_7,K18234
score_7,K01804
score_7,K02302
score_7,K02523
score_7,K16435
score_7,K13327
score_7,K07051
score_7,K09988
score_7,K21012
score_7,K02907
score_7,K12995
score_7,K04562
score_7,K09703
score_7,K07800
score_7,K07054
score_7,K00613
score_7,K07278
score_7,K03736
score_7,K07074
score_7,K21613
score_7,K02843
score_7,K00950
score_7,K04019
score_7,K12209
score_7,K09819
score_7,K01633
score_7,K23107
score_7,K03584
score_7,K15727
score_7,K03977
score_7,K01478
score_7,K19068
score_7,K02590
score_7,K08717
score_7,K02435
score_7,K07316
score_7,K19285
score_7,K22477
score_7,K12203
score_7,K01488
score_7,K23163
score_7,K02067
score_7,K00184
score_7,K18214
score_7,K04090
score_7,K10778
score_7,K01322
score_7,K11004
score_7,K15772
score_7,K01687
score_7,K00656
score_7,K02078
score_7,K01945
score_7,K09803
score_7,K00880
score_7,K21472
score_7,K21132
score_7,K22994
score_7,K18139
score_7,K06182
score_7,K03490
score_7,K17810
score_7,K00927
score_7,K06907
score_7,K09949
score_7,K01621
score_7,K11031
score_7,K01354
score_7,K07315
score_7,K00773
score_7,K16091
score_7,K04761
score_7,K07270
score_7,K03531
score_7,K03735
score_7,K09770
score_7,K07118
score_7,K18930
score_7,K06191
score_7,K07458
score_7,K00390
score_7,K00720
score_7,K01991
score_7,K21900
score_7,K13652
score_7,K01126
score_7,K00362
score_7,K14086
score_7,K07735
score_7,K02586
score_7,K01933
score_7,K01191
score_7,K06217
score_7,K05589
score_7,K07069
score_7,K22396
score_7,K12217
score_7,K23301
score_7,K01179
score_7,K16786
score_7,K03606
score_7,K04013
score_7,K00045
score_7,K18334
score_7,K02477
score_7,K15771
score_7,K16052
score_7,K01868
score_7,K00658
score_7,K06891
score_7,K11928
score_7,K00803
score_7,K15726
score_7,K02077
score_7,K01466
score_7,K01937
score_7,K00338
score_7,K05566
score_7,K00759
score_7,K06201
score_7,K15554
score_7,K07165
score_7,K00957
score_7,K13694
score_7,K05794
score_7,K03106
score_7,K06990
score_7,K10036
score_7,K16650
score_7,K02042
score_7,K13277
score_7,K15915
score_7,K09136
score_7,K01838
score_7,K13611
score_7,K01060
score_7,K02193
score_7,K11329
score_7,K00655
score_7,K02761
score_7,K01457
score_7,K11707
score_7,K03724
score_7,K07239
score_7,K09684
score_7,K07404
score_7,K06402
score_7,K01679
score_7,K01873
score_7,K00197
score_7,K01589
score_7,K00341
score_7,K00145
score_7,K11751
score_7,K03552
score_7,K17234
score_7,K20903
score_7,K03186
score_7,K18474
score_7,K04044
score_7,K21936
score_7,K07112
score_7,K09007
score_7,K01185
score_7,K04095
score_7,K20450
score_7,K05780
score_7,K03411
score_7,K01768
score_7,K04075
score_7,K07712
score_7,K13525
score_7,K02493
score_7,K02012
score_7,K05567
score_7,K12960
score_7,K02501
score_7,K15553
score_7,K01777
score_7,K11072
score_7,K07457
score_7,K01929
score_7,K01551
score_7,K00077
score_7,K20626
score_7,K03273
score_7,K01069
score_7,K01039
score_7,K00441
score_7,K02569
score_7,K07098
score_7,K12214
score_7,K21814
score_7,K02400
score_7,K22116
score_7,K12138
score_7,K00657
score_7,K14414
score_7,K19172
score_7,K19789
score_7,K00370
score_7,K08168
score_7,K15898
score_7,K11710
score_7,K04764
score_7,K03470
score_7,K03446
score_7,K12065
score_7,K17213
score_7,K02019
score_7,K22430
score_7,K00694
score_7,K18122
score_7,K01114
score_7,K23541
score_7,K12992
score_7,K12137
score_7,K23170
score_7,K19427
score_7,K09969
score_7,K01193
score_7,K10907
score_7,K03772
score_7,K19139
score_7,K11181
score_7,K22232
score_7,K09167
score_7,K18349
score_7,K13788
score_7,K11709
score_7,K18475
score_7,K00135
score_7,K01950
score_7,K09144
score_7,K02051
score_7,K09001
score_7,K06941
score_7,K23169
score_7,K16925
score_7,K19883
score_7,K00373
score_7,K06166
score_7,K03756
score_7,K01581
score_7,K20484
score_7,K03704
score_7,K01058
score_7,K01728
score_7,K18350
score_7,K03182
score_7,K03090
score_7,K02688
score_7,K07357
score_7,K01625
score_7,K02533
score_7,K01812
score_7,K11785
score_7,K06221
score_7,K07813
score_7,K02224
score_7,K01809
score_7,K00042
score_7,K02397
score_7,K03409
score_7,K11606
score_7,K06929
score_7,K22349
score_7,K03830
score_7,K16885
score_7,K16235
score_7,K01938
score_7,K14091
score_7,K02045
score_7,K02784
score_7,K03638
score_7,K17236
score_7,K11615
score_7,K01737
score_7,K07491
score_7,K01429
score_7,K04783
score_7,K03390
score_7,K06859
score_7,K23352
score_7,K03412
score_7,K19170
score_7,K00041
score_7,K01266
score_7,K06606
score_7,K01147
score_7,K03562
score_7,K01649
score_7,K08161
score_7,K00010
score_7,K18303
score_7,K00094
score_7,K15520
score_7,K06395
score_7,K04749
score_7,K11690
score_7,K18120
score_7,K23077
score_7,K05363
score_7,K13288
score_7,K19710
score_7,K20509
score_7,K03497
score_7,K02056
score_7,K13929
score_7,K05916
score_7,K19169
score_7,K03604
score_7,K17218
score_7,K07127
score_7,K21681
score_7,K15125
score_7,K19273
score_7,K02283
score_7,K23356
score_7,K06408
score_7,K00164
score_7,K09964
score_7,K07275
score_7,K07729
score_7,K11065
score_7,K07654
score_7,K07106
score_7,K13990
score_7,K20341
score_7,K11051
score_7,K23537
score_7,K12140
score_7,K01823
score_7,K01626
score_7,K14090
score_7,K18014
score_7,K01176
score_7,K06334
score_7,K02010
score_7,K09477
score_7,K03642
score_7,K18205
score_7,K12111
score_7,K20862
score_7,K16153
score_7,K07250
score_7,K07219
score_7,K21619
score_7,K13963
score_7,K00065
score_7,K12503
score_7,K02282
score_7,K17073
score_7,K07080
score_7,K03572
score_7,K07741
score_7,K12218
score_7,K09011
score_7,K03732
score_7,K13819
score_7,K01685
score_7,K18479
score_7,K05337
score_7,K01803
score_7,K20265
score_7,K00978
score_7,K07272
score_7,K01011
score_7,K08297
score_7,K11214
score_7,K18545
score_7,K01866
score_7,K00625
score_7,K07979
score_7,K00640
score_7,K01926
score_7,K21344
score_7,K05568
score_7,K02230
score_7,K19119
score_7,K02047
score_7,K09697
score_7,K04566
score_7,K00344
score_7,K12528
score_7,K07739
score_7,K16922
score_7,K10681
score_7,K00619
score_7,K16961
score_7,K01816
score_7,K11050
score_7,K16846
score_7,K07126
score_7,K07037
score_7,K01738
score_7,K00002
score_7,K01613
score_7,K02119
score_7,K16923
score_7,K20257
score_7,K07666
score_7,K16212
score_7,K02664
score_7,K17074
score_7,K02028
score_7,K01436
score_7,K15583
score_7,K16087
score_7,K02291
score_7,K01783
score_7,K08319
score_7,K14982
score_7,K09825
score_7,K18814
score_7,K13280
score_7,K07507
score_7,K02444
score_7,K01628
score_7,K02313
score_7,K01854
score_7,K11180
score_7,K10107
score_7,K00009
score_7,K01284
score_7,K01999
score_7,K18828
score_7,K01449
score_7,K09979
score_7,K09791
score_7,K18118
score_7,K01485
score_7,K09931
score_7,K20488
score_7,K03926
score_7,K02415
score_7,K01561
score_7,K09692
score_7,K03399
score_7,K01849
score_7,K11738
score_7,K03077
score_7,K18890
score_7,K01780
score_7,K01629
score_7,K12072
score_7,K01262
score_7,K07032
score_7,K18285
score_7,K07006
score_7,K01993
score_7,K06205
score_7,K02591
score_7,K09689
score_7,K04014
score_7,K01958
score_7,K09155
score_7,K03738
score_7,K00111
score_7,K05306
score_7,K07787
score_7,K00547
score_7,K01579
score_7,K03564
score_7,K09138
score_7,K23573
score_7,K04750
score_7,K11749
score_7,K07148
score_7,K05396
score_7,K16203
score_7,K00346
score_7,K06909
score_7,K09702
score_7,K03666
score_7,K07719
score_7,K02041
score_7,K04784
score_7,K01839
score_7,K00102
score_7,K20974
score_7,K00603
score_7,K00437
score_7,K17215
score_7,K00046
score_7,K21947
score_7,K01813
score_7,K02075
score_7,K03299
score_7,K04561
score_7,K19956
score_7,K03760
score_7,K08153
score_7,K13587
score_7,K07442
score_7,K06331
score_7,K01439
score_7,K02426
score_7,K02025
score_7,K03405
score_7,K03582
score_7,K00931
score_7,K02574
score_7,K00986
score_7,K10823
score_7,K02554
score_7,K01921
score_7,K13643
score_7,K05801
score_7,K02168
score_7,K11755
score_7,K07406
score_7,K03437
score_7,K02018
score_7,K02182
score_7,K11743
score_7,K17734
score_7,K05352
score_7,K22212
score_7,K01428
score_7,K20814
score_7,K07031
score_7,K01474
score_7,K15580
score_7,K15770
score_7,K06446
score_7,K10819
score_7,K01520
score_7,K02935
score_7,K02420
score_7,K00981
score_7,K00057
score_7,K05366
score_7,K02171
score_7,K19167
score_7,K05988
score_7,K02110
score_7,K22132
score_7,K00604
score_7,K02970
score_7,K19165
score_7,K02440
score_7,K02242
score_7,K01182
score_7,K22723
score_7,K11708
score_7,K13599
score_7,K22044
score_7,K00281
score_7,K02443
score_7,K12240
score_7,K15738
score_7,K02916
score_7,K06608
score_7,K08159
score_7,K21573
score_7,K06610
score_7,K05811
score_7,K17733
score_7,K02483
score_7,K18918
score_7,K09139
score_7,K01224
score_7,K01008
score_7,K11381
score_7,K10547
score_7,K02520
score_7,K03547
score_7,K10012
score_7,K01181
score_7,K01668
score_7,K21467
score_7,K12982
score_7,K06001
score_7,K23398
score_7,K00633
score_7,K03224
score_7,K22373
score_7,K00970
score_7,K05873
score_7,K02968
score_7,K01575
score_7,K00854
score_7,K23259
score_7,K20492
score_7,K16139
score_7,K15975
score_7,K00381
score_7,K02594
score_7,K15581
score_7,K00571
score_7,K05816
score_7,K02390
score_7,K06181
score_7,K04045
score_7,K01758
score_7,K18816
score_7,K02133
score_7,K07309
score_7,K02946
score_7,K06915
score_7,K07321
score_7,K01677
score_7,K03826
score_7,K02525
score_7,K13584
score_7,K00983
score_7,K11071
score_7,K16924
score_7,K14761
score_7,K01834
score_7,K02243
score_7,K10037
score_7,K10682
score_7,K03972
score_7,K00954
score_7,K01308
score_7,K01451
score_7,K01736
score_7,K19508
score_7,K12296
score_7,K01995
score_7,K01265
score_7,K12511
score_7,K03227
score_7,K07705
score_7,K00800
score_7,K21563
score_7,K19309
score_7,K14153
score_7,K02015
score_7,K02005
score_7,K02838
score_7,K19159
score_7,K15773
score_7,K09951
score_7,K00283
score_7,K01270
score_7,K06952
score_7,K19123
score_7,K01657
score_7,K11070
score_7,K00928
score_7,K20342
score_7,K18704
score_7,K20415
score_7,K10213
score_7,K01089
score_7,K21749
score_7,K18893
score_7,K02237
score_7,K20491
score_7,K02004
score_7,K05822
score_7,K06942
score_7,K14205
score_7,K02986
score_7,K08680
score_7,K01915
score_7,K03147
score_7,K16959
score_7,K01727
score_7,K19509
score_7,K17899
score_7,K03799
score_7,K11720
score_7,K18672
score_7,K12295
score_7,K00853
score_7,K22958
score_7,K02598
score_7,K07717
score_7,K02026
score_7,K03652
score_7,K02777
score_7,K14540
score_7,K02073
score_7,K19091
score_7,K06206
score_7,K01486
score_7,K19954
score_7,K04029
score_7,K03624
score_7,K11527
score_7,K06163
score_7,K10697
score_7,K02411
score_7,K02203
score_7,K15974
score_7,K21399
score_7,K07727
score_7,K01580
score_7,K03612
score_7,K00564
score_7,K01235
score_7,K14977
score_7,K12940
score_7,K21903
score_7,K07670
score_7,K03394
score_7,K15876
score_7,K02864
score_7,K18692
score_7,K01953
score_7,K02003
score_7,K02867
score_7,K07318
score_7,K01161
score_7,K01142
score_7,K07004
score_7,K12942
score_7,K19271
score_7,K08151
score_7,K01788
score_7,K04096
score_7,K03706
score_7,K06895
score_7,K12554
score_7,K16960
score_7,K02396
score_7,K13252
score_7,K14058
score_7,K01754
score_7,K17235
score_7,K17331
score_7,K00245
score_7,K06878
score_7,K16014
score_7,K03095
score_7,K02488
score_7,K18675
score_7,K13920
score_7,K03930
score_7,K18829
score_7,K15555
score_7,K19005
score_7,K12999
score_7,K01448
score_7,K07224
score_7,K11614
score_7,K09471
score_7,K01699
score_7,K01778
score_7,K01697
score_7,K06384
score_7,K02663
score_7,K01644
score_7,K11782
score_7,K02437
score_7,K03293
score_7,K02117
score_7,K02109
score_7,K21498
score_7,K13040
score_7,K08167
score_7,K08314
score_7,K02926
score_7,K15584
score_7,K01914
score_7,K06877
score_7,K16148
score_7,K12452
score_7,K11144
score_7,K19955
score_7,K03651
score_7,K07393
score_7,K12660
score_7,K03313
score_7,K01194
score_7,K22457
score_7,K01246
score_7,K01297
score_7,K02240
score_7,K00851
score_7,K01227
score_7,K13038
score_7,K05685
score_7,K07133
score_7,K00858
score_7,K01710
score_7,K01654
score_7,K09117
score_7,K02074
score_7,K11617
score_7,K04565
score_7,K22606
score_7,K12997
score_7,K19429
score_7,K02428
score_7,K17836
score_7,K15586
score_7,K13571
score_7,K01858
score_7,K16301
score_7,K02348
score_7,K15778
score_7,K11068
score_7,K02000
score_7,K19125
score_7,K03274
score_7,K01709
score_7,K01916
score_7,K02120
score_7,K08281
score_7,K00784
score_7,K12661
score_7,K13640
score_7,K12733
score_7,K17947
score_7,K01104
score_7,K00772
score_7,K01273
score_7,K01755
score_7,K02035
score_7,K13787
score_7,K10986
score_7,K02601
score_7,K23518
score_7,K02232
score_7,K03932
score_7,K02103
score_7,K02902
score_7,K06904
score_7,K11537
score_7,K13932
score_7,K00330
score_7,K02652
score_7,K03471
score_7,K02666
score_7,K08372
score_7,K19803
score_7,K04516
score_7,K16651
score_7,K14445
score_7,K06193
score_7,K23270
score_7,K11934
score_7,K18348
score_7,K19168
score_7,K19124
score_7,K01815
score_7,K02124
score_7,K03834
score_7,K02049
score_7,K00030
score_7,K15921
score_7,K23257
score_7,K14379
score_7,K01844
score_7,K01355
score_7,K00198
score_7,K08999
score_7,K03473
score_7,K00681
score_7,K18345
score_7,K09973
score_7,K02099
score_7,K01590
score_7,K07017
score_7,K01791
score_7,K01026
score_7,K03444
score_7,K02815
score_7,K03544
score_7,K06284
score_7,K18197
score_7,K03196
score_7,K22432
score_7,K00697
score_7,K21556
score_7,K02528
score_7,K20037
score_7,K04026
score_7,K01841
score_7,K03558
score_7,K23182
score_7,K15899
score_7,K21557
score_7,K03534
score_7,K15524
score_7,K18891
score_7,K11927
score_7,K02687
score_7,K01678
score_7,K02316
score_7,K00647
score_7,K22906
score_7,K01304
score_7,K01599
score_7,K12373
score_7,K01885
score_7,K18012
score_7,K13049
score_7,K03367
score_7,K02824
score_7,K15855
score_7,K21567
score_7,K17241
score_7,K07304
score_7,K06391
score_7,K01612
score_7,K17246
score_7,K01635
score_7,K17245
score_7,K22441
score_7,K03833
score_7,K11102
score_7,K11618
score_7,K02118
score_7,K12410
score_7,K18830
score_7,K01201
score_7,K00158
score_7,K03752
score_7,K00616
score_7,K22901
score_7,K01652
score_7,K03813
score_7,K02058
score_7,K11784
score_7,K01784
score_7,K17758
score_7,K05823
score_7,K02453
score_7,K11921
score_7,K19090
score_7,K06872
score_7,K03297
score_7,K03476
score_7,K10563
score_7,K10985
score_7,K03191
score_7,K10441
score_7,K17242
score_7,K00130
score_7,K19422
score_7,K08309
score_7,K22900
score_7,K17735
score_7,K02858
score_7,K21395
score_7,K02992
score_7,K01232
score_7,K13497
score_7,K19972
score_7,K17759
score_7,K01802
score_7,K14731
score_7,K05846
score_7,K02108
score_7,K01708
score_7,K00997
score_7,K15527
score_7,K22103
score_7,K04076
score_7,K02413
score_7,K01711
score_7,K02014
score_7,K03491
score_7,K02416
score_7,K04844
score_7,K15023
score_7,K01880
score_7,K21572
score_7,K03276
score_7,K10710
score_7,K07266
score_7,K00558
score_7,K07016
score_7,K00709
score_7,K14654
score_7,K02217
score_7,K06117
score_7,K02172
score_7,K20859
score_7,K03578
score_7,K10974
score_7,K07139
score_7,K04092
score_7,K03818
score_7,K01286
score_7,K16957
score_7,K03289
score_7,K00817
score_7,K12541
score_7,K02346
score_7,K07243
score_7,K01734
score_7,K12527
score_7,K09809
score_7,K02032
score_7,K03628
score_7,K11206
score_7,K02248
score_7,K19046
score_7,K07483
score_7,K10805
score_7,K22902
score_7,K09922
score_7,K00973
score_7,K06920
score_7,K03517
score_7,K07313
score_7,K00324
score_7,K01759
score_7,K12251
score_7,K23245
score_7,K06297
score_7,K00174
score_7,K02115
score_7,K01919
score_7,K18707
score_7,K00230
score_7,K07649
score_7,K01077
score_7,K07668
score_7,K21961
score_7,K04062
score_7,K23231
score_7,K17195
score_7,K03711
score_7,K01746
score_7,K19689
score_7,K18008
score_7,K02246
score_7,K15371
score_7,K00128
score_7,K01630
score_7,K03722
score_7,K02841
score_7,K10678
score_7,K13891
score_7,K18011
score_7,K01531
score_7,K21750
score_7,K02427
score_7,K20904
score_7,K07115
score_7,K05593
score_7,K00134
score_7,K22699
score_7,K18237
score_7,K01534
score_7,K00091
score_7,K07221
score_7,K21993
score_7,K01661
score_7,K01674
score_7,K17723
score_7,K19299
score_7,K05796
score_7,K12267
score_7,K01252
score_7,K02573
score_7,K00194
score_7,K07130
score_7,K02195
score_7,K13735
score_7,K10939
score_7,K02550
score_7,K09972
score_7,K06906
score_7,K01042
score_7,K14194
score_7,K01643
score_7,K01996
score_7,K01494
score_7,K01733
score_7,K19088
score_7,K06518
score_7,K17680
score_7,K06970
score_7,K12343
score_7,K01819
score_7,K01442
score_7,K01186
score_7,K12139
score_7,K13631
score_7,K09794
score_7,K08305
score_7,K01744
score_7,K00014
score_7,K00058
score_7,K00088
score_7,K00105
score_7,K00133
score_7,K00187
score_7,K00196
score_7,K00246
score_7,K00247
score_7,K00282
score_7,K00285
score_7,K00286
score_7,K00303
score_7,K00332
score_7,K00334
score_7,K00428
score_7,K00435
score_7,K00533
score_7,K00568
score_7,K00573
score_7,K00574
score_7,K00600
score_7,K00602
score_7,K00662
score_7,K00684
score_7,K00760
score_7,K00786
score_7,K00788
score_7,K00794
score_7,K00801
score_7,K00821
score_7,K00835
score_7,K00850
score_7,K00864
score_7,K00868
score_7,K00873
score_7,K00883
score_7,K00955
score_7,K00966
score_7,K00990
score_7,K00995
score_7,K01000
score_7,K01002
score_7,K01007
score_7,K01012
score_7,K01057
score_7,K01095
score_7,K01101
score_7,K01118
score_7,K01130
score_7,K01155
score_7,K01156
score_7,K01163
score_7,K01187
score_7,K01190
score_7,K01192
score_7,K01205
score_7,K01222
score_7,K01241
score_7,K01243
score_7,K01267
score_7,K01271
score_7,K01372
score_7,K01414
score_7,K01419
score_7,K01425
score_7,K01426
score_7,K01447
score_7,K01460
score_7,K01464
score_7,K01465
score_7,K01470
score_7,K01482
score_7,K01487
score_7,K01489
score_7,K01495
score_7,K01497
score_7,K01577
score_7,K01591
score_7,K01601
score_7,K01615
score_7,K01620
score_7,K01624
score_7,K01627
score_7,K01639
score_7,K01684
score_7,K01689
score_7,K01693
score_7,K01696
score_7,K01714
score_7,K01740
score_7,K01772
score_7,K01785
score_7,K01787
score_7,K01805
score_7,K01811
score_7,K01867
score_7,K01874
score_7,K01878
score_7,K01881
score_7,K01887
score_7,K01911
score_7,K01935
score_7,K01940
score_7,K01963
score_7,K01975
score_7,K02002
score_7,K02027
score_7,K02031
score_7,K02033
score_7,K02037
score_7,K02038
score_7,K02046
score_7,K02069
score_7,K02081
score_7,K02083
score_7,K02107
score_7,K02114
score_7,K02122
score_7,K02123
score_7,K02169
score_7,K02194
score_7,K02198
score_7,K02200
score_7,K02227
score_7,K02244
score_7,K02315
score_7,K02355
score_7,K02356
score_7,K02363
score_7,K02371
score_7,K02377
score_7,K02385
score_7,K02387
score_7,K02398
score_7,K02406
score_7,K02410
score_7,K02412
score_7,K02417
score_7,K02418
score_7,K02419
score_7,K02421
score_7,K02422
score_7,K02456
score_7,K02472
score_7,K02481
score_7,K02495
score_7,K02498
score_7,K02507
score_7,K02509
score_7,K02538
score_7,K02553
score_7,K02556
score_7,K02560
score_7,K02566
score_7,K02567
score_7,K02575
score_7,K02587
score_7,K02588
score_7,K02650
score_7,K02653
score_7,K02655
score_7,K02662
score_7,K02703
score_7,K02771
score_7,K02773
score_7,K02774
score_7,K02775
score_7,K02806
score_7,K02835
score_7,K02844
score_7,K02851
score_7,K02855
score_7,K02860
score_7,K02871
score_7,K02876
score_7,K02887
score_7,K02888
score_7,K02895
score_7,K02899
score_7,K02909
score_7,K02914
score_7,K02931
score_7,K02948
score_7,K02950
score_7,K02952
score_7,K02959
score_7,K02967
score_7,K02982
score_7,K03046
score_7,K03071
score_7,K03086
score_7,K03110
score_7,K03113
score_7,K03152
score_7,K03218
score_7,K03231
score_7,K03294
score_7,K03303
score_7,K03306
score_7,K03315
score_7,K03326
score_7,K03327
score_7,K03328
score_7,K03335
score_7,K03407
score_7,K03413
score_7,K03414
score_7,K03417
score_7,K03426
score_7,K03474
score_7,K03475
score_7,K03535
score_7,K03553
score_7,K03557
score_7,K03560
score_7,K03590
score_7,K03592
score_7,K03597
score_7,K03599
score_7,K03620
score_7,K03634
score_7,K03635
score_7,K03687
score_7,K03695
score_7,K03701
score_7,K03737
score_7,K03743
score_7,K03744
score_7,K03749
score_7,K03762
score_7,K03767
score_7,K03777
score_7,K03790
score_7,K03831
score_7,K03835
score_7,K03837
score_7,K03928
score_7,K04015
score_7,K04017
score_7,K04033
score_7,K04041
score_7,K04043
score_7,K04088
score_7,K04335
score_7,K04477
score_7,K04781
score_7,K05303
score_7,K05539
score_7,K05570
score_7,K05592
score_7,K05773
score_7,K05785
score_7,K05837
score_7,K05874
score_7,K05970
score_7,K06019
score_7,K06045
score_7,K06077
score_7,K06113
score_7,K06167
score_7,K06189
score_7,K06190
score_7,K06194
score_7,K06207
score_7,K06209
score_7,K06287
score_7,K06400
score_7,K06603
score_7,K06605
score_7,K06857
score_7,K06867
score_7,K06889
score_7,K06925
score_7,K06978
score_7,K06980
score_7,K06989
score_7,K07009
score_7,K07027
score_7,K07043
score_7,K07052
score_7,K07079
score_7,K07095
score_7,K07096
score_7,K07102
score_7,K07109
score_7,K07120
score_7,K07146
score_7,K07248
score_7,K07264
score_7,K07265
score_7,K07305
score_7,K07323
score_7,K07346
score_7,K07349
score_7,K07462
score_7,K07467
score_7,K07493
score_7,K07495
score_7,K07516
score_7,K07559
score_7,K07675
score_7,K07788
score_7,K07806
score_7,K08163
score_7,K08169
score_7,K08194
score_7,K08298
score_7,K08315
score_7,K08318
score_7,K08348
score_7,K08368
score_7,K08485
score_7,K08602
score_7,K08641
score_7,K08676
score_7,K08724
score_7,K08998
score_7,K09004
score_7,K09116
score_7,K09251
score_7,K09472
score_7,K09474
score_7,K09688
score_7,K09748
score_7,K09758
score_7,K09767
score_7,K09769
score_7,K09773
score_7,K09781
score_7,K09798
score_7,K09800
score_7,K09815
score_7,K09816
score_7,K09857
score_7,K09903
score_7,K09960
score_7,K09970
score_7,K09971
score_7,K10004
score_7,K10011
score_7,K10110
score_7,K10539
score_7,K10742
score_7,K10800
score_7,K10947
score_7,K11075
score_7,K11216
score_7,K11250
score_7,K11263
score_7,K11358
score_7,K11472
score_7,K11473
score_7,K11694
score_7,K11754
score_7,K11891
score_7,K11895
score_7,K11907
score_7,K11910
score_7,K11931
score_7,K11939
score_7,K12060
score_7,K12136
score_7,K12340
score_7,K12368
score_7,K12516
score_7,K12542
score_7,K12678
score_7,K12684
score_7,K12687
score_7,K12700
score_7,K12941
score_7,K12972
score_7,K12974
score_7,K13052
score_7,K13053
score_7,K13378
score_7,K13479
score_7,K13480
score_7,K13498
score_7,K13529
score_7,K13566
score_7,K13626
score_7,K13677
score_7,K13684
score_7,K13789
score_7,K13888
score_7,K13893
score_7,K13918
score_7,K13934
score_7,K13979
score_7,K13993
score_7,K14053
score_7,K14261
score_7,K14534
score_7,K14591
score_7,K14651
score_7,K15024
score_7,K15303
score_7,K15396
score_7,K15532
score_7,K15534
score_7,K15585
score_7,K15587
score_7,K15598
score_7,K15634
score_7,K15866
score_7,K15868
score_7,K15986
score_7,K16055
score_7,K16089
score_7,K16092
score_7,K16210
score_7,K16211
score_7,K16299
score_7,K16509
score_7,K16511
score_7,K16787
score_7,K16899
score_7,K17077
score_7,K17203
score_7,K17214
score_7,K17722
score_7,K17948
score_7,K18095
score_7,K18320
score_7,K18581
score_7,K18640
score_7,K18682
score_7,K18702
score_7,K18837
score_7,K18838
score_7,K18920
score_7,K18921
score_7,K19163
score_7,K19221
score_7,K19231
score_7,K19350
score_7,K19419
score_7,K19425
score_7,K19504
score_7,K19510
score_7,K19971
score_7,K20143
score_7,K20373
score_7,K20490
score_7,K20541
score_7,K21071
score_7,K21449
score_7,K21463
score_7,K21464
score_7,K21465
score_7,K21469
score_7,K21562
score_7,K21600
score_7,K21746
score_7,K21974
score_7,K21977
score_7,K22015
score_7,K22024
score_7,K22105
score_7,K22278
score_7,K22339
score_7,K22597
score_7,K22650
score_7,K23005
score_7,K23121
score_7,K23238
score_8,K17398
score_8,K23547
score_8,K01607
score_8,K09469
score_8,K10241
score_8,K02744
score_8,K21948
score_8,K22424
score_8,K02510
score_8,K21417
score_8,K16248
score_8,K01725
score_8,K16951
score_8,K03650
score_8,K09924
score_8,K23393
score_8,K21578
score_8,K01524
score_8,K22605
score_8,K00567
score_8,K05979
score_8,K09760
score_8,K01040
score_8,K11741
score_8,K07552
score_8,K13016
score_8,K21023
score_8,K18344
score_8,K22607
score_8,K03602
score_8,K22405
score_8,K19545
score_8,K08722
score_8,K03324
score_8,K18979
score_8,K09859
score_8,K02517
score_8,K18866
score_8,K06120
score_8,K01560
score_8,K01910
score_8,K04835
score_8,K11733
score_8,K23189
score_8,K07149
score_8,K18119
score_8,K02474
score_8,K17716
score_8,K17204
score_8,K00863
score_8,K01430
score_8,K19428
score_8,K20276
score_8,K01046
score_8,K21576
score_8,K18331
score_8,K18889
score_8,K06153
score_8,K23351
score_8,K03087
score_8,K03111
score_8,K10560
score_8,K17318
score_8,K23536
score_8,K10708
score_8,K08963
score_8,K19540
score_8,K19405
score_8,K06013
score_8,K02531
score_8,K03841
score_8,K15552
score_8,K22736
score_8,K06015
score_8,K01299
score_8,K14048
score_8,K15515
score_8,K20344
score_8,K07089
score_8,K13653
score_8,K21579
score_8,K07337
score_8,K22522
score_8,K17319
score_8,K02039
score_8,K16881
score_8,K20345
score_8,K06997
score_8,K15924
score_8,K15922
score_8,K19134
score_8,K01925
score_8,K07306
score_8,K02434
score_8,K09764
score_8,K00254
score_8,K01903
score_8,K00113
score_8,K21400
score_8,K00560
score_8,K01261
score_8,K16907
score_8,K02197
score_8,K07460
score_8,K01939
score_8,K02055
score_8,K03503
score_8,K03803
score_8,K01972
score_8,K21416
score_8,K11104
score_8,K07319
score_8,K22129
score_8,K18427
score_8,K21571
score_8,K04047
score_8,K00364
score_8,K10556
score_8,K13542
score_8,K07025
score_8,K01902
score_8,K17320
score_8,K07341
score_8,K19114
score_8,K19286
score_8,K09014
score_8,K10559
score_8,K03969
score_8,K00459
score_8,K19505
score_8,K01226
score_8,K06926
score_8,K01473
score_8,K03665
score_8,K23535
score_8,K13012
score_8,K12059
score_8,K01735
score_8,K19171
score_8,K03975
score_8,K18231
score_8,K01835
score_8,K02933
score_8,K03781
score_8,K14652
score_8,K01779
score_8,K09812
score_8,K08299
score_8,K05808
score_8,K07132
score_8,K08282
score_8,K00819
score_8,K07455
score_8,K00661
score_8,K01151
score_8,K01817
score_8,K01547
score_8,K21147
score_8,K19242
score_8,K16784
score_8,K15871
score_8,K07005
score_8,K07704
score_8,K01281
score_8,K07474
score_8,K06950
score_8,K13075
score_8,K00768
score_8,K09131
score_8,K23148
score_8,K08094
score_8,K01883
score_8,K03190
score_8,K07505
score_8,K13921
score_8,K23546
score_8,K01695
score_8,K12293
score_8,K14188
score_8,K15582
score_8,K05851
score_8,K02793
score_8,K08364
score_8,K00886
score_8,K00287
score_8,K13671
score_8,K02526
score_8,K01886
score_8,K01623
score_8,K01890
score_8,K02040
score_8,K02226
score_8,K16328
score_8,K11529
score_8,K16874
score_8,K03187
score_8,K18910
score_8,K00712
score_8,K19092
score_8,K01665
score_8,K15460
score_8,K15977
score_8,K22227
score_8,K21063
score_8,K19421
score_8,K06879
score_8,K00171
score_8,K00371
score_8,K09118
score_8,K18332
score_8,K06199
score_8,K21759
score_8,K09861
score_8,K03769
score_8,K03230
score_8,K07192
score_8,K17828
score_8,K01479
score_8,K01198
score_8,K03664
score_8,K19118
score_8,K21583
score_8,K01715
score_8,K02009
score_8,K10120
score_8,K03565
score_8,K02852
score_8,K01646
score_8,K03116
score_8,K02372
score_8,K03601
score_8,K02768
score_8,K01934
score_8,K00809
score_8,K01056
score_8,K16147
score_8,K18330
score_8,K00831
score_8,K23004
score_8,K18346
score_8,K02395
score_8,K15669
score_8,K00112
score_8,K07659
score_8,K06956
score_8,K05795
score_8,K01750
score_8,K03522
score_8,K09940
score_8,K00826
score_8,K02121
score_8,K13019
score_8,K03605
score_8,K10231
score_8,K00372
score_8,K03800
score_8,K17103
score_8,K02906
score_8,K01501
score_8,K00526
score_8,K01760
score_8,K17837
score_8,K02424
score_8,K03072
score_8,K01546
score_8,K02454
score_8,K02557
score_8,K17465
score_8,K00150
score_8,K22300
score_8,K16906
score_8,K07443
score_8,K22431
score_8,K06020
score_8,K21577
score_8,K11041
score_8,K10979
score_8,K03748
score_8,K18221
score_8,K02548
score_8,K15599
score_8,K01507
score_8,K09961
score_8,K00598
score_8,K02011
score_8,K07173
score_8,K16149
score_8,K19424
score_8,K23059
score_8,K09705
score_8,K19158
score_8,K18302
score_8,K13919
score_8,K01173
score_8,K19048
score_8,K17818
score_8,K18955
score_8,K19115
score_8,K02188
score_8,K02340
score_8,K16905
score_8,K11203
score_8,K13931
score_8,K09793
score_8,K02337
score_8,K01523
score_8,K01611
score_8,K14665
score_8,K03074
score_8,K03828
score_8,K14155
score_8,K07485
score_8,K03727
score_8,K01932
score_8,K03596
score_8,K01997
score_8,K04940
score_8,K07571
score_8,K09989
score_8,K11175
score_8,K01739
score_8,K07746
score_8,K00433
score_8,K18926
score_8,K21672
score_8,K22319
score_8,K03742
score_8,K03667
score_8,K20866
score_8,K07246
score_8,K00325
score_8,K01818
score_8,K00632
score_8,K02342
score_8,K01653
score_8,K11145
score_8,K00688
score_8,K22293
score_8,K03589
score_8,K01034
score_8,K01586
score_8,K10709
score_8,K02552
score_8,K03709
score_8,K11202
score_8,K06928
score_8,K03325
score_8,K00848
score_8,K07657
score_8,K00156
score_8,K08978
score_8,K03219
score_8,K01989
score_8,K01597
score_8,K19334
score_8,K10005
score_8,K01952
score_8,K20444
score_8,K14983
score_8,K02245
score_8,K19117
score_8,K18216
score_8,K01208
score_8,K20534
score_8,K07084
score_8,K15870
score_8,K05346
score_8,K17865
score_8,K00054
score_8,K19049
score_8,K05524
score_8,K22933
score_8,K01361
score_8,K21898
score_8,K00053
score_8,K06218
score_8,K22927
score_8,K01761
score_8,K17243
score_8,K01703
score_8,K01480
score_8,K03073
score_8,K13628
score_8,K01609
score_8,K02499
score_8,K02112
score_8,K21064
score_8,K00641
score_8,K17466
score_8,K17686
score_8,K14083
score_8,K02839
score_8,K23123
score_8,K21279
score_8,K20489
score_8,K00012
score_8,K10008
score_8,K02106
score_8,K21055
score_8,K11312
score_8,K19355
score_8,K08981
score_8,K22130
score_8,K08302
score_8,K05367
score_8,K02408
score_8,K15725
score_8,K14623
score_8,K07075
score_8,K01893
score_8,K02834
score_8,K07053
score_8,K02054
score_8,K03043
score_8,K03519
score_8,K02994
score_8,K17076
score_8,K02072
score_8,K01771
score_8,K10561
score_8,K03366
score_8,K20038
score_8,K05770
score_8,K01892
score_8,K02614
score_8,K11261
score_8,K01081
score_8,K06996
score_8,K00100
score_8,K02401
score_8,K01729
score_8,K07029
score_8,K05946
score_8,K02379
score_8,K07798
score_8,K02338
score_8,K17108
score_8,K02939
score_8,K03337
score_8,K23508
score_8,K03215
score_8,K01305
score_8,K02747
score_8,K00561
score_8,K13281
score_8,K21828
score_8,K00939
score_8,K06281
score_8,K19147
score_8,K01706
score_8,K00342
score_8,K02233
score_8,K19302
score_8,K02746
score_8,K01666
score_8,K05838
score_8,K07638
score_8,K00991
score_8,K07101
score_8,K02404
score_8,K08986
score_8,K01698
score_8,K04567
score_8,K01998
score_8,K00836
score_8,K16926
score_8,K19701
score_8,K02236
score_8,K21405
score_8,K06282
score_8,K20452
score_8,K02052
score_8,K22226
score_8,K04518
score_8,K01139
score_8,K02006
score_8,K01971
score_8,K01814
score_8,K13829
score_8,K07078
score_8,K00123
score_8,K03481
score_8,K01153
score_8,K20487
score_8,K02020
score_8,K03101
score_8,K18785
score_8,K21030
score_8,K09137
score_8,K15531
score_8,K01641
score_8,K06203
score_8,K06333
score_8,K00869
score_8,K02082
score_8,K01751
score_8,K02589
score_8,K02961
score_8,K02473
score_8,K21636
score_8,K04069
score_8,K00549
score_8,K07082
score_8,K01640
score_8,K00874
score_8,K00962
score_8,K02414
score_8,K02358
score_8,K03088
score_8,K06999
score_8,K05351
score_8,K02825
score_8,K09807
score_8,K00261
score_8,K17467
score_8,K16698
score_8,K14170
score_8,K02044
score_8,K11991
score_8,K21473
score_8,K07506
score_8,K01658
score_8,K11924
score_8,K16963
score_8,K07768
score_8,K13922
score_8,K16371
score_8,K01493
score_8,K18471
score_8,K18013
score_8,K16169
score_8,K12206
score_8,K14988
score_8,K02794
score_8,K00275
score_8,K00798
score_8,K03429
score_8,K13818
score_8,K05810
score_8,K03925
score_8,K06211
score_8,K02343
score_8,K03569
score_8,K01756
score_8,K06908
score_8,K02836
score_8,K01889
score_8,K02034
score_8,K04077
score_8,K19002
score_8,K03098
score_8,K01770
score_8,K03641
score_8,K12998
score_8,K03424
score_8,K12292
score_8,K01150
score_8,K05569
score_8,K10530
score_8,K03048
score_8,K04767
score_8,K22579
score_8,K02786
score_8,K06881
score_8,K05772
score_8,K02029
score_8,K02492
score_8,K09761
score_8,K03060
score_8,K05791
score_8,K02455
score_8,K23303
score_8,K01573
score_8,K02304
score_8,K02837
score_8,K01846
score_8,K16898
score_8,K12058
score_8,K19116
score_8,K05825
score_8,K07722
score_8,K12506
score_8,K04061
score_8,K16788
score_8,K07014
score_8,K23149
score_8,K01006
score_8,K17363
score_8,K00663
score_8,K15533
score_8,K20976
score_8,K01869
score_8,K20073
score_8,K18831
score_8,K02190
score_8,K18887
score_8,K22230
score_8,K13927
score_8,K01962
score_8,K00209
score_8,K16213
score_8,K07257
score_8,K12066
score_8,K02874
score_8,K00691
score_8,K03708
score_8,K02053
score_8,K11753
score_8,K01251
score_8,K01358
score_8,K17992
score_8,K15724
score_8,K02274
score_8,K07071
score_8,K03226
score_8,K03179
score_8,K16785
score_8,K02111
score_8,K01730
score_8,K06975
score_8,K18986
score_8,K07445
score_8,K12141
score_8,K12270
score_8,K00031
score_8,K10558
score_8,K21011
score_8,K02990
score_8,K19166
score_8,K07307
score_8,K08969
score_8,K21065
score_8,K13668
score_8,K01092
score_8,K02500
score_8,K09967
score_8,K12556
score_8,K02619
score_8,K02389
score_8,K19126
score_8,K18220
score_8,K01210
score_8,K03976
score_8,K08972
score_8,K09009
score_8,K02409
score_8,K19140
score_8,K01857
score_8,K01420
score_8,K04720
score_8,K12555
score_8,K23003
score_8,K06894
score_8,K15342
score_8,K01845
score_8,K20511
score_8,K04031
score_8,K00355
score_8,K22213
score_8,K03492
score_8,K17898
score_8,K11533
score_8,K02068
score_8,K02563
score_8,K03820
score_8,K18217
score_8,K02017
score_8,K17910
score_8,K01476
score_8,K01499
score_8,K07308
score_8,K09923
score_8,K19997
score_8,K00048
score_8,K01091
score_8,K09935
score_8,K10914
score_8,K01990
score_8,K02988
score_8,K03699
score_8,K01214
score_8,K06223
score_8,K01154
score_8,K02433
score_8,K01843
score_8,K00313
score_8,K12990
score_8,K07056
score_8,K02050
score_8,K15633
score_8,K12339
score_8,K09789
score_8,K02745
score_8,K13953
score_8,K02585
score_8,K01905
score_8,K12213
score_8,K00969
score_8,K01548
score_8,K01879
score_8,K00239
score_8,K01035
score_8,K01295
score_8,K00758
score_8,K03646
score_8,K05989
score_8,K14415
score_8,K03719
score_8,K21471
score_8,K07776
score_8,K00806
score_8,K22468
score_8,K01610
score_8,K07484
score_8,K00073
score_8,K01872
score_8,K16850
score_8,K06320
score_8,K06897
score_8,K01195
score_8,K12297
score_8,K07217
score_8,K01216
score_8,K10007
score_8,K11646
score_8,K11534
score_8,K06962
score_8,K09820
score_8,K16950
score_8,K04772
score_8,K01647
score_8,K10548
score_8,K13015
score_8,K16214
score_8,K03272
score_8,K18856
score_8,K12268
score_8,K19294
score_8,K20112
score_8,K16209
score_8,K05349
score_8,K07343
score_8,K03188
score_8,K08311
score_8,K07214
score_8,K02911
score_8,K00170
score_8,K12685
score_8,K02564
score_8,K21394
score_8,K00926
score_8,K14088
score_8,K01807
score_8,K04028
score_8,K01247
score_8,K21140
score_8,K02086
score_8,K00824
score_8,K02863
score_8,K05342
score_8,K18206
score_8,K10716
score_8,K03271
score_8,K01218
score_8,K17624
score_8,K00936
score_8,K09696
score_8,K01821
score_8,K04751
score_8,K16264
score_8,K01338
score_8,K20480
score_8,K03521
score_8,K19310
score_8,K16238
score_8,K01941
score_8,K20885
score_8,K07451
score_8,K03734
score_8,K02238
score_8,K21345
score_8,K18234
score_8,K01804
score_8,K02302
score_8,K02523
score_8,K16435
score_8,K13327
score_8,K07051
score_8,K09988
score_8,K21012
score_8,K02907
score_8,K12995
score_8,K04562
score_8,K09703
score_8,K07800
score_8,K07054
score_8,K00613
score_8,K07278
score_8,K03736
score_8,K07074
score_8,K21613
score_8,K02843
score_8,K00950
score_8,K04019
score_8,K12209
score_8,K09819
score_8,K01633
score_8,K23107
score_8,K03584
score_8,K15727
score_8,K03977
score_8,K01478
score_8,K19068
score_8,K02590
score_8,K08717
score_8,K02435
score_8,K07316
score_8,K19285
score_8,K22477
score_8,K12203
score_8,K01488
score_8,K23163
score_8,K02067
score_8,K00184
score_8,K18214
score_8,K04090
score_8,K10778
score_8,K01322
score_8,K11004
score_8,K15772
score_8,K01687
score_8,K00656
score_8,K02078
score_8,K01945
score_8,K09803
score_8,K00880
score_8,K21472
score_8,K21132
score_8,K22994
score_8,K18139
score_8,K06182
score_8,K03490
score_8,K17810
score_8,K00927
score_8,K06907
score_8,K09949
score_8,K01621
score_8,K11031
score_8,K01354
score_8,K07315
score_8,K00773
score_8,K16091
score_8,K04761
score_8,K07270
score_8,K03531
score_8,K03735
score_8,K09770
score_8,K07118
score_8,K18930
score_8,K06191
score_8,K07458
score_8,K00390
score_8,K00720
score_8,K01991
score_8,K21900
score_8,K13652
score_8,K01126
score_8,K00362
score_8,K14086
score_8,K07735
score_8,K02586
score_8,K01933
score_8,K01191
score_8,K06217
score_8,K05589
score_8,K07069
score_8,K22396
score_8,K12217
score_8,K23301
score_8,K01179
score_8,K16786
score_8,K03606
score_8,K04013
score_8,K00045
score_8,K18334
score_8,K02477
score_8,K15771
score_8,K16052
score_8,K01868
score_8,K00658
score_8,K06891
score_8,K11928
score_8,K00803
score_8,K15726
score_8,K02077
score_8,K01466
score_8,K01937
score_8,K00338
score_8,K05566
score_8,K00759
score_8,K06201
score_8,K15554
score_8,K07165
score_8,K00957
score_8,K13694
score_8,K05794
score_8,K03106
score_8,K06990
score_8,K10036
score_8,K16650
score_8,K02042
score_8,K13277
score_8,K15915
score_8,K09136
score_8,K01838
score_8,K13611
score_8,K01060
score_8,K02193
score_8,K11329
score_8,K00655
score_8,K02761
score_8,K01457
score_8,K11707
score_8,K03724
score_8,K07239
score_8,K09684
score_8,K07404
score_8,K06402
score_8,K01679
score_8,K01873
score_8,K00197
score_8,K01589
score_8,K00341
score_8,K00145
score_8,K11751
score_8,K03552
score_8,K17234
score_8,K20903
score_8,K03186
score_8,K18474
score_8,K04044
score_8,K21936
score_8,K07112
score_8,K09007
score_8,K01185
score_8,K04095
score_8,K20450
score_8,K05780
score_8,K03411
score_8,K01768
score_8,K04075
score_8,K07712
score_8,K13525
score_8,K02493
score_8,K02012
score_8,K05567
score_8,K12960
score_8,K02501
score_8,K15553
score_8,K01777
score_8,K11072
score_8,K07457
score_8,K01929
score_8,K01551
score_8,K00077
score_8,K20626
score_8,K03273
score_8,K01069
score_8,K01039
score_8,K00441
score_8,K02569
score_8,K07098
score_8,K12214
score_8,K21814
score_8,K02400
score_8,K22116
score_8,K12138
score_8,K00657
score_8,K14414
score_8,K19172
score_8,K19789
score_8,K00370
score_8,K08168
score_8,K15898
score_8,K11710
score_8,K04764
score_8,K03470
score_8,K03446
score_8,K12065
score_8,K17213
score_8,K02019
score_8,K22430
score_8,K00694
score_8,K18122
score_8,K01114
score_8,K23541
score_8,K12992
score_8,K12137
score_8,K23170
score_8,K19427
score_8,K09969
score_8,K01193
score_8,K10907
score_8,K03772
score_8,K19139
score_8,K11181
score_8,K22232
score_8,K09167
score_8,K18349
score_8,K13788
score_8,K11709
score_8,K18475
score_8,K00135
score_8,K01950
score_8,K09144
score_8,K02051
score_8,K09001
score_8,K06941
score_8,K23169
score_8,K16925
score_8,K19883
score_8,K00373
score_8,K06166
score_8,K03756
score_8,K01581
score_8,K20484
score_8,K03704
score_8,K01058
score_8,K01728
score_8,K18350
score_8,K03182
score_8,K03090
score_8,K02688
score_8,K07357
score_8,K01625
score_8,K02533
score_8,K01812
score_8,K11785
score_8,K06221
score_8,K07813
score_8,K02224
score_8,K01809
score_8,K00042
score_8,K02397
score_8,K03409
score_8,K11606
score_8,K06929
score_8,K22349
score_8,K03830
score_8,K16885
score_8,K16235
score_8,K01938
score_8,K14091
score_8,K02045
score_8,K02784
score_8,K03638
score_8,K17236
score_8,K11615
score_8,K01737
score_8,K07491
score_8,K01429
score_8,K04783
score_8,K03390
score_8,K06859
score_8,K23352
score_8,K03412
score_8,K19170
score_8,K00041
score_8,K01266
score_8,K06606
score_8,K01147
score_8,K03562
score_8,K01649
score_8,K08161
score_8,K00010
score_8,K18303
score_8,K00094
score_8,K15520
score_8,K06395
score_8,K04749
score_8,K11690
score_8,K18120
score_8,K23077
score_8,K05363
score_8,K13288
score_8,K19710
score_8,K20509
score_8,K03497
score_8,K02056
score_8,K13929
score_8,K05916
score_8,K19169
score_8,K03604
score_8,K17218
score_8,K07127
score_8,K21681
score_8,K15125
score_8,K19273
score_8,K02283
score_8,K23356
score_8,K06408
score_8,K00164
score_8,K09964
score_8,K07275
score_8,K07729
score_8,K11065
score_8,K07654
score_8,K07106
score_8,K13990
score_8,K20341
score_8,K11051
score_8,K23537
score_8,K12140
score_8,K01823
score_8,K01626
score_8,K14090
score_8,K18014
score_8,K01176
score_8,K06334
score_8,K02010
score_8,K09477
score_8,K03642
score_8,K18205
score_8,K12111
score_8,K20862
score_8,K16153
score_8,K07250
score_8,K07219
score_8,K21619
score_8,K13963
score_8,K00065
score_8,K12503
score_8,K02282
score_8,K17073
score_8,K07080
score_8,K03572
score_8,K07741
score_8,K12218
score_8,K09011
score_8,K03732
score_8,K13819
score_8,K01685
score_8,K18479
score_8,K05337
score_8,K01803
score_8,K20265
score_8,K00978
score_8,K07272
score_8,K01011
score_8,K08297
score_8,K11214
score_8,K18545
score_8,K01866
score_8,K00625
score_8,K07979
score_8,K00640
score_8,K01926
score_8,K21344
score_8,K05568
score_8,K02230
score_8,K19119
score_8,K02047
score_8,K09697
score_8,K04566
score_8,K00344
score_8,K12528
score_8,K07739
score_8,K16922
score_8,K10681
score_8,K00619
score_8,K16961
score_8,K01816
score_8,K11050
score_8,K16846
score_8,K07126
score_8,K07037
score_8,K01738
score_8,K00002
score_8,K01613
score_8,K02119
score_8,K16923
score_8,K20257
score_8,K07666
score_8,K16212
score_8,K02664
score_8,K17074
score_8,K02028
score_8,K01436
score_8,K15583
score_8,K16087
score_8,K02291
score_8,K01783
score_8,K08319
score_8,K14982
score_8,K09825
score_8,K18814
score_8,K13280
score_8,K07507
score_8,K02444
score_8,K01628
score_8,K02313
score_8,K01854
score_8,K11180
score_8,K10107
score_8,K00009
score_8,K01284
score_8,K01999
score_8,K18828
score_8,K01449
score_8,K09979
score_8,K09791
score_8,K18118
score_8,K01485
score_8,K09931
score_8,K20488
score_8,K03926
score_8,K02415
score_8,K01561
score_8,K09692
score_8,K03399
score_8,K01849
score_8,K11738
score_8,K03077
score_8,K18890
score_8,K01780
score_8,K01629
score_8,K12072
score_8,K01262
score_8,K07032
score_8,K18285
score_8,K07006
score_8,K01993
score_8,K06205
score_8,K02591
score_8,K09689
score_8,K04014
score_8,K01958
score_8,K09155
score_8,K03738
score_8,K00111
score_8,K05306
score_8,K07787
score_8,K00547
score_8,K01579
score_8,K03564
score_8,K09138
score_8,K23573
score_8,K04750
score_8,K11749
score_8,K07148
score_8,K05396
score_8,K16203
score_8,K00346
score_8,K06909
score_8,K09702
score_8,K03666
score_8,K07719
score_8,K02041
score_8,K04784
score_8,K01839
score_8,K00102
score_8,K20974
score_8,K00603
score_8,K00437
score_8,K17215
score_8,K00046
score_8,K21947
score_8,K01813
score_8,K02075
score_8,K03299
score_8,K04561
score_8,K19956
score_8,K03760
score_8,K08153
score_8,K13587
score_8,K07442
score_8,K06331
score_8,K01439
score_8,K02426
score_8,K02025
score_8,K03405
score_8,K03582
score_8,K00931
score_8,K02574
score_8,K00986
score_8,K10823
score_8,K02554
score_8,K01921
score_8,K13643
score_8,K05801
score_8,K02168
score_8,K11755
score_8,K07406
score_8,K03437
score_8,K02018
score_8,K02182
score_8,K11743
score_8,K17734
score_8,K05352
score_8,K22212
score_8,K01428
score_8,K20814
score_8,K07031
score_8,K01474
score_8,K15580
score_8,K15770
score_8,K06446
score_8,K10819
score_8,K01520
score_8,K02935
score_8,K02420
score_8,K00981
score_8,K00057
score_8,K05366
score_8,K02171
score_8,K19167
score_8,K05988
score_8,K02110
score_8,K22132
score_8,K00604
score_8,K02970
score_8,K19165
score_8,K02440
score_8,K02242
score_8,K01182
score_8,K22723
score_8,K11708
score_8,K13599
score_8,K22044
score_8,K00281
score_8,K02443
score_8,K12240
score_8,K15738
score_8,K02916
score_8,K06608
score_8,K08159
score_8,K21573
score_8,K06610
score_8,K05811
score_8,K17733
score_8,K02483
score_8,K18918
score_8,K09139
score_8,K01224
score_8,K01008
score_8,K11381
score_8,K10547
score_8,K02520
score_8,K03547
score_8,K10012
score_8,K01181
score_8,K01668
score_8,K21467
score_8,K12982
score_8,K06001
score_8,K23398
score_8,K00633
score_8,K03224
score_8,K22373
score_8,K00970
score_8,K05873
score_8,K02968
score_8,K01575
score_8,K00854
score_8,K23259
score_8,K20492
score_8,K16139
score_8,K15975
score_8,K00381
score_8,K02594
score_8,K15581
score_8,K00571
score_8,K05816
score_8,K02390
score_8,K06181
score_8,K04045
score_8,K01758
score_8,K18816
score_8,K02133
score_8,K07309
score_8,K02946
score_8,K06915
score_8,K07321
score_8,K01677
score_8,K03826
score_8,K02525
score_8,K13584
score_8,K00983
score_8,K11071
score_8,K16924
score_8,K14761
score_8,K01834
score_8,K02243
score_8,K10037
score_8,K10682
score_8,K03972
score_8,K00954
score_8,K01308
score_8,K01451
score_8,K01736
score_8,K19508
score_8,K12296
score_8,K01995
score_8,K01265
score_8,K12511
score_8,K03227
score_8,K07705
score_8,K00800
score_8,K21563
score_8,K19309
score_8,K14153
score_8,K02015
score_8,K02005
score_8,K02838
score_8,K19159
score_8,K15773
score_8,K09951
score_8,K00283
score_8,K01270
score_8,K06952
score_8,K19123
score_8,K01657
score_8,K11070
score_8,K00928
score_8,K20342
score_8,K18704
score_8,K20415
score_8,K10213
score_8,K01089
score_8,K21749
score_8,K18893
score_8,K02237
score_8,K20491
score_8,K02004
score_8,K05822
score_8,K06942
score_8,K14205
score_8,K02986
score_8,K08680
score_8,K01915
score_8,K03147
score_8,K16959
score_8,K01727
score_8,K19509
score_8,K17899
score_8,K03799
score_8,K11720
score_8,K18672
score_8,K12295
score_8,K00853
score_8,K22958
score_8,K02598
score_8,K07717
score_8,K02026
score_8,K03652
score_8,K02777
score_8,K14540
score_8,K02073
score_8,K19091
score_8,K06206
score_8,K01486
score_8,K19954
score_8,K04029
score_8,K03624
score_8,K11527
score_8,K06163
score_8,K10697
score_8,K02411
score_8,K02203
score_8,K15974
score_8,K21399
score_8,K07727
score_8,K01580
score_8,K03612
score_8,K00564
score_8,K01235
score_8,K14977
score_8,K12940
score_8,K21903
score_8,K07670
score_8,K03394
score_8,K15876
score_8,K02864
score_8,K18692
score_8,K01953
score_8,K02003
score_8,K02867
score_8,K07318
score_8,K01161
score_8,K01142
score_8,K07004
score_8,K12942
score_8,K19271
score_8,K08151
score_8,K01788
score_8,K04096
score_8,K03706
score_8,K06895
score_8,K12554
score_8,K16960
score_8,K02396
score_8,K13252
score_8,K14058
score_8,K01754
score_8,K17235
score_8,K17331
score_8,K00245
score_8,K06878
score_8,K16014
score_8,K03095
score_8,K02488
score_8,K18675
score_8,K13920
score_8,K03930
score_8,K18829
score_8,K15555
score_8,K19005
score_8,K12999
score_8,K01448
score_8,K07224
score_8,K11614
score_8,K09471
score_8,K01699
score_8,K01778
score_8,K01697
score_8,K06384
score_8,K02663
score_8,K01644
score_8,K11782
score_8,K02437
score_8,K03293
score_8,K02117
score_8,K02109
score_8,K21498
score_8,K13040
score_8,K08167
score_8,K08314
score_8,K02926
score_8,K15584
score_8,K01914
score_8,K06877
score_8,K16148
score_8,K12452
score_8,K11144
score_8,K19955
score_8,K03651
score_8,K07393
score_8,K12660
score_8,K03313
score_8,K01194
score_8,K22457
score_8,K01246
score_8,K01297
score_8,K02240
score_8,K00851
score_8,K01227
score_8,K13038
score_8,K05685
score_8,K07133
score_8,K00858
score_8,K01710
score_8,K01654
score_8,K09117
score_8,K02074
score_8,K11617
score_8,K04565
score_8,K22606
score_8,K12997
score_8,K19429
score_8,K02428
score_8,K17836
score_8,K15586
score_8,K13571
score_8,K01858
score_8,K16301
score_8,K02348
score_8,K15778
score_8,K11068
score_8,K02000
score_8,K19125
score_8,K03274
score_8,K01709
score_8,K01916
score_8,K02120
score_8,K08281
score_8,K00784
score_8,K12661
score_8,K13640
score_8,K12733
score_8,K17947
score_8,K01104
score_8,K00772
score_8,K01273
score_8,K01755
score_8,K02035
score_8,K13787
score_8,K10986
score_8,K02601
score_8,K23518
score_8,K02232
score_8,K03932
score_8,K02103
score_8,K02902
score_8,K06904
score_8,K11537
score_8,K13932
score_8,K00330
score_8,K02652
score_8,K03471
score_8,K02666
score_8,K08372
score_8,K19803
score_8,K04516
score_8,K16651
score_8,K14445
score_8,K06193
score_8,K23270
score_8,K11934
score_8,K18348
score_8,K19168
score_8,K19124
score_8,K01815
score_8,K02124
score_8,K03834
score_8,K02049
score_8,K00030
score_8,K15921
score_8,K23257
score_8,K14379
score_8,K01844
score_8,K01355
score_8,K00198
score_8,K08999
score_8,K03473
score_8,K00681
score_8,K18345
score_8,K09973
score_8,K02099
score_8,K01590
score_8,K07017
score_8,K01791
score_8,K01026
score_8,K03444
score_8,K02815
score_8,K03544
score_8,K06284
score_8,K18197
score_8,K03196
score_8,K22432
score_8,K00697
score_8,K21556
score_8,K02528
score_8,K20037
score_8,K04026
score_8,K01841
score_8,K03558
score_8,K23182
score_8,K15899
score_8,K21557
score_8,K03534
score_8,K15524
score_8,K18891
score_8,K11927
score_8,K02687
score_8,K01678
score_8,K02316
score_8,K00647
score_8,K22906
score_8,K01304
score_8,K01599
score_8,K12373
score_8,K01885
score_8,K18012
score_8,K13049
score_8,K03367
score_8,K02824
score_8,K15855
score_8,K21567
score_8,K17241
score_8,K07304
score_8,K06391
score_8,K01612
score_8,K17246
score_8,K01635
score_8,K17245
score_8,K22441
score_8,K03833
score_8,K11102
score_8,K11618
score_8,K02118
score_8,K12410
score_8,K18830
score_8,K01201
score_8,K00158
score_8,K03752
score_8,K00616
score_8,K22901
score_8,K01652
score_8,K03813
score_8,K02058
score_8,K11784
score_8,K01784
score_8,K17758
score_8,K05823
score_8,K02453
score_8,K11921
score_8,K19090
score_8,K06872
score_8,K03297
score_8,K03476
score_8,K10563
score_8,K10985
score_8,K03191
score_8,K10441
score_8,K17242
score_8,K00130
score_8,K19422
score_8,K08309
score_8,K22900
score_8,K17735
score_8,K02858
score_8,K21395
score_8,K02992
score_8,K01232
score_8,K13497
score_8,K19972
score_8,K17759
score_8,K01802
score_8,K14731
score_8,K05846
score_8,K02108
score_8,K01708
score_8,K00997
score_8,K15527
score_8,K22103
score_8,K04076
score_8,K02413
score_8,K01711
score_8,K02014
score_8,K03491
score_8,K02416
score_8,K04844
score_8,K15023
score_8,K01880
score_8,K21572
score_8,K03276
score_8,K10710
score_8,K07266
score_8,K00558
score_8,K07016
score_8,K00709
score_8,K14654
score_8,K02217
score_8,K06117
score_8,K02172
score_8,K20859
score_8,K03578
score_8,K10974
score_8,K07139
score_8,K04092
score_8,K03818
score_8,K01286
score_8,K16957
score_8,K03289
score_8,K00817
score_8,K12541
score_8,K02346
score_8,K07243
score_8,K01734
score_8,K12527
score_8,K09809
score_8,K02032
score_8,K03628
score_8,K11206
score_8,K02248
score_8,K19046
score_8,K07483
score_8,K10805
score_8,K22902
score_8,K09922
score_8,K00973
score_8,K06920
score_8,K03517
score_8,K07313
score_8,K00324
score_8,K01759
score_8,K12251
score_8,K23245
score_8,K06297
score_8,K00174
score_8,K02115
score_8,K01919
score_8,K18707
score_8,K00230
score_8,K07649
score_8,K01077
score_8,K07668
score_8,K21961
score_8,K04062
score_8,K23231
score_8,K17195
score_8,K03711
score_8,K01746
score_8,K19689
score_8,K18008
score_8,K02246
score_8,K15371
score_8,K00128
score_8,K01630
score_8,K03722
score_8,K02841
score_8,K10678
score_8,K13891
score_8,K18011
score_8,K01531
score_8,K21750
score_8,K02427
score_8,K20904
score_8,K07115
score_8,K05593
score_8,K00134
score_8,K22699
score_8,K18237
score_8,K01534
score_8,K00091
score_8,K07221
score_8,K21993
score_8,K01661
score_8,K01674
score_8,K17723
score_8,K19299
score_8,K05796
score_8,K12267
score_8,K01252
score_8,K02573
score_8,K00194
score_8,K07130
score_8,K02195
score_8,K13735
score_8,K10939
score_8,K02550
score_8,K09972
score_8,K06906
score_8,K01042
score_8,K14194
score_8,K01643
score_8,K01996
score_8,K01494
score_8,K01733
score_8,K04754
score_8,K02904
score_8,K09769
score_8,K00860
score_8,K09805
score_8,K22278
score_8,K02773
score_8,K00760
score_8,K00850
score_8,K13950
score_8,K15051
score_8,K01693
score_8,K03093
score_8,K01274
score_8,K02770
score_8,K20113
score_8,K22010
score_8,K19506
score_8,K01639
score_8,K11960
score_8,K00891
score_8,K03743
score_8,K19225
score_8,K11744
score_8,K00868
score_8,K03270
score_8,K03577
score_8,K03199
score_8,K06158
score_8,K08093
score_8,K07516
score_8,K03110
score_8,K03762
score_8,K19267
score_8,K02704
score_8,K08965
score_8,K12574
score_8,K03647
score_8,K15372
score_8,K03332
score_8,K11939
score_8,K02876
score_8,K02002
score_8,K09928
score_8,K19075
score_8,K02572
score_8,K09005
score_8,K02671
score_8,K09765
score_8,K07010
score_8,K05967
score_8,K01155
score_8,K13893
score_8,K12542
score_8,K01601
score_8,K10831
score_8,K02022
score_8,K02823
score_8,K02806
score_8,K03744
score_8,K02429
score_8,K02769
score_8,K08323
score_8,K11936
score_8,K07783
score_8,K06019
score_8,K07788
score_8,K00376
score_8,K15828
score_8,K05839
score_8,K08365
score_8,K01875
score_8,K13636
score_8,K09116
score_8,K03831
score_8,K11645
score_8,K02221
score_8,K09158
score_8,K02570
score_8,K00001
score_8,K00014
score_8,K00068
score_8,K00108
score_8,K00121
score_8,K00124
score_8,K00133
score_8,K00183
score_8,K00196
score_8,K00216
score_8,K00219
score_8,K00246
score_8,K00303
score_8,K00335
score_8,K00348
score_8,K00350
score_8,K00368
score_8,K00382
score_8,K00383
score_8,K00389
score_8,K00428
score_8,K00520
score_8,K00533
score_8,K00574
score_8,K00634
score_8,K00645
score_8,K00651
score_8,K00674
score_8,K00783
score_8,K00788
score_8,K00794
score_8,K00832
score_8,K00835
score_8,K00844
score_8,K00865
score_8,K00873
score_8,K00876
score_8,K00879
score_8,K00881
score_8,K00883
score_8,K00884
score_8,K00937
score_8,K00942
score_8,K00955
score_8,K00958
score_8,K00989
score_8,K00990
score_8,K01002
score_8,K01007
score_8,K01023
score_8,K01048
score_8,K01051
score_8,K01071
score_8,K01095
score_8,K01101
score_8,K01118
score_8,K01129
score_8,K01133
score_8,K01144
score_8,K01183
score_8,K01186
score_8,K01205
score_8,K01222
score_8,K01241
score_8,K01271
score_8,K01372
score_8,K01409
score_8,K01414
score_8,K01426
score_8,K01438
score_8,K01442
score_8,K01447
score_8,K01460
score_8,K01462
score_8,K01467
score_8,K01468
score_8,K01470
score_8,K01482
score_8,K01487
score_8,K01489
score_8,K01512
score_8,K01515
score_8,K01567
score_8,K01582
score_8,K01595
score_8,K01596
score_8,K01598
score_8,K01608
score_8,K01615
score_8,K01620
score_8,K01627
score_8,K01637
score_8,K01664
score_8,K01667
score_8,K01681
score_8,K01682
score_8,K01692
score_8,K01704
score_8,K01713
score_8,K01714
score_8,K01744
score_8,K01752
score_8,K01753
score_8,K01772
score_8,K01776
score_8,K01790
score_8,K01792
score_8,K01810
score_8,K01811
score_8,K01847
score_8,K01848
score_8,K01867
score_8,K01874
score_8,K01876
score_8,K01887
score_8,K01897
score_8,K01906
score_8,K01912
score_8,K01918
score_8,K01924
score_8,K01951
score_8,K02007
score_8,K02013
score_8,K02016
score_8,K02027
score_8,K02030
score_8,K02031
score_8,K02069
score_8,K02071
score_8,K02080
score_8,K02081
score_8,K02083
score_8,K02107
score_8,K02113
score_8,K02116
score_8,K02122
score_8,K02173
score_8,K02194
score_8,K02297
score_8,K02334
score_8,K02335
score_8,K02356
score_8,K02357
score_8,K02364
score_8,K02377
score_8,K02385
score_8,K02388
score_8,K02392
score_8,K02403
score_8,K02412
score_8,K02436
score_8,K02445
score_8,K02446
score_8,K02452
score_8,K02456
score_8,K02458
score_8,K02459
score_8,K02468
score_8,K02472
score_8,K02484
score_8,K02495
score_8,K02498
score_8,K02502
score_8,K02503
score_8,K02518
score_8,K02519
score_8,K02529
score_8,K02530
score_8,K02532
score_8,K02535
score_8,K02536
score_8,K02558
score_8,K02566
score_8,K02567
score_8,K02588
score_8,K02611
score_8,K02616
score_8,K02626
score_8,K02650
score_8,K02654
score_8,K02662
score_8,K02669
score_8,K02680
score_8,K02689
score_8,K02759
score_8,K02760
score_8,K02774
score_8,K02775
score_8,K02783
score_8,K02813
score_8,K02814
score_8,K02821
score_8,K02835
score_8,K02847
score_8,K02851
score_8,K02860
score_8,K02879
score_8,K02881
score_8,K02884
score_8,K02892
score_8,K02899
score_8,K02914
score_8,K02931
score_8,K02948
score_8,K02954
score_8,K02956
score_8,K02959
score_8,K02963
score_8,K02965
score_8,K02967
score_8,K02982
score_8,K03089
score_8,K03148
score_8,K03154
score_8,K03177
score_8,K03269
score_8,K03275
score_8,K03290
score_8,K03294
score_8,K03296
score_8,K03303
score_8,K03312
score_8,K03326
score_8,K03327
score_8,K03336
score_8,K03338
score_8,K03385
score_8,K03408
score_8,K03414
score_8,K03426
score_8,K03462
score_8,K03533
score_8,K03543
score_8,K03545
score_8,K03546
score_8,K03549
score_8,K03580
score_8,K03585
score_8,K03586
score_8,K03592
score_8,K03599
score_8,K03611
score_8,K03615
score_8,K03620
score_8,K03625
score_8,K03644
score_8,K03657
score_8,K03672
score_8,K03687
score_8,K03694
score_8,K03695
score_8,K03745
score_8,K03790
score_8,K03810
score_8,K03812
score_8,K03823
score_8,K03928
score_8,K03929
score_8,K03931
score_8,K03971
score_8,K03980
score_8,K03981
score_8,K04015
score_8,K04078
score_8,K04652
score_8,K04653
score_8,K04654
score_8,K04744
score_8,K05275
score_8,K05340
score_8,K05499
score_8,K05517
score_8,K05522
score_8,K05523
score_8,K05541
score_8,K05570
score_8,K05601
score_8,K05773
score_8,K05786
score_8,K05800
score_8,K05845
score_8,K05876
score_8,K05939
score_8,K06073
score_8,K06141
score_8,K06146
score_8,K06155
score_8,K06188
score_8,K06190
score_8,K06287
score_8,K06317
score_8,K06518
score_8,K06603
score_8,K06605
score_8,K06867
score_8,K06889
score_8,K06903
score_8,K06925
score_8,K06978
score_8,K06994
score_8,K07009
score_8,K07048
score_8,K07052
score_8,K07096
score_8,K07102
score_8,K07120
score_8,K07146
score_8,K07151
score_8,K07153
score_8,K07156
score_8,K07160
score_8,K07186
score_8,K07213
score_8,K07248
score_8,K07262
score_8,K07271
score_8,K07310
score_8,K07347
score_8,K07350
score_8,K07454
score_8,K07467
score_8,K07486
score_8,K07493
score_8,K07495
score_8,K07496
score_8,K07503
score_8,K07559
score_8,K07637
score_8,K07674
score_8,K07701
score_8,K07703
score_8,K07755
score_8,K07789
score_8,K07812
score_8,K08169
score_8,K08219
score_8,K08222
score_8,K08276
score_8,K08305
score_8,K08308
score_8,K08349
score_8,K08352
score_8,K08369
score_8,K08602
score_8,K08724
score_8,K08961
score_8,K08970
score_8,K09004
score_8,K09159
score_8,K09251
score_8,K09472
score_8,K09474
score_8,K09710
score_8,K09729
score_8,K09748
score_8,K09767
score_8,K09774
score_8,K09798
score_8,K09799
score_8,K09800
score_8,K09801
score_8,K09816
score_8,K09817
score_8,K09858
score_8,K09888
score_8,K09893
score_8,K09900
score_8,K09918
score_8,K09925
score_8,K09933
score_8,K09936
score_8,K09946
score_8,K09952
score_8,K09970
score_8,K09975
score_8,K10004
score_8,K10006
score_8,K10013
score_8,K10014
score_8,K10038
score_8,K10121
score_8,K10439
score_8,K10551
score_8,K10747
score_8,K10773
score_8,K10793
score_8,K10794
score_8,K10806
score_8,K10824
score_8,K10830
score_8,K10947
score_8,K11069
score_8,K11085
score_8,K11103
score_8,K11105
score_8,K11184
score_8,K11216
score_8,K11249
score_8,K11263
score_8,K11358
score_8,K11392
score_8,K11473
score_8,K11694
score_8,K11719
score_8,K11735
score_8,K11737
score_8,K11740
score_8,K11742
score_8,K11752
score_8,K11891
score_8,K11903
score_8,K11904
score_8,K11940
score_8,K11959
score_8,K12060
score_8,K12064
score_8,K12132
score_8,K12149
score_8,K12262
score_8,K12269
score_8,K12294
score_8,K12308
score_8,K12340
score_8,K12371
score_8,K12510
score_8,K12516
score_8,K12519
score_8,K12524
score_8,K12543
score_8,K12700
score_8,K12941
score_8,K12944
score_8,K13002
score_8,K13004
score_8,K13018
score_8,K13059
score_8,K13292
score_8,K13527
score_8,K13566
score_8,K13573
score_8,K13581
score_8,K13626
score_8,K13629
score_8,K13634
score_8,K13635
score_8,K13677
score_8,K13683
score_8,K13747
score_8,K13789
score_8,K13889
score_8,K13890
score_8,K13892
score_8,K13896
score_8,K13940
score_8,K13954
score_8,K14061
score_8,K14138
score_8,K14201
score_8,K14274
score_8,K14392
score_8,K14441
score_8,K14534
score_8,K15034
score_8,K15534
score_8,K15539
score_8,K15587
score_8,K15600
score_8,K15635
score_8,K15777
score_8,K15832
score_8,K15834
score_8,K15873
score_8,K15894
score_8,K15923
score_8,K15984
score_8,K15986
score_8,K16013
score_8,K16234
score_8,K16321
score_8,K16370
score_8,K16509
score_8,K16511
score_8,K16710
score_8,K16711
score_8,K16787
score_8,K16868
score_8,K16899
score_8,K16927
score_8,K16937
score_8,K16958
score_8,K17077
score_8,K17675
score_8,K17883
score_8,K18123
score_8,K18148
score_8,K18320
score_8,K18369
score_8,K18446
score_8,K18581
score_8,K18817
score_8,K18892
score_8,K18907
score_8,K18919
score_8,K18954
score_8,K18968
score_8,K19055
score_8,K19137
score_8,K19138
score_8,K19157
score_8,K19226
score_8,K19231
score_8,K19338
score_8,K19350
score_8,K19353
score_8,K19411
score_8,K19419
score_8,K19425
score_8,K19504
score_8,K19507
score_8,K19709
score_8,K19775
score_8,K19971
score_8,K20114
score_8,K20460
score_8,K20461
score_8,K20483
score_8,K20490
score_8,K20542
score_8,K20627
score_8,K21021
score_8,K21028
score_8,K21397
score_8,K21430
score_8,K21449
score_8,K21463
score_8,K21465
score_8,K21470
score_8,K21575
score_8,K21966
score_8,K22024
score_8,K22339
score_8,K22757
score_8,K23005
score_8,K23060
score_8,K23181
score_8,K23349
score_9,K17398
score_9,K23547
score_9,K01607
score_9,K09469
score_9,K10241
score_9,K02744
score_9,K21948
score_9,K22424
score_9,K02510
score_9,K21417
score_9,K16248
score_9,K01725
score_9,K16951
score_9,K03650
score_9,K09924
score_9,K23393
score_9,K21578
score_9,K01524
score_9,K22605
score_9,K00567
score_9,K05979
score_9,K09760
score_9,K01040
score_9,K11741
score_9,K07552
score_9,K13016
score_9,K21023
score_9,K18344
score_9,K22607
score_9,K03602
score_9,K22405
score_9,K19545
score_9,K08722
score_9,K03324
score_9,K18979
score_9,K09859
score_9,K02517
score_9,K18866
score_9,K06120
score_9,K01560
score_9,K01910
score_9,K04835
score_9,K11733
score_9,K23189
score_9,K07149
score_9,K18119
score_9,K02474
score_9,K17716
score_9,K17204
score_9,K00863
score_9,K01430
score_9,K19428
score_9,K20276
score_9,K01046
score_9,K21576
score_9,K18331
score_9,K18889
score_9,K06153
score_9,K23351
score_9,K03087
score_9,K03111
score_9,K10560
score_9,K17318
score_9,K23536
score_9,K10708
score_9,K08963
score_9,K19540
score_9,K19405
score_9,K06013
score_9,K02531
score_9,K03841
score_9,K15552
score_9,K22736
score_9,K06015
score_9,K01299
score_9,K14048
score_9,K15515
score_9,K20344
score_9,K07089
score_9,K13653
score_9,K21579
score_9,K07337
score_9,K22522
score_9,K17319
score_9,K02039
score_9,K16881
score_9,K20345
score_9,K06997
score_9,K15924
score_9,K15922
score_9,K19134
score_9,K01925
score_9,K07306
score_9,K02434
score_9,K09764
score_9,K00254
score_9,K01903
score_9,K00113
score_9,K21400
score_9,K00560
score_9,K01261
score_9,K16907
score_9,K02197
score_9,K07460
score_9,K01939
score_9,K02055
score_9,K03503
score_9,K03803
score_9,K01972
score_9,K21416
score_9,K11104
score_9,K07319
score_9,K22129
score_9,K18427
score_9,K21571
score_9,K04047
score_9,K00364
score_9,K10556
score_9,K13542
score_9,K07025
score_9,K01902
score_9,K17320
score_9,K07341
score_9,K19114
score_9,K19286
score_9,K09014
score_9,K10559
score_9,K03969
score_9,K00459
score_9,K19505
score_9,K01226
score_9,K06926
score_9,K01473
score_9,K03665
score_9,K23535
score_9,K13012
score_9,K12059
score_9,K01735
score_9,K19171
score_9,K03975
score_9,K18231
score_9,K01835
score_9,K02933
score_9,K03781
score_9,K14652
score_9,K01779
score_9,K09812
score_9,K08299
score_9,K05808
score_9,K07132
score_9,K08282
score_9,K00819
score_9,K07455
score_9,K00661
score_9,K01151
score_9,K01817
score_9,K01547
score_9,K21147
score_9,K19242
score_9,K16784
score_9,K15871
score_9,K07005
score_9,K07704
score_9,K01281
score_9,K07474
score_9,K06950
score_9,K13075
score_9,K00768
score_9,K09131
score_9,K23148
score_9,K08094
score_9,K01883
score_9,K03190
score_9,K07505
score_9,K13921
score_9,K23546
score_9,K01695
score_9,K12293
score_9,K14188
score_9,K15582
score_9,K05851
score_9,K02793
score_9,K08364
score_9,K00886
score_9,K00287
score_9,K13671
score_9,K02526
score_9,K01886
score_9,K01623
score_9,K01890
score_9,K02040
score_9,K02226
score_9,K16328
score_9,K11529
score_9,K16874
score_9,K03187
score_9,K18910
score_9,K00712
score_9,K19092
score_9,K01665
score_9,K15460
score_9,K15977
score_9,K22227
score_9,K21063
score_9,K19421
score_9,K06879
score_9,K00171
score_9,K00371
score_9,K09118
score_9,K18332
score_9,K06199
score_9,K21759
score_9,K09861
score_9,K03769
score_9,K03230
score_9,K07192
score_9,K17828
score_9,K01479
score_9,K01198
score_9,K03664
score_9,K19118
score_9,K21583
score_9,K01715
score_9,K02009
score_9,K10120
score_9,K03565
score_9,K02852
score_9,K01646
score_9,K03116
score_9,K02372
score_9,K03601
score_9,K02768
score_9,K01934
score_9,K00809
score_9,K01056
score_9,K16147
score_9,K18330
score_9,K00831
score_9,K23004
score_9,K18346
score_9,K02395
score_9,K15669
score_9,K00112
score_9,K07659
score_9,K06956
score_9,K05795
score_9,K01750
score_9,K03522
score_9,K09940
score_9,K00826
score_9,K02121
score_9,K13019
score_9,K03605
score_9,K10231
score_9,K00372
score_9,K03800
score_9,K17103
score_9,K02906
score_9,K01501
score_9,K00526
score_9,K01760
score_9,K17837
score_9,K02424
score_9,K03072
score_9,K01546
score_9,K02454
score_9,K02557
score_9,K17465
score_9,K00150
score_9,K22300
score_9,K16906
score_9,K07443
score_9,K22431
score_9,K06020
score_9,K21577
score_9,K11041
score_9,K10979
score_9,K03748
score_9,K18221
score_9,K02548
score_9,K15599
score_9,K01507
score_9,K09961
score_9,K00598
score_9,K02011
score_9,K07173
score_9,K16149
score_9,K19424
score_9,K23059
score_9,K09705
score_9,K19158
score_9,K18302
score_9,K13919
score_9,K01173
score_9,K19048
score_9,K17818
score_9,K18955
score_9,K19115
score_9,K02188
score_9,K02340
score_9,K16905
score_9,K11203
score_9,K13931
score_9,K09793
score_9,K02337
score_9,K01523
score_9,K01611
score_9,K14665
score_9,K03074
score_9,K03828
score_9,K14155
score_9,K07485
score_9,K03727
score_9,K01932
score_9,K03596
score_9,K01997
score_9,K04940
score_9,K07571
score_9,K09989
score_9,K11175
score_9,K01739
score_9,K07746
score_9,K00433
score_9,K18926
score_9,K21672
score_9,K22319
score_9,K03742
score_9,K03667
score_9,K20866
score_9,K07246
score_9,K00325
score_9,K01818
score_9,K00632
score_9,K02342
score_9,K01653
score_9,K11145
score_9,K00688
score_9,K22293
score_9,K03589
score_9,K01034
score_9,K01586
score_9,K10709
score_9,K02552
score_9,K03709
score_9,K11202
score_9,K06928
score_9,K03325
score_9,K00848
score_9,K07657
score_9,K00156
score_9,K08978
score_9,K03219
score_9,K01989
score_9,K01597
score_9,K19334
score_9,K10005
score_9,K01952
score_9,K20444
score_9,K14983
score_9,K02245
score_9,K19117
score_9,K18216
score_9,K01208
score_9,K20534
score_9,K07084
score_9,K15870
score_9,K05346
score_9,K17865
score_9,K00054
score_9,K19049
score_9,K05524
score_9,K22933
score_9,K01361
score_9,K21898
score_9,K00053
score_9,K06218
score_9,K22927
score_9,K01761
score_9,K17243
score_9,K01703
score_9,K01480
score_9,K03073
score_9,K13628
score_9,K01609
score_9,K02499
score_9,K02112
score_9,K21064
score_9,K00641
score_9,K17466
score_9,K17686
score_9,K14083
score_9,K02839
score_9,K23123
score_9,K21279
score_9,K20489
score_9,K00012
score_9,K10008
score_9,K02106
score_9,K21055
score_9,K11312
score_9,K19355
score_9,K08981
score_9,K22130
score_9,K08302
score_9,K05367
score_9,K02408
score_9,K15725
score_9,K14623
score_9,K07075
score_9,K01893
score_9,K02834
score_9,K07053
score_9,K02054
score_9,K03043
score_9,K03519
score_9,K02994
score_9,K17076
score_9,K02072
score_9,K01771
score_9,K10561
score_9,K03366
score_9,K20038
score_9,K05770
score_9,K01892
score_9,K02614
score_9,K11261
score_9,K01081
score_9,K06996
score_9,K00100
score_9,K02401
score_9,K01729
score_9,K07029
score_9,K05946
score_9,K02379
score_9,K07798
score_9,K02338
score_9,K17108
score_9,K02939
score_9,K03337
score_9,K23508
score_9,K03215
score_9,K01305
score_9,K02747
score_9,K00561
score_9,K13281
score_9,K21828
score_9,K00939
score_9,K06281
score_9,K19147
score_9,K01706
score_9,K00342
score_9,K02233
score_9,K19302
score_9,K02746
score_9,K01666
score_9,K05838
score_9,K07638
score_9,K00991
score_9,K07101
score_9,K02404
score_9,K08986
score_9,K01698
score_9,K04567
score_9,K01998
score_9,K00836
score_9,K16926
score_9,K19701
score_9,K02236
score_9,K21405
score_9,K06282
score_9,K20452
score_9,K02052
score_9,K22226
score_9,K04518
score_9,K01139
score_9,K02006
score_9,K01971
score_9,K01814
score_9,K13829
score_9,K07078
score_9,K00123
score_9,K03481
score_9,K01153
score_9,K20487
score_9,K02020
score_9,K03101
score_9,K18785
score_9,K21030
score_9,K09137
score_9,K15531
score_9,K01641
score_9,K06203
score_9,K06333
score_9,K00869
score_9,K02082
score_9,K01751
score_9,K02589
score_9,K02961
score_9,K02473
score_9,K21636
score_9,K04069
score_9,K00549
score_9,K07082
score_9,K01640
score_9,K00874
score_9,K00962
score_9,K02414
score_9,K02358
score_9,K03088
score_9,K06999
score_9,K05351
score_9,K02825
score_9,K09807
score_9,K00261
score_9,K17467
score_9,K16698
score_9,K14170
score_9,K02044
score_9,K11991
score_9,K21473
score_9,K07506
score_9,K01658
score_9,K11924
score_9,K16963
score_9,K07768
score_9,K13922
score_9,K16371
score_9,K01493
score_9,K18471
score_9,K18013
score_9,K16169
score_9,K12206
score_9,K14988
score_9,K02794
score_9,K00275
score_9,K00798
score_9,K03429
score_9,K13818
score_9,K05810
score_9,K03925
score_9,K06211
score_9,K02343
score_9,K03569
score_9,K01756
score_9,K06908
score_9,K02836
score_9,K01889
score_9,K02034
score_9,K04077
score_9,K19002
score_9,K03098
score_9,K01770
score_9,K03641
score_9,K12998
score_9,K03424
score_9,K12292
score_9,K01150
score_9,K05569
score_9,K10530
score_9,K03048
score_9,K04767
score_9,K22579
score_9,K02786
score_9,K06881
score_9,K05772
score_9,K02029
score_9,K02492
score_9,K09761
score_9,K03060
score_9,K05791
score_9,K02455
score_9,K23303
score_9,K01573
score_9,K02304
score_9,K02837
score_9,K01846
score_9,K16898
score_9,K12058
score_9,K19116
score_9,K05825
score_9,K07722
score_9,K12506
score_9,K04061
score_9,K16788
score_9,K07014
score_9,K23149
score_9,K01006
score_9,K17363
score_9,K00663
score_9,K15533
score_9,K20976
score_9,K01869
score_9,K20073
score_9,K18831
score_9,K02190
score_9,K18887
score_9,K22230
score_9,K13927
score_9,K01962
score_9,K00209
score_9,K16213
score_9,K07257
score_9,K12066
score_9,K02874
score_9,K00691
score_9,K03708
score_9,K02053
score_9,K11753
score_9,K01251
score_9,K01358
score_9,K17992
score_9,K15724
score_9,K02274
score_9,K07071
score_9,K03226
score_9,K03179
score_9,K16785
score_9,K02111
score_9,K01730
score_9,K06975
score_9,K18986
score_9,K07445
score_9,K12141
score_9,K12270
score_9,K00031
score_9,K10558
score_9,K21011
score_9,K02990
score_9,K19166
score_9,K07307
score_9,K08969
score_9,K21065
score_9,K13668
score_9,K01092
score_9,K02500
score_9,K09967
score_9,K12556
score_9,K02619
score_9,K02389
score_9,K19126
score_9,K18220
score_9,K01210
score_9,K03976
score_9,K08972
score_9,K09009
score_9,K02409
score_9,K19140
score_9,K01857
score_9,K01420
score_9,K04720
score_9,K12555
score_9,K23003
score_9,K06894
score_9,K15342
score_9,K01845
score_9,K20511
score_9,K04031
score_9,K00355
score_9,K22213
score_9,K03492
score_9,K17898
score_9,K11533
score_9,K02068
score_9,K02563
score_9,K03820
score_9,K18217
score_9,K02017
score_9,K17910
score_9,K01476
score_9,K01499
score_9,K07308
score_9,K09923
score_9,K19997
score_9,K00048
score_9,K01091
score_9,K09935
score_9,K10914
score_9,K01990
score_9,K02988
score_9,K03699
score_9,K01214
score_9,K06223
score_9,K01154
score_9,K02433
score_9,K01843
score_9,K00313
score_9,K12990
score_9,K07056
score_9,K02050
score_9,K15633
score_9,K12339
score_9,K09789
score_9,K02745
score_9,K13953
score_9,K02585
score_9,K01905
score_9,K12213
score_9,K00969
score_9,K01548
score_9,K01879
score_9,K00239
score_9,K01035
score_9,K01295
score_9,K00758
score_9,K03646
score_9,K05989
score_9,K14415
score_9,K03719
score_9,K21471
score_9,K07776
score_9,K00806
score_9,K22468
score_9,K01610
score_9,K07484
score_9,K00073
score_9,K01872
score_9,K16850
score_9,K06320
score_9,K06897
score_9,K01195
score_9,K12297
score_9,K07217
score_9,K01216
score_9,K10007
score_9,K11646
score_9,K11534
score_9,K06962
score_9,K09820
score_9,K16950
score_9,K04772
score_9,K01647
score_9,K10548
score_9,K13015
score_9,K16214
score_9,K03272
score_9,K18856
score_9,K12268
score_9,K19294
score_9,K20112
score_9,K16209
score_9,K05349
score_9,K07343
score_9,K03188
score_9,K08311
score_9,K07214
score_9,K02911
score_9,K00170
score_9,K12685
score_9,K02564
score_9,K21394
score_9,K00926
score_9,K14088
score_9,K01807
score_9,K04028
score_9,K01247
score_9,K21140
score_9,K02086
score_9,K00824
score_9,K02863
score_9,K05342
score_9,K18206
score_9,K10716
score_9,K03271
score_9,K01218
score_9,K17624
score_9,K00936
score_9,K09696
score_9,K01821
score_9,K04751
score_9,K16264
score_9,K01338
score_9,K20480
score_9,K03521
score_9,K19310
score_9,K16238
score_9,K01941
score_9,K20885
score_9,K07451
score_9,K03734
score_9,K02238
score_9,K21345
score_9,K18234
score_9,K01804
score_9,K02302
score_9,K02523
score_9,K16435
score_9,K13327
score_9,K07051
score_9,K09988
score_9,K21012
score_9,K02907
score_9,K12995
score_9,K04562
score_9,K09703
score_9,K07800
score_9,K07054
score_9,K00613
score_9,K07278
score_9,K03736
score_9,K07074
score_9,K21613
score_9,K02843
score_9,K00950
score_9,K04019
score_9,K12209
score_9,K09819
score_9,K01633
score_9,K23107
score_9,K03584
score_9,K15727
score_9,K03977
score_9,K01478
score_9,K19068
score_9,K02590
score_9,K08717
score_9,K02435
score_9,K07316
score_9,K19285
score_9,K22477
score_9,K12203
score_9,K01488
score_9,K23163
score_9,K02067
score_9,K00184
score_9,K18214
score_9,K04090
score_9,K10778
score_9,K01322
score_9,K11004
score_9,K15772
score_9,K01687
score_9,K00656
score_9,K02078
score_9,K01945
score_9,K09803
score_9,K00880
score_9,K21472
score_9,K21132
score_9,K22994
score_9,K18139
score_9,K06182
score_9,K03490
score_9,K17810
score_9,K00927
score_9,K06907
score_9,K09949
score_9,K01621
score_9,K11031
score_9,K01354
score_9,K07315
score_9,K00773
score_9,K16091
score_9,K04761
score_9,K07270
score_9,K03531
score_9,K03735
score_9,K09770
score_9,K07118
score_9,K18930
score_9,K06191
score_9,K07458
score_9,K00390
score_9,K00720
score_9,K01991
score_9,K21900
score_9,K13652
score_9,K01126
score_9,K00362
score_9,K14086
score_9,K07735
score_9,K02586
score_9,K01933
score_9,K01191
score_9,K06217
score_9,K05589
score_9,K07069
score_9,K22396
score_9,K12217
score_9,K23301
score_9,K01179
score_9,K16786
score_9,K03606
score_9,K04013
score_9,K00045
score_9,K18334
score_9,K02477
score_9,K15771
score_9,K16052
score_9,K01868
score_9,K00658
score_9,K06891
score_9,K11928
score_9,K00803
score_9,K15726
score_9,K02077
score_9,K01466
score_9,K01937
score_9,K00338
score_9,K05566
score_9,K00759
score_9,K06201
score_9,K15554
score_9,K07165
score_9,K00957
score_9,K13694
score_9,K05794
score_9,K03106
score_9,K06990
score_9,K10036
score_9,K16650
score_9,K02042
score_9,K13277
score_9,K15915
score_9,K09136
score_9,K01838
score_9,K13611
score_9,K01060
score_9,K02193
score_9,K11329
score_9,K00655
score_9,K02761
score_9,K01457
score_9,K11707
score_9,K03724
score_9,K07239
score_9,K09684
score_9,K07404
score_9,K06402
score_9,K01679
score_9,K01873
score_9,K00197
score_9,K01589
score_9,K00341
score_9,K00145
score_9,K11751
score_9,K03552
score_9,K17234
score_9,K20903
score_9,K03186
score_9,K18474
score_9,K04044
score_9,K21936
score_9,K07112
score_9,K09007
score_9,K01185
score_9,K04095
score_9,K20450
score_9,K05780
score_9,K03411
score_9,K01768
score_9,K04075
score_9,K07712
score_9,K13525
score_9,K02493
score_9,K02012
score_9,K05567
score_9,K12960
score_9,K02501
score_9,K15553
score_9,K01777
score_9,K11072
score_9,K07457
score_9,K01929
score_9,K01551
score_9,K00077
score_9,K20626
score_9,K03273
score_9,K01069
score_9,K01039
score_9,K00441
score_9,K02569
score_9,K07098
score_9,K12214
score_9,K21814
score_9,K02400
score_9,K22116
score_9,K12138
score_9,K00657
score_9,K14414
score_9,K19172
score_9,K19789
score_9,K00370
score_9,K08168
score_9,K15898
score_9,K11710
score_9,K04764
score_9,K03470
score_9,K03446
score_9,K12065
score_9,K17213
score_9,K02019
score_9,K22430
score_9,K00694
score_9,K18122
score_9,K01114
score_9,K23541
score_9,K12992
score_9,K12137
score_9,K23170
score_9,K19427
score_9,K09969
score_9,K01193
score_9,K10907
score_9,K03772
score_9,K19139
score_9,K11181
score_9,K22232
score_9,K09167
score_9,K18349
score_9,K13788
score_9,K11709
score_9,K18475
score_9,K00135
score_9,K01950
score_9,K09144
score_9,K02051
score_9,K09001
score_9,K06941
score_9,K23169
score_9,K16925
score_9,K19883
score_9,K00373
score_9,K06166
score_9,K03756
score_9,K01581
score_9,K20484
score_9,K03704
score_9,K01058
score_9,K01728
score_9,K18350
score_9,K03182
score_9,K03090
score_9,K02688
score_9,K07357
score_9,K01625
score_9,K02533
score_9,K01812
score_9,K11785
score_9,K06221
score_9,K07813
score_9,K02224
score_9,K01809
score_9,K00042
score_9,K02397
score_9,K03409
score_9,K11606
score_9,K06929
score_9,K22349
score_9,K03830
score_9,K16885
score_9,K16235
score_9,K01938
score_9,K14091
score_9,K02045
score_9,K02784
score_9,K03638
score_9,K17236
score_9,K11615
score_9,K01737
score_9,K07491
score_9,K01429
score_9,K04783
score_9,K03390
score_9,K06859
score_9,K23352
score_9,K03412
score_9,K19170
score_9,K00041
score_9,K01266
score_9,K06606
score_9,K01147
score_9,K03562
score_9,K01649
score_9,K08161
score_9,K00010
score_9,K18303
score_9,K00094
score_9,K15520
score_9,K06395
score_9,K04749
score_9,K11690
score_9,K18120
score_9,K23077
score_9,K05363
score_9,K13288
score_9,K19710
score_9,K20509
score_9,K03497
score_9,K02056
score_9,K13929
score_9,K05916
score_9,K19169
score_9,K03604
score_9,K17218
score_9,K07127
score_9,K21681
score_9,K15125
score_9,K19273
score_9,K02283
score_9,K23356
score_9,K06408
score_9,K00164
score_9,K09964
score_9,K07275
score_9,K07729
score_9,K11065
score_9,K07654
score_9,K07106
score_9,K13990
score_9,K20341
score_9,K11051
score_9,K23537
score_9,K12140
score_9,K01823
score_9,K01626
score_9,K14090
score_9,K18014
score_9,K01176
score_9,K06334
score_9,K02010
score_9,K09477
score_9,K03642
score_9,K18205
score_9,K12111
score_9,K20862
score_9,K16153
score_9,K07250
score_9,K07219
score_9,K21619
score_9,K13963
score_9,K00065
score_9,K12503
score_9,K02282
score_9,K17073
score_9,K07080
score_9,K03572
score_9,K07741
score_9,K12218
score_9,K09011
score_9,K03732
score_9,K13819
score_9,K01685
score_9,K18479
score_9,K05337
score_9,K01803
score_9,K20265
score_9,K00978
score_9,K07272
score_9,K01011
score_9,K08297
score_9,K11214
score_9,K18545
score_9,K01866
score_9,K00625
score_9,K07979
score_9,K00640
score_9,K01926
score_9,K21344
score_9,K05568
score_9,K02230
score_9,K19119
score_9,K02047
score_9,K09697
score_9,K04566
score_9,K00344
score_9,K12528
score_9,K07739
score_9,K16922
score_9,K10681
score_9,K00619
score_9,K16961
score_9,K01816
score_9,K11050
score_9,K16846
score_9,K07126
score_9,K07037
score_9,K01738
score_9,K00002
score_9,K01613
score_9,K02119
score_9,K16923
score_9,K20257
score_9,K07666
score_9,K16212
score_9,K02664
score_9,K17074
score_9,K02028
score_9,K01436
score_9,K15583
score_9,K16087
score_9,K02291
score_9,K01783
score_9,K08319
score_9,K14982
score_9,K09825
score_9,K18814
score_9,K13280
score_9,K07507
score_9,K02444
score_9,K01628
score_9,K02313
score_9,K01854
score_9,K11180
score_9,K10107
score_9,K00009
score_9,K01284
score_9,K01999
score_9,K18828
score_9,K01449
score_9,K09979
score_9,K09791
score_9,K18118
score_9,K01485
score_9,K09931
score_9,K20488
score_9,K03926
score_9,K02415
score_9,K01561
score_9,K09692
score_9,K03399
score_9,K01849
score_9,K11738
score_9,K03077
score_9,K18890
score_9,K01780
score_9,K01629
score_9,K12072
score_9,K01262
score_9,K07032
score_9,K18285
score_9,K07006
score_9,K01993
score_9,K06205
score_9,K02591
score_9,K09689
score_9,K04014
score_9,K01958
score_9,K09155
score_9,K03738
score_9,K00111
score_9,K05306
score_9,K07787
score_9,K00547
score_9,K01579
score_9,K03564
score_9,K09138
score_9,K23573
score_9,K04750
score_9,K11749
score_9,K07148
score_9,K05396
score_9,K16203
score_9,K00346
score_9,K06909
score_9,K09702
score_9,K03666
score_9,K07719
score_9,K02041
score_9,K04784
score_9,K01839
score_9,K00102
score_9,K20974
score_9,K00603
score_9,K00437
score_9,K17215
score_9,K00046
score_9,K21947
score_9,K01813
score_9,K02075
score_9,K03299
score_9,K04561
score_9,K19956
score_9,K03760
score_9,K08153
score_9,K13587
score_9,K07442
score_9,K06331
score_9,K01439
score_9,K02426
score_9,K02025
score_9,K03405
score_9,K03582
score_9,K00931
score_9,K02574
score_9,K00986
score_9,K10823
score_9,K02554
score_9,K01921
score_9,K13643
score_9,K05801
score_9,K02168
score_9,K11755
score_9,K07406
score_9,K03437
score_9,K02018
score_9,K02182
score_9,K11743
score_9,K17734
score_9,K05352
score_9,K22212
score_9,K01428
score_9,K20814
score_9,K07031
score_9,K01474
score_9,K15580
score_9,K15770
score_9,K06446
score_9,K10819
score_9,K01520
score_9,K02935
score_9,K02420
score_9,K00981
score_9,K00057
score_9,K05366
score_9,K02171
score_9,K19167
score_9,K05988
score_9,K02110
score_9,K22132
score_9,K00604
score_9,K02970
score_9,K19165
score_9,K02440
score_9,K02242
score_9,K01182
score_9,K22723
score_9,K11708
score_9,K13599
score_9,K22044
score_9,K00281
score_9,K02443
score_9,K12240
score_9,K15738
score_9,K02916
score_9,K06608
score_9,K08159
score_9,K21573
score_9,K06610
score_9,K05811
score_9,K17733
score_9,K02483
score_9,K18918
score_9,K09139
score_9,K01224
score_9,K01008
score_9,K11381
score_9,K10547
score_9,K02520
score_9,K03547
score_9,K10012
score_9,K01181
score_9,K01668
score_9,K21467
score_9,K12982
score_9,K06001
score_9,K23398
score_9,K00633
score_9,K03224
score_9,K22373
score_9,K00970
score_9,K05873
score_9,K02968
score_9,K01575
score_9,K00854
score_9,K23259
score_9,K20492
score_9,K16139
score_9,K15975
score_9,K00381
score_9,K02594
score_9,K15581
score_9,K00571
score_9,K05816
score_9,K02390
score_9,K06181
score_9,K04045
score_9,K01758
score_9,K18816
score_9,K02133
score_9,K07309
score_9,K02946
score_9,K06915
score_9,K07321
score_9,K01677
score_9,K03826
score_9,K02525
score_9,K13584
score_9,K00983
score_9,K11071
score_9,K16924
score_9,K14761
score_9,K01834
score_9,K02243
score_9,K10037
score_9,K10682
score_9,K03972
score_9,K00954
score_9,K01308
score_9,K01451
score_9,K01736
score_9,K19508
score_9,K12296
score_9,K01995
score_9,K01265
score_9,K12511
score_9,K03227
score_9,K07705
score_9,K00800
score_9,K21563
score_9,K19309
score_9,K14153
score_9,K02015
score_9,K02005
score_9,K02838
score_9,K19159
score_9,K15773
score_9,K09951
score_9,K00283
score_9,K01270
score_9,K06952
score_9,K19123
score_9,K01657
score_9,K11070
score_9,K00928
score_9,K20342
score_9,K18704
score_9,K20415
score_9,K10213
score_9,K01089
score_9,K21749
score_9,K18893
score_9,K02237
score_9,K20491
score_9,K02004
score_9,K05822
score_9,K06942
score_9,K14205
score_9,K02986
score_9,K08680
score_9,K01915
score_9,K03147
score_9,K16959
score_9,K01727
score_9,K19509
score_9,K17899
score_9,K03799
score_9,K11720
score_9,K18672
score_9,K12295
score_9,K00853
score_9,K22958
score_9,K02598
score_9,K07717
score_9,K02026
score_9,K03652
score_9,K02777
score_9,K14540
score_9,K02073
score_9,K19091
score_9,K06206
score_9,K01486
score_9,K19954
score_9,K04029
score_9,K03624
score_9,K11527
score_9,K06163
score_9,K10697
score_9,K02411
score_9,K02203
score_9,K15974
score_9,K21399
score_9,K07727
score_9,K01580
score_9,K03612
score_9,K00564
score_9,K01235
score_9,K14977
score_9,K12940
score_9,K21903
score_9,K07670
score_9,K03394
score_9,K15876
score_9,K02864
score_9,K18692
score_9,K01953
score_9,K02003
score_9,K02867
score_9,K07318
score_9,K01161
score_9,K01142
score_9,K07004
score_9,K12942
score_9,K19271
score_9,K08151
score_9,K01788
score_9,K04096
score_9,K03706
score_9,K06895
score_9,K12554
score_9,K16960
score_9,K02396
score_9,K13252
score_9,K14058
score_9,K01754
score_9,K17235
score_9,K17331
score_9,K00245
score_9,K06878
score_9,K16014
score_9,K03095
score_9,K02488
score_9,K18675
score_9,K13920
score_9,K03930
score_9,K18829
score_9,K15555
score_9,K19005
score_9,K12999
score_9,K01448
score_9,K07224
score_9,K11614
score_9,K09471
score_9,K01699
score_9,K01778
score_9,K01697
score_9,K06384
score_9,K02663
score_9,K01644
score_9,K11782
score_9,K02437
score_9,K03293
score_9,K02117
score_9,K02109
score_9,K21498
score_9,K13040
score_9,K08167
score_9,K08314
score_9,K02926
score_9,K15584
score_9,K01914
score_9,K06877
score_9,K16148
score_9,K12452
score_9,K11144
score_9,K19955
score_9,K03651
score_9,K07393
score_9,K12660
score_9,K03313
score_9,K01194
score_9,K22457
score_9,K01246
score_9,K01297
score_9,K02240
score_9,K00851
score_9,K01227
score_9,K13038
score_9,K05685
score_9,K07133
score_9,K00858
score_9,K01710
score_9,K01654
score_9,K09117
score_9,K02074
score_9,K11617
score_9,K04565
score_9,K22606
score_9,K12997
score_9,K19429
score_9,K02428
score_9,K17836
score_9,K15586
score_9,K13571
score_9,K01858
score_9,K16301
score_9,K02348
score_9,K15778
score_9,K11068
score_9,K02000
score_9,K19125
score_9,K03274
score_9,K01709
score_9,K01916
score_9,K02120
score_9,K08281
score_9,K00784
score_9,K12661
score_9,K13640
score_9,K12733
score_9,K17947
score_9,K01104
score_9,K00772
score_9,K01273
score_9,K01755
score_9,K02035
score_9,K13787
score_9,K10986
score_9,K02601
score_9,K23518
score_9,K02232
score_9,K03932
score_9,K02103
score_9,K02902
score_9,K06904
score_9,K11537
score_9,K13932
score_9,K00330
score_9,K02652
score_9,K03471
score_9,K02666
score_9,K08372
score_9,K19803
score_9,K04516
score_9,K16651
score_9,K14445
score_9,K06193
score_9,K23270
score_9,K11934
score_9,K18348
score_9,K19168
score_9,K19124
score_9,K01815
score_9,K02124
score_9,K03834
score_9,K02049
score_9,K00030
score_9,K15921
score_9,K23257
score_9,K14379
score_9,K01844
score_9,K01355
score_9,K00198
score_9,K08999
score_9,K03473
score_9,K00681
score_9,K18345
score_9,K09973
score_9,K02099
score_9,K01590
score_9,K07017
score_9,K01791
score_9,K01026
score_9,K03444
score_9,K02815
score_9,K03544
score_9,K06284
score_9,K18197
score_9,K03196
score_9,K22432
score_9,K00697
score_9,K21556
score_9,K02528
score_9,K20037
score_9,K04026
score_9,K01841
score_9,K03558
score_9,K23182
score_9,K15899
score_9,K21557
score_9,K03534
score_9,K15524
score_9,K18891
score_9,K11927
score_9,K02687
score_9,K01678
score_9,K02316
score_9,K00647
score_9,K22906
score_9,K01304
score_9,K01599
score_9,K12373
score_9,K01885
score_9,K18012
score_9,K13049
score_9,K03367
score_9,K02824
score_9,K15855
score_9,K21567
score_9,K17241
score_9,K07304
score_9,K06391
score_9,K01612
score_9,K17246
score_9,K01635
score_9,K17245
score_9,K22441
score_9,K03833
score_9,K11102
score_9,K11618
score_9,K02118
score_9,K12410
score_9,K18830
score_9,K01201
score_9,K00158
score_9,K03752
score_9,K00616
score_9,K22901
score_9,K01652
score_9,K03813
score_9,K02058
score_9,K11784
score_9,K01784
score_9,K17758
score_9,K05823
score_9,K02453
score_9,K11921
score_9,K19090
score_9,K06872
score_9,K03297
score_9,K03476
score_9,K10563
score_9,K10985
score_9,K03191
score_9,K10441
score_9,K17242
score_9,K00130
score_9,K19422
score_9,K08309
score_9,K22900
score_9,K17735
score_9,K02858
score_9,K21395
score_9,K02992
score_9,K01232
score_9,K13497
score_9,K19972
score_9,K17759
score_9,K01802
score_9,K14731
score_9,K05846
score_9,K02108
score_9,K01708
score_9,K00997
score_9,K15527
score_9,K22103
score_9,K04076
score_9,K02413
score_9,K01711
score_9,K02014
score_9,K03491
score_9,K02416
score_9,K04844
score_9,K15023
score_9,K01880
score_9,K21572
score_9,K03276
score_9,K10710
score_9,K07266
score_9,K00558
score_9,K07016
score_9,K00709
score_9,K14654
score_9,K02217
score_9,K06117
score_9,K02172
score_9,K20859
score_9,K03578
score_9,K10974
score_9,K07139
score_9,K04092
score_9,K03818
score_9,K01286
score_9,K16957
score_9,K03289
score_9,K00817
score_9,K12541
score_9,K02346
score_9,K07243
score_9,K01734
score_9,K12527
score_9,K09809
score_9,K02032
score_9,K03628
score_9,K11206
score_9,K02248
score_9,K19046
score_9,K07483
score_9,K10805
score_9,K22902
score_9,K09922
score_9,K00973
score_9,K06920
score_9,K03517
score_9,K07313
score_9,K00324
score_9,K01759
score_9,K12251
score_9,K23245
score_9,K06297
score_9,K00174
score_9,K02115
score_9,K01919
score_9,K18707
score_9,K00230
score_9,K07649
score_9,K01077
score_9,K07668
score_9,K21961
score_9,K04062
score_9,K23231
score_9,K17195
score_9,K03711
score_9,K01746
score_9,K19689
score_9,K18008
score_9,K02246
score_9,K15371
score_9,K00128
score_9,K01630
score_9,K03722
score_9,K02841
score_9,K10678
score_9,K13891
score_9,K18011
score_9,K01531
score_9,K21750
score_9,K02427
score_9,K20904
score_9,K07115
score_9,K05593
score_9,K00134
score_9,K22699
score_9,K18237
score_9,K01534
score_9,K00091
score_9,K07221
score_9,K21993
score_9,K01661
score_9,K01674
score_9,K17723
score_9,K19299
score_9,K05796
score_9,K12267
score_9,K01252
score_9,K02573
score_9,K00194
score_9,K07130
score_9,K02195
score_9,K13735
score_9,K10939
score_9,K02550
score_9,K09972
score_9,K06906
score_9,K01042
score_9,K14194
score_9,K01643
score_9,K01996
score_9,K01494
score_9,K01733
score_9,K10824
score_9,K00989
score_9,K01222
score_9,K07234
score_9,K10543
score_9,K20074
score_9,K12144
score_9,K02656
score_9,K00794
score_9,K15587
score_9,K01166
score_9,K06925
score_9,K00795
score_9,K01460
score_9,K15894
score_9,K03579
score_9,K01940
score_9,K15585
score_9,K08998
score_9,K01259
score_9,K01414
score_9,K01753
score_9,K07009
score_9,K02703
score_9,K03554
score_9,K01087
score_9,K00331
score_9,K13018
score_9,K02654
score_9,K00879
score_9,K04338
score_9,K03790
score_9,K13747
score_9,K18907
score_9,K15723
score_9,K02860
score_9,K02650
score_9,K07184
score_9,K01878
score_9,K10539
score_9,K09882
score_9,K00892
score_9,K03696
score_9,K11911
score_9,K10537
score_9,K08961
score_9,K00937
score_9,K00374
score_9,K15830
score_9,K00068
score_9,K07274
score_9,K07796
score_9,K03583
score_9,K13889
score_9,K02509
score_9,K07151
score_9,K00354
score_9,K02194
score_9,K02690
score_9,K01808
score_9,K02950
score_9,K01101
score_9,K02031
score_9,K04072
score_9,K01696
score_9,K03417
score_9,K00769
score_9,K09927
score_9,K06045
score_9,K23183
score_9,K05714
score_9,K02503
score_9,K07674
score_9,K03154
score_9,K11382
score_9,K03269
score_9,K07160
score_9,K02496
score_9,K12294
score_9,K01250
score_9,K11249
score_9,K09815
score_9,K07503
score_9,K16299
score_9,K00163
score_9,K05541
score_9,K03980
score_9,K03315
score_9,K00766
score_9,K03810
score_9,K19510
score_9,K07320
score_9,K00813
score_9,K19229
score_9,K07023
score_9,K00383
score_9,K07232
score_9,K07400
score_9,K02057
score_9,K21600
score_9,K12262
score_9,K00823
score_9,K02317
score_9,K02033
score_9,K18369
score_9,K02481
score_9,K19336
score_9,K07473
score_9,K03451
score_9,K16345
score_9,K03815
score_9,K15834
score_9,K00216
score_9,K01619
score_9,K11392
score_9,K06194
score_9,K14742
score_9,K01595
score_9,K19052
score_9,K21086
score_9,K00133
score_9,K12308
score_9,K16937
score_9,K00005
score_9,K00052
score_9,K00088
score_9,K00138
score_9,K00176
score_9,K00215
score_9,K00219
score_9,K00246
score_9,K00276
score_9,K00282
score_9,K00286
score_9,K00303
score_9,K00335
score_9,K00336
score_9,K00339
score_9,K00347
score_9,K00348
score_9,K00350
score_9,K00363
score_9,K00368
score_9,K00428
score_9,K00435
score_9,K00455
score_9,K00533
score_9,K00556
score_9,K00574
score_9,K00600
score_9,K00602
score_9,K00662
score_9,K00673
score_9,K00799
score_9,K00844
score_9,K00857
score_9,K00860
score_9,K00864
score_9,K00867
score_9,K00883
score_9,K00885
score_9,K00942
score_9,K00955
score_9,K00966
score_9,K00968
score_9,K00982
score_9,K00995
score_9,K01000
score_9,K01023
score_9,K01066
score_9,K01085
score_9,K01118
score_9,K01129
score_9,K01130
score_9,K01133
score_9,K01146
score_9,K01156
score_9,K01159
score_9,K01169
score_9,K01186
score_9,K01192
score_9,K01200
score_9,K01209
score_9,K01215
score_9,K01223
score_9,K01243
score_9,K01271
score_9,K01356
score_9,K01409
score_9,K01419
score_9,K01442
score_9,K01447
score_9,K01464
score_9,K01482
score_9,K01495
score_9,K01496
score_9,K01497
score_9,K01512
score_9,K01521
score_9,K01525
score_9,K01537
score_9,K01567
score_9,K01577
score_9,K01585
score_9,K01588
score_9,K01591
score_9,K01601
score_9,K01604
score_9,K01615
score_9,K01620
score_9,K01627
score_9,K01637
score_9,K01662
score_9,K01676
score_9,K01682
score_9,K01684
score_9,K01686
score_9,K01689
score_9,K01713
score_9,K01740
score_9,K01744
score_9,K01752
score_9,K01775
score_9,K01776
score_9,K01787
score_9,K01790
score_9,K01792
score_9,K01810
score_9,K01811
score_9,K01819
score_9,K01825
score_9,K01847
score_9,K01848
score_9,K01867
score_9,K01874
score_9,K01875
score_9,K01881
score_9,K01887
score_9,K01894
score_9,K01895
score_9,K01912
score_9,K01918
score_9,K01923
score_9,K01951
score_9,K01955
score_9,K01956
score_9,K01960
score_9,K01966
score_9,K01992
score_9,K02002
score_9,K02007
score_9,K02013
score_9,K02022
score_9,K02036
score_9,K02037
score_9,K02038
score_9,K02043
score_9,K02046
score_9,K02048
score_9,K02062
score_9,K02065
score_9,K02066
score_9,K02080
score_9,K02083
score_9,K02107
score_9,K02113
score_9,K02116
score_9,K02122
score_9,K02160
score_9,K02191
score_9,K02192
score_9,K02198
score_9,K02199
score_9,K02200
score_9,K02221
score_9,K02227
score_9,K02231
score_9,K02244
score_9,K02279
score_9,K02344
score_9,K02364
score_9,K02388
score_9,K02398
score_9,K02399
score_9,K02412
score_9,K02419
score_9,K02431
score_9,K02439
score_9,K02445
score_9,K02471
score_9,K02472
score_9,K02502
score_9,K02505
score_9,K02507
score_9,K02518
score_9,K02529
score_9,K02530
score_9,K02538
score_9,K02549
score_9,K02551
score_9,K02560
score_9,K02567
score_9,K02584
score_9,K02587
score_9,K02613
score_9,K02617
score_9,K02618
score_9,K02671
score_9,K02705
score_9,K02750
score_9,K02759
score_9,K02769
score_9,K02770
score_9,K02775
score_9,K02781
score_9,K02783
score_9,K02795
score_9,K02798
score_9,K02805
score_9,K02821
score_9,K02823
score_9,K02835
score_9,K02847
score_9,K02854
score_9,K02855
score_9,K02879
score_9,K02913
score_9,K02945
score_9,K02954
score_9,K02959
score_9,K02963
score_9,K02965
score_9,K02982
score_9,K02996
score_9,K03046
score_9,K03070
score_9,K03086
score_9,K03089
score_9,K03110
score_9,K03112
score_9,K03152
score_9,K03218
score_9,K03231
score_9,K03294
score_9,K03303
score_9,K03311
score_9,K03322
score_9,K03326
score_9,K03332
score_9,K03335
score_9,K03336
score_9,K03385
score_9,K03407
score_9,K03408
score_9,K03439
score_9,K03445
score_9,K03474
score_9,K03477
score_9,K03485
score_9,K03487
score_9,K03524
score_9,K03543
score_9,K03545
score_9,K03546
score_9,K03553
score_9,K03557
score_9,K03560
score_9,K03566
score_9,K03567
score_9,K03585
score_9,K03592
score_9,K03599
score_9,K03611
score_9,K03620
score_9,K03633
score_9,K03669
score_9,K03684
score_9,K03687
score_9,K03737
score_9,K03743
score_9,K03744
score_9,K03745
score_9,K03762
score_9,K03816
score_9,K03823
score_9,K03835
score_9,K03837
score_9,K03893
score_9,K03928
score_9,K04015
score_9,K04033
score_9,K04088
score_9,K04477
score_9,K04568
score_9,K04652
score_9,K04655
score_9,K04691
score_9,K04744
score_9,K04752
score_9,K04754
score_9,K04762
score_9,K04774
score_9,K05303
score_9,K05368
score_9,K05499
score_9,K05516
score_9,K05570
score_9,K05785
score_9,K05788
score_9,K05790
score_9,K05818
score_9,K05921
score_9,K05939
score_9,K05964
score_9,K05967
score_9,K05982
score_9,K05997
score_9,K06006
score_9,K06113
score_9,K06140
score_9,K06144
score_9,K06145
score_9,K06155
score_9,K06158
score_9,K06176
score_9,K06189
score_9,K06207
score_9,K06215
score_9,K06287
score_9,K06336
score_9,K06383
score_9,K06416
score_9,K06518
score_9,K06899
score_9,K06903
score_9,K06916
score_9,K06917
score_9,K06949
score_9,K06978
score_9,K06994
score_9,K07000
score_9,K07010
score_9,K07027
score_9,K07043
score_9,K07048
score_9,K07052
score_9,K07079
score_9,K07095
score_9,K07102
score_9,K07120
score_9,K07121
score_9,K07122
score_9,K07146
score_9,K07264
score_9,K07269
score_9,K07300
score_9,K07336
score_9,K07407
score_9,K07454
score_9,K07462
score_9,K07467
score_9,K07479
score_9,K07486
score_9,K07495
score_9,K07496
score_9,K07559
score_9,K07560
score_9,K07589
score_9,K07639
score_9,K07647
score_9,K07678
score_9,K07685
score_9,K07690
score_9,K07733
score_9,K07740
score_9,K07783
score_9,K08172
score_9,K08194
score_9,K08219
score_9,K08222
score_9,K08289
score_9,K08296
score_9,K08298
score_9,K08300
score_9,K08310
score_9,K08315
score_9,K08318
score_9,K08323
score_9,K08348
score_9,K08352
score_9,K08996
score_9,K09005
score_9,K09251
score_9,K09472
score_9,K09474
score_9,K09690
score_9,K09748
score_9,K09765
score_9,K09767
score_9,K09769
score_9,K09771
score_9,K09773
score_9,K09778
score_9,K09779
score_9,K09781
score_9,K09786
score_9,K09794
score_9,K09799
score_9,K09801
score_9,K09805
score_9,K09816
score_9,K09888
score_9,K09893
score_9,K09900
score_9,K09903
score_9,K09906
score_9,K09921
score_9,K09925
score_9,K09936
score_9,K09937
score_9,K09939
score_9,K09946
score_9,K09971
score_9,K09998
score_9,K10003
score_9,K10004
score_9,K10011
score_9,K10013
score_9,K10016
score_9,K10038
score_9,K10122
score_9,K10124
score_9,K10126
score_9,K10206
score_9,K10544
score_9,K10679
score_9,K10742
score_9,K10773
score_9,K10793
score_9,K10797
score_9,K10800
score_9,K10806
score_9,K10820
score_9,K11103
score_9,K11211
score_9,K11263
score_9,K11358
score_9,K11473
score_9,K11477
score_9,K11645
score_9,K11719
score_9,K11742
score_9,K11744
score_9,K11752
score_9,K11754
score_9,K11895
score_9,K11896
score_9,K11904
score_9,K11907
score_9,K11935
score_9,K11939
score_9,K12060
score_9,K12063
score_9,K12132
score_9,K12257
score_9,K12264
score_9,K12266
score_9,K12290
score_9,K12299
score_9,K12340
score_9,K12507
score_9,K12700
score_9,K12961
score_9,K12974
score_9,K13002
score_9,K13004
score_9,K13014
score_9,K13043
score_9,K13052
score_9,K13053
score_9,K13059
score_9,K13256
score_9,K13381
score_9,K13527
score_9,K13573
score_9,K13629
score_9,K13635
score_9,K13732
score_9,K13888
score_9,K13890
score_9,K13893
score_9,K13894
score_9,K13896
score_9,K13926
score_9,K13934
score_9,K13979
score_9,K13993
score_9,K14052
score_9,K14055
score_9,K14056
score_9,K14059
score_9,K14138
score_9,K14162
score_9,K14187
score_9,K14260
score_9,K14261
score_9,K14274
score_9,K14534
score_9,K14588
score_9,K14591
score_9,K14682
score_9,K14762
score_9,K15051
score_9,K15256
score_9,K15257
score_9,K15372
score_9,K15396
score_9,K15635
score_9,K15777
score_9,K15831
score_9,K15832
score_9,K15836
score_9,K15866
score_9,K15986
score_9,K15987
score_9,K16066
score_9,K16140
score_9,K16210
score_9,K16211
score_9,K16234
score_9,K16263
score_9,K16324
score_9,K16325
score_9,K16363
score_9,K16511
score_9,K16787
score_9,K16789
score_9,K16868
score_9,K16899
score_9,K16915
score_9,K16927
score_9,K17077
score_9,K17203
score_9,K17675
score_9,K18095
score_9,K18104
score_9,K18324
score_9,K18430
score_9,K18581
score_9,K18640
score_9,K18691
score_9,K18817
score_9,K18888
score_9,K18928
score_9,K18929
score_9,K18954
score_9,K18997
score_9,K19138
score_9,K19221
score_9,K19230
score_9,K19231
score_9,K19234
score_9,K19235
score_9,K19335
score_9,K19350
score_9,K19353
score_9,K19411
score_9,K19425
score_9,K19504
score_9,K19506
score_9,K19577
score_9,K19611
score_9,K19784
score_9,K19971
score_9,K20373
score_9,K20459
score_9,K20460
score_9,K20461
score_9,K20490
score_9,K20510
score_9,K20627
score_9,K20861
score_9,K20881
score_9,K21029
score_9,K21071
score_9,K21393
score_9,K21464
score_9,K21469
score_9,K21574
score_9,K21908
score_9,K22010
score_9,K22015
score_9,K22024
score_9,K22214
score_9,K22278
score_9,K22306
score_9,K22757
score_9,K23060
score_9,K23078
score_9,K23121
score_9,K23124
score_9,K23184
score_9,K23186
score_9,K23188
score_9,K23227
score_9,K23238
score_9,K23240
score_9,K23241
score_9,K23256
score_9,K23265
score_9,K23271
score_10,K17398
score_10,K23547
score_10,K01607
score_10,K09469
score_10,K10241
score_10,K02744
score_10,K21948
score_10,K22424
score_10,K02510
score_10,K21417
score_10,K16248
score_10,K01725
score_10,K16951
score_10,K03650
score_10,K09924
score_10,K23393
score_10,K21578
score_10,K01524
score_10,K22605
score_10,K00567
score_10,K05979
score_10,K09760
score_10,K01040
score_10,K11741
score_10,K07552
score_10,K13016
score_10,K21023
score_10,K18344
score_10,K22607
score_10,K03602
score_10,K22405
score_10,K19545
score_10,K08722
score_10,K03324
score_10,K18979
score_10,K09859
score_10,K02517
score_10,K18866
score_10,K06120
score_10,K01560
score_10,K01910
score_10,K04835
score_10,K11733
score_10,K23189
score_10,K07149
score_10,K18119
score_10,K02474
score_10,K17716
score_10,K17204
score_10,K00863
score_10,K01430
score_10,K19428
score_10,K20276
score_10,K01046
score_10,K21576
score_10,K18331
score_10,K18889
score_10,K06153
score_10,K23351
score_10,K03087
score_10,K03111
score_10,K10560
score_10,K17318
score_10,K23536
score_10,K10708
score_10,K08963
score_10,K19540
score_10,K19405
score_10,K06013
score_10,K02531
score_10,K03841
score_10,K15552
score_10,K22736
score_10,K06015
score_10,K01299
score_10,K14048
score_10,K15515
score_10,K20344
score_10,K07089
score_10,K13653
score_10,K21579
score_10,K07337
score_10,K22522
score_10,K17319
score_10,K02039
score_10,K16881
score_10,K20345
score_10,K06997
score_10,K15924
score_10,K15922
score_10,K19134
score_10,K01925
score_10,K07306
score_10,K02434
score_10,K09764
score_10,K00254
score_10,K01903
score_10,K00113
score_10,K21400
score_10,K00560
score_10,K01261
score_10,K16907
score_10,K02197
score_10,K07460
score_10,K01939
score_10,K02055
score_10,K03503
score_10,K03803
score_10,K01972
score_10,K21416
score_10,K11104
score_10,K07319
score_10,K22129
score_10,K18427
score_10,K21571
score_10,K04047
score_10,K00364
score_10,K10556
score_10,K13542
score_10,K07025
score_10,K01902
score_10,K17320
score_10,K07341
score_10,K19114
score_10,K19286
score_10,K09014
score_10,K10559
score_10,K03969
score_10,K00459
score_10,K19505
score_10,K01226
score_10,K06926
score_10,K01473
score_10,K03665
score_10,K23535
score_10,K13012
score_10,K12059
score_10,K01735
score_10,K19171
score_10,K03975
score_10,K18231
score_10,K01835
score_10,K02933
score_10,K03781
score_10,K14652
score_10,K01779
score_10,K09812
score_10,K08299
score_10,K05808
score_10,K07132
score_10,K08282
score_10,K00819
score_10,K07455
score_10,K00661
score_10,K01151
score_10,K01817
score_10,K01547
score_10,K21147
score_10,K19242
score_10,K16784
score_10,K15871
score_10,K07005
score_10,K07704
score_10,K01281
score_10,K07474
score_10,K06950
score_10,K13075
score_10,K00768
score_10,K09131
score_10,K23148
score_10,K08094
score_10,K01883
score_10,K03190
score_10,K07505
score_10,K13921
score_10,K23546
score_10,K01695
score_10,K12293
score_10,K14188
score_10,K15582
score_10,K05851
score_10,K02793
score_10,K08364
score_10,K00886
score_10,K00287
score_10,K13671
score_10,K02526
score_10,K01886
score_10,K01623
score_10,K01890
score_10,K02040
score_10,K02226
score_10,K16328
score_10,K11529
score_10,K16874
score_10,K03187
score_10,K18910
score_10,K00712
score_10,K19092
score_10,K01665
score_10,K15460
score_10,K15977
score_10,K22227
score_10,K21063
score_10,K19421
score_10,K06879
score_10,K00171
score_10,K00371
score_10,K09118
score_10,K18332
score_10,K06199
score_10,K21759
score_10,K09861
score_10,K03769
score_10,K03230
score_10,K07192
score_10,K17828
score_10,K01479
score_10,K01198
score_10,K03664
score_10,K19118
score_10,K21583
score_10,K01715
score_10,K02009
score_10,K10120
score_10,K03565
score_10,K02852
score_10,K01646
score_10,K03116
score_10,K02372
score_10,K03601
score_10,K02768
score_10,K01934
score_10,K00809
score_10,K01056
score_10,K16147
score_10,K18330
score_10,K00831
score_10,K23004
score_10,K18346
score_10,K02395
score_10,K15669
score_10,K00112
score_10,K07659
score_10,K06956
score_10,K05795
score_10,K01750
score_10,K03522
score_10,K09940
score_10,K00826
score_10,K02121
score_10,K13019
score_10,K03605
score_10,K10231
score_10,K00372
score_10,K03800
score_10,K17103
score_10,K02906
score_10,K01501
score_10,K00526
score_10,K01760
score_10,K17837
score_10,K02424
score_10,K03072
score_10,K01546
score_10,K02454
score_10,K02557
score_10,K17465
score_10,K00150
score_10,K22300
score_10,K16906
score_10,K07443
score_10,K22431
score_10,K06020
score_10,K21577
score_10,K11041
score_10,K10979
score_10,K03748
score_10,K18221
score_10,K02548
score_10,K15599
score_10,K01507
score_10,K09961
score_10,K00598
score_10,K02011
score_10,K07173
score_10,K16149
score_10,K19424
score_10,K23059
score_10,K09705
score_10,K19158
score_10,K18302
score_10,K13919
score_10,K01173
score_10,K19048
score_10,K17818
score_10,K18955
score_10,K19115
score_10,K02188
score_10,K02340
score_10,K16905
score_10,K11203
score_10,K13931
score_10,K09793
score_10,K02337
score_10,K01523
score_10,K01611
score_10,K14665
score_10,K03074
score_10,K03828
score_10,K14155
score_10,K07485
score_10,K03727
score_10,K01932
score_10,K03596
score_10,K01997
score_10,K04940
score_10,K07571
score_10,K09989
score_10,K11175
score_10,K01739
score_10,K07746
score_10,K00433
score_10,K18926
score_10,K21672
score_10,K22319
score_10,K03742
score_10,K03667
score_10,K20866
score_10,K07246
score_10,K00325
score_10,K01818
score_10,K00632
score_10,K02342
score_10,K01653
score_10,K11145
score_10,K00688
score_10,K22293
score_10,K03589
score_10,K01034
score_10,K01586
score_10,K10709
score_10,K02552
score_10,K03709
score_10,K11202
score_10,K06928
score_10,K03325
score_10,K00848
score_10,K07657
score_10,K00156
score_10,K08978
score_10,K03219
score_10,K01989
score_10,K01597
score_10,K19334
score_10,K10005
score_10,K01952
score_10,K20444
score_10,K14983
score_10,K02245
score_10,K19117
score_10,K18216
score_10,K01208
score_10,K20534
score_10,K07084
score_10,K15870
score_10,K05346
score_10,K17865
score_10,K00054
score_10,K19049
score_10,K05524
score_10,K22933
score_10,K01361
score_10,K21898
score_10,K00053
score_10,K06218
score_10,K22927
score_10,K01761
score_10,K17243
score_10,K01703
score_10,K01480
score_10,K03073
score_10,K13628
score_10,K01609
score_10,K02499
score_10,K02112
score_10,K21064
score_10,K00641
score_10,K17466
score_10,K17686
score_10,K14083
score_10,K02839
score_10,K23123
score_10,K21279
score_10,K20489
score_10,K00012
score_10,K10008
score_10,K02106
score_10,K21055
score_10,K11312
score_10,K19355
score_10,K08981
score_10,K22130
score_10,K08302
score_10,K05367
score_10,K02408
score_10,K15725
score_10,K14623
score_10,K07075
score_10,K01893
score_10,K02834
score_10,K07053
score_10,K02054
score_10,K03043
score_10,K03519
score_10,K02994
score_10,K17076
score_10,K02072
score_10,K01771
score_10,K10561
score_10,K03366
score_10,K20038
score_10,K05770
score_10,K01892
score_10,K02614
score_10,K11261
score_10,K01081
score_10,K06996
score_10,K00100
score_10,K02401
score_10,K01729
score_10,K07029
score_10,K05946
score_10,K02379
score_10,K07798
score_10,K02338
score_10,K17108
score_10,K02939
score_10,K03337
score_10,K23508
score_10,K03215
score_10,K01305
score_10,K02747
score_10,K00561
score_10,K13281
score_10,K21828
score_10,K00939
score_10,K06281
score_10,K19147
score_10,K01706
score_10,K00342
score_10,K02233
score_10,K19302
score_10,K02746
score_10,K01666
score_10,K05838
score_10,K07638
score_10,K00991
score_10,K07101
score_10,K02404
score_10,K08986
score_10,K01698
score_10,K04567
score_10,K01998
score_10,K00836
score_10,K16926
score_10,K19701
score_10,K02236
score_10,K21405
score_10,K06282
score_10,K20452
score_10,K02052
score_10,K22226
score_10,K04518
score_10,K01139
score_10,K02006
score_10,K01971
score_10,K01814
score_10,K13829
score_10,K07078
score_10,K00123
score_10,K03481
score_10,K01153
score_10,K20487
score_10,K02020
score_10,K03101
score_10,K18785
score_10,K21030
score_10,K09137
score_10,K15531
score_10,K01641
score_10,K06203
score_10,K06333
score_10,K00869
score_10,K02082
score_10,K01751
score_10,K02589
score_10,K02961
score_10,K02473
score_10,K21636
score_10,K04069
score_10,K00549
score_10,K07082
score_10,K01640
score_10,K00874
score_10,K00962
score_10,K02414
score_10,K02358
score_10,K03088
score_10,K06999
score_10,K05351
score_10,K02825
score_10,K09807
score_10,K00261
score_10,K17467
score_10,K16698
score_10,K14170
score_10,K02044
score_10,K11991
score_10,K21473
score_10,K07506
score_10,K01658
score_10,K11924
score_10,K16963
score_10,K07768
score_10,K13922
score_10,K16371
score_10,K01493
score_10,K18471
score_10,K18013
score_10,K16169
score_10,K12206
score_10,K14988
score_10,K02794
score_10,K00275
score_10,K00798
score_10,K03429
score_10,K13818
score_10,K05810
score_10,K03925
score_10,K06211
score_10,K02343
score_10,K03569
score_10,K01756
score_10,K06908
score_10,K02836
score_10,K01889
score_10,K02034
score_10,K04077
score_10,K19002
score_10,K03098
score_10,K01770
score_10,K03641
score_10,K12998
score_10,K03424
score_10,K12292
score_10,K01150
score_10,K05569
score_10,K10530
score_10,K03048
score_10,K04767
score_10,K22579
score_10,K02786
score_10,K06881
score_10,K05772
score_10,K02029
score_10,K02492
score_10,K09761
score_10,K03060
score_10,K05791
score_10,K02455
score_10,K23303
score_10,K01573
score_10,K02304
score_10,K02837
score_10,K01846
score_10,K16898
score_10,K12058
score_10,K19116
score_10,K05825
score_10,K07722
score_10,K12506
score_10,K04061
score_10,K16788
score_10,K07014
score_10,K23149
score_10,K01006
score_10,K17363
score_10,K00663
score_10,K15533
score_10,K20976
score_10,K01869
score_10,K20073
score_10,K18831
score_10,K02190
score_10,K18887
score_10,K22230
score_10,K13927
score_10,K01962
score_10,K00209
score_10,K16213
score_10,K07257
score_10,K12066
score_10,K02874
score_10,K00691
score_10,K03708
score_10,K02053
score_10,K11753
score_10,K01251
score_10,K01358
score_10,K17992
score_10,K15724
score_10,K02274
score_10,K07071
score_10,K03226
score_10,K03179
score_10,K16785
score_10,K02111
score_10,K01730
score_10,K06975
score_10,K18986
score_10,K07445
score_10,K12141
score_10,K12270
score_10,K00031
score_10,K10558
score_10,K21011
score_10,K02990
score_10,K19166
score_10,K07307
score_10,K08969
score_10,K21065
score_10,K13668
score_10,K01092
score_10,K02500
score_10,K09967
score_10,K12556
score_10,K02619
score_10,K02389
score_10,K19126
score_10,K18220
score_10,K01210
score_10,K03976
score_10,K08972
score_10,K09009
score_10,K02409
score_10,K19140
score_10,K01857
score_10,K01420
score_10,K04720
score_10,K12555
score_10,K23003
score_10,K06894
score_10,K15342
score_10,K01845
score_10,K20511
score_10,K04031
score_10,K00355
score_10,K22213
score_10,K03492
score_10,K17898
score_10,K11533
score_10,K02068
score_10,K02563
score_10,K03820
score_10,K18217
score_10,K02017
score_10,K17910
score_10,K01476
score_10,K01499
score_10,K07308
score_10,K09923
score_10,K19997
score_10,K00048
score_10,K01091
score_10,K09935
score_10,K10914
score_10,K01990
score_10,K02988
score_10,K03699
score_10,K01214
score_10,K06223
score_10,K01154
score_10,K02433
score_10,K01843
score_10,K00313
score_10,K12990
score_10,K07056
score_10,K02050
score_10,K15633
score_10,K12339
score_10,K09789
score_10,K02745
score_10,K13953
score_10,K02585
score_10,K01905
score_10,K12213
score_10,K00969
score_10,K01548
score_10,K01879
score_10,K00239
score_10,K01035
score_10,K01295
score_10,K00758
score_10,K03646
score_10,K05989
score_10,K14415
score_10,K03719
score_10,K21471
score_10,K07776
score_10,K00806
score_10,K22468
score_10,K01610
score_10,K07484
score_10,K00073
score_10,K01872
score_10,K16850
score_10,K06320
score_10,K06897
score_10,K01195
score_10,K12297
score_10,K07217
score_10,K01216
score_10,K10007
score_10,K11646
score_10,K11534
score_10,K06962
score_10,K09820
score_10,K16950
score_10,K04772
score_10,K01647
score_10,K10548
score_10,K13015
score_10,K16214
score_10,K03272
score_10,K18856
score_10,K12268
score_10,K19294
score_10,K20112
score_10,K16209
score_10,K05349
score_10,K07343
score_10,K03188
score_10,K08311
score_10,K07214
score_10,K02911
score_10,K00170
score_10,K12685
score_10,K02564
score_10,K21394
score_10,K00926
score_10,K14088
score_10,K01807
score_10,K04028
score_10,K01247
score_10,K21140
score_10,K02086
score_10,K00824
score_10,K02863
score_10,K05342
score_10,K18206
score_10,K10716
score_10,K03271
score_10,K01218
score_10,K17624
score_10,K00936
score_10,K09696
score_10,K01821
score_10,K04751
score_10,K16264
score_10,K01338
score_10,K20480
score_10,K03521
score_10,K19310
score_10,K16238
score_10,K01941
score_10,K20885
score_10,K07451
score_10,K03734
score_10,K02238
score_10,K21345
score_10,K18234
score_10,K01804
score_10,K02302
score_10,K02523
score_10,K16435
score_10,K13327
score_10,K07051
score_10,K09988
score_10,K21012
score_10,K02907
score_10,K12995
score_10,K04562
score_10,K09703
score_10,K07800
score_10,K07054
score_10,K00613
score_10,K07278
score_10,K03736
score_10,K07074
score_10,K21613
score_10,K02843
score_10,K00950
score_10,K04019
score_10,K12209
score_10,K09819
score_10,K01633
score_10,K23107
score_10,K03584
score_10,K15727
score_10,K03977
score_10,K01478
score_10,K19068
score_10,K02590
score_10,K08717
score_10,K02435
score_10,K07316
score_10,K19285
score_10,K22477
score_10,K12203
score_10,K01488
score_10,K23163
score_10,K02067
score_10,K00184
score_10,K18214
score_10,K04090
score_10,K10778
score_10,K01322
score_10,K11004
score_10,K15772
score_10,K01687
score_10,K00656
score_10,K02078
score_10,K01945
score_10,K09803
score_10,K00880
score_10,K21472
score_10,K21132
score_10,K22994
score_10,K18139
score_10,K06182
score_10,K03490
score_10,K17810
score_10,K00927
score_10,K06907
score_10,K09949
score_10,K01621
score_10,K11031
score_10,K01354
score_10,K07315
score_10,K00773
score_10,K16091
score_10,K04761
score_10,K07270
score_10,K03531
score_10,K03735
score_10,K09770
score_10,K07118
score_10,K18930
score_10,K06191
score_10,K07458
score_10,K00390
score_10,K00720
score_10,K01991
score_10,K21900
score_10,K13652
score_10,K01126
score_10,K00362
score_10,K14086
score_10,K07735
score_10,K02586
score_10,K01933
score_10,K01191
score_10,K06217
score_10,K05589
score_10,K07069
score_10,K22396
score_10,K12217
score_10,K23301
score_10,K01179
score_10,K16786
score_10,K03606
score_10,K04013
score_10,K00045
score_10,K18334
score_10,K02477
score_10,K15771
score_10,K16052
score_10,K01868
score_10,K00658
score_10,K06891
score_10,K11928
score_10,K00803
score_10,K15726
score_10,K02077
score_10,K01466
score_10,K01937
score_10,K00338
score_10,K05566
score_10,K00759
score_10,K06201
score_10,K15554
score_10,K07165
score_10,K00957
score_10,K13694
score_10,K05794
score_10,K03106
score_10,K06990
score_10,K10036
score_10,K16650
score_10,K02042
score_10,K13277
score_10,K15915
score_10,K09136
score_10,K01838
score_10,K13611
score_10,K01060
score_10,K02193
score_10,K11329
score_10,K00655
score_10,K02761
score_10,K01457
score_10,K11707
score_10,K03724
score_10,K07239
score_10,K09684
score_10,K07404
score_10,K06402
score_10,K01679
score_10,K01873
score_10,K00197
score_10,K01589
score_10,K00341
score_10,K00145
score_10,K11751
score_10,K03552
score_10,K17234
score_10,K20903
score_10,K03186
score_10,K18474
score_10,K04044
score_10,K21936
score_10,K07112
score_10,K09007
score_10,K01185
score_10,K04095
score_10,K20450
score_10,K05780
score_10,K03411
score_10,K01768
score_10,K04075
score_10,K07712
score_10,K13525
score_10,K02493
score_10,K02012
score_10,K05567
score_10,K12960
score_10,K02501
score_10,K15553
score_10,K01777
score_10,K11072
score_10,K07457
score_10,K01929
score_10,K01551
score_10,K00077
score_10,K20626
score_10,K03273
score_10,K01069
score_10,K01039
score_10,K00441
score_10,K02569
score_10,K07098
score_10,K12214
score_10,K21814
score_10,K02400
score_10,K22116
score_10,K12138
score_10,K00657
score_10,K14414
score_10,K19172
score_10,K19789
score_10,K00370
score_10,K08168
score_10,K15898
score_10,K11710
score_10,K04764
score_10,K03470
score_10,K03446
score_10,K12065
score_10,K17213
score_10,K02019
score_10,K22430
score_10,K00694
score_10,K18122
score_10,K01114
score_10,K23541
score_10,K12992
score_10,K12137
score_10,K23170
score_10,K19427
score_10,K09969
score_10,K01193
score_10,K10907
score_10,K03772
score_10,K19139
score_10,K11181
score_10,K22232
score_10,K09167
score_10,K18349
score_10,K13788
score_10,K11709
score_10,K18475
score_10,K00135
score_10,K01950
score_10,K09144
score_10,K02051
score_10,K09001
score_10,K06941
score_10,K23169
score_10,K16925
score_10,K19883
score_10,K00373
score_10,K06166
score_10,K03756
score_10,K01581
score_10,K20484
score_10,K03704
score_10,K01058
score_10,K01728
score_10,K18350
score_10,K03182
score_10,K03090
score_10,K02688
score_10,K07357
score_10,K01625
score_10,K02533
score_10,K01812
score_10,K11785
score_10,K06221
score_10,K07813
score_10,K02224
score_10,K01809
score_10,K00042
score_10,K02397
score_10,K03409
score_10,K11606
score_10,K06929
score_10,K22349
score_10,K03830
score_10,K16885
score_10,K16235
score_10,K01938
score_10,K14091
score_10,K02045
score_10,K02784
score_10,K03638
score_10,K17236
score_10,K11615
score_10,K01737
score_10,K07491
score_10,K01429
score_10,K04783
score_10,K03390
score_10,K06859
score_10,K23352
score_10,K03412
score_10,K19170
score_10,K00041
score_10,K01266
score_10,K06606
score_10,K01147
score_10,K03562
score_10,K01649
score_10,K08161
score_10,K00010
score_10,K18303
score_10,K00094
score_10,K15520
score_10,K06395
score_10,K04749
score_10,K11690
score_10,K18120
score_10,K23077
score_10,K05363
score_10,K13288
score_10,K19710
score_10,K20509
score_10,K03497
score_10,K02056
score_10,K13929
score_10,K05916
score_10,K19169
score_10,K03604
score_10,K17218
score_10,K07127
score_10,K21681
score_10,K15125
score_10,K19273
score_10,K02283
score_10,K23356
score_10,K06408
score_10,K00164
score_10,K09964
score_10,K07275
score_10,K07729
score_10,K11065
score_10,K07654
score_10,K07106
score_10,K13990
score_10,K20341
score_10,K11051
score_10,K23537
score_10,K12140
score_10,K01823
score_10,K01626
score_10,K14090
score_10,K18014
score_10,K01176
score_10,K06334
score_10,K02010
score_10,K09477
score_10,K03642
score_10,K18205
score_10,K12111
score_10,K20862
score_10,K16153
score_10,K07250
score_10,K07219
score_10,K21619
score_10,K13963
score_10,K00065
score_10,K12503
score_10,K02282
score_10,K17073
score_10,K07080
score_10,K03572
score_10,K07741
score_10,K12218
score_10,K09011
score_10,K03732
score_10,K13819
score_10,K01685
score_10,K18479
score_10,K05337
score_10,K01803
score_10,K20265
score_10,K00978
score_10,K07272
score_10,K01011
score_10,K08297
score_10,K11214
score_10,K18545
score_10,K01866
score_10,K00625
score_10,K07979
score_10,K00640
score_10,K01926
score_10,K21344
score_10,K05568
score_10,K02230
score_10,K19119
score_10,K02047
score_10,K09697
score_10,K04566
score_10,K00344
score_10,K12528
score_10,K07739
score_10,K16922
score_10,K10681
score_10,K00619
score_10,K16961
score_10,K01816
score_10,K11050
score_10,K16846
score_10,K07126
score_10,K07037
score_10,K01738
score_10,K00002
score_10,K01613
score_10,K02119
score_10,K16923
score_10,K20257
score_10,K07666
score_10,K16212
score_10,K02664
score_10,K17074
score_10,K02028
score_10,K01436
score_10,K15583
score_10,K16087
score_10,K02291
score_10,K01783
score_10,K08319
score_10,K14982
score_10,K09825
score_10,K18814
score_10,K13280
score_10,K07507
score_10,K02444
score_10,K01628
score_10,K02313
score_10,K01854
score_10,K11180
score_10,K10107
score_10,K00009
score_10,K01284
score_10,K01999
score_10,K18828
score_10,K01449
score_10,K09979
score_10,K09791
score_10,K18118
score_10,K01485
score_10,K09931
score_10,K20488
score_10,K03926
score_10,K02415
score_10,K01561
score_10,K09692
score_10,K03399
score_10,K01849
score_10,K11738
score_10,K03077
score_10,K18890
score_10,K01780
score_10,K01629
score_10,K12072
score_10,K01262
score_10,K07032
score_10,K18285
score_10,K07006
score_10,K01993
score_10,K06205
score_10,K02591
score_10,K09689
score_10,K04014
score_10,K01958
score_10,K09155
score_10,K03738
score_10,K00111
score_10,K05306
score_10,K07787
score_10,K00547
score_10,K01579
score_10,K03564
score_10,K09138
score_10,K23573
score_10,K04750
score_10,K11749
score_10,K07148
score_10,K05396
score_10,K16203
score_10,K00346
score_10,K06909
score_10,K09702
score_10,K03666
score_10,K07719
score_10,K02041
score_10,K04784
score_10,K01839
score_10,K00102
score_10,K20974
score_10,K00603
score_10,K00437
score_10,K17215
score_10,K00046
score_10,K21947
score_10,K01813
score_10,K02075
score_10,K03299
score_10,K04561
score_10,K19956
score_10,K03760
score_10,K08153
score_10,K13587
score_10,K07442
score_10,K06331
score_10,K01439
score_10,K02426
score_10,K02025
score_10,K03405
score_10,K03582
score_10,K00931
score_10,K02574
score_10,K00986
score_10,K10823
score_10,K02554
score_10,K01921
score_10,K13643
score_10,K05801
score_10,K02168
score_10,K11755
score_10,K07406
score_10,K03437
score_10,K02018
score_10,K02182
score_10,K11743
score_10,K17734
score_10,K05352
score_10,K22212
score_10,K01428
score_10,K20814
score_10,K07031
score_10,K01474
score_10,K15580
score_10,K15770
score_10,K06446
score_10,K10819
score_10,K01520
score_10,K02935
score_10,K02420
score_10,K00981
score_10,K00057
score_10,K05366
score_10,K02171
score_10,K19167
score_10,K05988
score_10,K02110
score_10,K22132
score_10,K00604
score_10,K02970
score_10,K19165
score_10,K02440
score_10,K02242
score_10,K01182
score_10,K22723
score_10,K11708
score_10,K13599
score_10,K22044
score_10,K00281
score_10,K02443
score_10,K12240
score_10,K15738
score_10,K02916
score_10,K06608
score_10,K08159
score_10,K21573
score_10,K06610
score_10,K05811
score_10,K17733
score_10,K02483
score_10,K18918
score_10,K09139
score_10,K01224
score_10,K01008
score_10,K11381
score_10,K10547
score_10,K02520
score_10,K03547
score_10,K10012
score_10,K01181
score_10,K01668
score_10,K21467
score_10,K12982
score_10,K06001
score_10,K23398
score_10,K00633
score_10,K03224
score_10,K22373
score_10,K00970
score_10,K05873
score_10,K02968
score_10,K01575
score_10,K00854
score_10,K23259
score_10,K20492
score_10,K16139
score_10,K15975
score_10,K00381
score_10,K02594
score_10,K15581
score_10,K00571
score_10,K05816
score_10,K02390
score_10,K06181
score_10,K04045
score_10,K01758
score_10,K18816
score_10,K02133
score_10,K07309
score_10,K02946
score_10,K06915
score_10,K07321
score_10,K01677
score_10,K03826
score_10,K02525
score_10,K13584
score_10,K00983
score_10,K11071
score_10,K16924
score_10,K14761
score_10,K01834
score_10,K02243
score_10,K10037
score_10,K10682
score_10,K03972
score_10,K00954
score_10,K01308
score_10,K01451
score_10,K01736
score_10,K19508
score_10,K12296
score_10,K01995
score_10,K01265
score_10,K12511
score_10,K03227
score_10,K07705
score_10,K00800
score_10,K21563
score_10,K19309
score_10,K14153
score_10,K02015
score_10,K02005
score_10,K02838
score_10,K19159
score_10,K15773
score_10,K09951
score_10,K00283
score_10,K01270
score_10,K06952
score_10,K19123
score_10,K01657
score_10,K11070
score_10,K00928
score_10,K20342
score_10,K18704
score_10,K20415
score_10,K10213
score_10,K01089
score_10,K21749
score_10,K18893
score_10,K02237
score_10,K20491
score_10,K02004
score_10,K05822
score_10,K06942
score_10,K14205
score_10,K02986
score_10,K08680
score_10,K01915
score_10,K03147
score_10,K16959
score_10,K01727
score_10,K19509
score_10,K17899
score_10,K03799
score_10,K11720
score_10,K18672
score_10,K12295
score_10,K00853
score_10,K22958
score_10,K02598
score_10,K07717
score_10,K02026
score_10,K03652
score_10,K02777
score_10,K14540
score_10,K02073
score_10,K19091
score_10,K06206
score_10,K01486
score_10,K19954
score_10,K04029
score_10,K03624
score_10,K11527
score_10,K06163
score_10,K10697
score_10,K02411
score_10,K02203
score_10,K15974
score_10,K21399
score_10,K07727
score_10,K01580
score_10,K03612
score_10,K00564
score_10,K01235
score_10,K14977
score_10,K12940
score_10,K21903
score_10,K07670
score_10,K03394
score_10,K15876
score_10,K02864
score_10,K18692
score_10,K01953
score_10,K02003
score_10,K02867
score_10,K07318
score_10,K01161
score_10,K01142
score_10,K07004
score_10,K12942
score_10,K19271
score_10,K08151
score_10,K01788
score_10,K04096
score_10,K03706
score_10,K06895
score_10,K12554
score_10,K16960
score_10,K02396
score_10,K13252
score_10,K14058
score_10,K01754
score_10,K17235
score_10,K17331
score_10,K00245
score_10,K06878
score_10,K16014
score_10,K03095
score_10,K02488
score_10,K18675
score_10,K13920
score_10,K03930
score_10,K18829
score_10,K15555
score_10,K19005
score_10,K12999
score_10,K01448
score_10,K07224
score_10,K11614
score_10,K09471
score_10,K01699
score_10,K01778
score_10,K01697
score_10,K06384
score_10,K02663
score_10,K01644
score_10,K11782
score_10,K02437
score_10,K03293
score_10,K02117
score_10,K02109
score_10,K21498
score_10,K13040
score_10,K08167
score_10,K08314
score_10,K02926
score_10,K15584
score_10,K01914
score_10,K06877
score_10,K16148
score_10,K12452
score_10,K11144
score_10,K19955
score_10,K03651
score_10,K07393
score_10,K12660
score_10,K03313
score_10,K01194
score_10,K22457
score_10,K01246
score_10,K01297
score_10,K02240
score_10,K00851
score_10,K01227
score_10,K13038
score_10,K05685
score_10,K07133
score_10,K00858
score_10,K01710
score_10,K01654
score_10,K09117
score_10,K02074
score_10,K11617
score_10,K04565
score_10,K22606
score_10,K12997
score_10,K19429
score_10,K02428
score_10,K17836
score_10,K15586
score_10,K13571
score_10,K01858
score_10,K16301
score_10,K02348
score_10,K15778
score_10,K11068
score_10,K02000
score_10,K19125
score_10,K03274
score_10,K01709
score_10,K01916
score_10,K02120
score_10,K08281
score_10,K00784
score_10,K12661
score_10,K13640
score_10,K12733
score_10,K17947
score_10,K01104
score_10,K00772
score_10,K01273
score_10,K01755
score_10,K02035
score_10,K13787
score_10,K10986
score_10,K02601
score_10,K23518
score_10,K02232
score_10,K03932
score_10,K02103
score_10,K02902
score_10,K06904
score_10,K11537
score_10,K13932
score_10,K00330
score_10,K02652
score_10,K03471
score_10,K02666
score_10,K08372
score_10,K19803
score_10,K04516
score_10,K16651
score_10,K14445
score_10,K06193
score_10,K23270
score_10,K11934
score_10,K18348
score_10,K19168
score_10,K19124
score_10,K01815
score_10,K02124
score_10,K03834
score_10,K02049
score_10,K00030
score_10,K15921
score_10,K23257
score_10,K14379
score_10,K01844
score_10,K01355
score_10,K00198
score_10,K08999
score_10,K03473
score_10,K00681
score_10,K18345
score_10,K09973
score_10,K02099
score_10,K01590
score_10,K07017
score_10,K01791
score_10,K01026
score_10,K03444
score_10,K02815
score_10,K03544
score_10,K06284
score_10,K18197
score_10,K03196
score_10,K22432
score_10,K00697
score_10,K21556
score_10,K02528
score_10,K20037
score_10,K04026
score_10,K01841
score_10,K03558
score_10,K23182
score_10,K15899
score_10,K21557
score_10,K03534
score_10,K15524
score_10,K18891
score_10,K11927
score_10,K02687
score_10,K01678
score_10,K02316
score_10,K00647
score_10,K22906
score_10,K01304
score_10,K01599
score_10,K12373
score_10,K01885
score_10,K18012
score_10,K13049
score_10,K03367
score_10,K02824
score_10,K15855
score_10,K21567
score_10,K17241
score_10,K07304
score_10,K06391
score_10,K01612
score_10,K17246
score_10,K01635
score_10,K17245
score_10,K22441
score_10,K03833
score_10,K11102
score_10,K11618
score_10,K02118
score_10,K12410
score_10,K18830
score_10,K01201
score_10,K00158
score_10,K03752
score_10,K00616
score_10,K22901
score_10,K01652
score_10,K03813
score_10,K02058
score_10,K11784
score_10,K01784
score_10,K17758
score_10,K05823
score_10,K02453
score_10,K11921
score_10,K19090
score_10,K06872
score_10,K03297
score_10,K03476
score_10,K10563
score_10,K10985
score_10,K03191
score_10,K10441
score_10,K17242
score_10,K00130
score_10,K19422
score_10,K08309
score_10,K22900
score_10,K17735
score_10,K02858
score_10,K21395
score_10,K02992
score_10,K01232
score_10,K13497
score_10,K19972
score_10,K17759
score_10,K01802
score_10,K14731
score_10,K05846
score_10,K02108
score_10,K01708
score_10,K00997
score_10,K15527
score_10,K22103
score_10,K04076
score_10,K02413
score_10,K01711
score_10,K02014
score_10,K03491
score_10,K02416
score_10,K04844
score_10,K15023
score_10,K01880
score_10,K21572
score_10,K03276
score_10,K10710
score_10,K07266
score_10,K00558
score_10,K07016
score_10,K00709
score_10,K14654
score_10,K02217
score_10,K06117
score_10,K02172
score_10,K20859
score_10,K03578
score_10,K10974
score_10,K07139
score_10,K04092
score_10,K03818
score_10,K01286
score_10,K16957
score_10,K03289
score_10,K00817
score_10,K12541
score_10,K02346
score_10,K07243
score_10,K01734
score_10,K12527
score_10,K09809
score_10,K02032
score_10,K03628
score_10,K11206
score_10,K02248
score_10,K19046
score_10,K07483
score_10,K10805
score_10,K22902
score_10,K09922
score_10,K00973
score_10,K06920
score_10,K03517
score_10,K07313
score_10,K00324
score_10,K01759
score_10,K12251
score_10,K23245
score_10,K06297
score_10,K00174
score_10,K02115
score_10,K01919
score_10,K18707
score_10,K00230
score_10,K07649
score_10,K01077
score_10,K07668
score_10,K21961
score_10,K04062
score_10,K23231
score_10,K17195
score_10,K03711
score_10,K01746
score_10,K19689
score_10,K18008
score_10,K02246
score_10,K15371
score_10,K00128
score_10,K01630
score_10,K03722
score_10,K02841
score_10,K10678
score_10,K13891
score_10,K18011
score_10,K01531
score_10,K21750
score_10,K02427
score_10,K20904
score_10,K07115
score_10,K05593
score_10,K00134
score_10,K22699
score_10,K18237
score_10,K01534
score_10,K00091
score_10,K07221
score_10,K21993
score_10,K01661
score_10,K01674
score_10,K17723
score_10,K19299
score_10,K05796
score_10,K12267
score_10,K01252
score_10,K02573
score_10,K00194
score_10,K07130
score_10,K02195
score_10,K13735
score_10,K10939
score_10,K02550
score_10,K09972
score_10,K06906
score_10,K01042
score_10,K14194
score_10,K01643
score_10,K01996
score_10,K01494
score_10,K01733
score_10,K22757
score_10,K18838
score_10,K11904
score_10,K19419
score_10,K01515
score_10,K03656
score_10,K01571
score_10,K07264
score_10,K04335
score_10,K02079
score_10,K08163
score_10,K04781
score_10,K19354
score_10,K16090
score_10,K19350
score_10,K22597
score_10,K10906
score_10,K07784
score_10,K06317
score_10,K16325
score_10,K00137
score_10,K01963
score_10,K02377
score_10,K14054
score_10,K12060
score_10,K00568
score_10,K12943
score_10,K07495
score_10,K03590
score_10,K00428
score_10,K01138
score_10,K18104
score_10,K00520
score_10,K02173
score_10,K03755
score_10,K02886
score_10,K21085
score_10,K13641
score_10,K13243
score_10,K00001
score_10,K00052
score_10,K00088
score_10,K00098
score_10,K00105
score_10,K00116
score_10,K00121
score_10,K00133
score_10,K00183
score_10,K00196
score_10,K00231
score_10,K00246
score_10,K00282
score_10,K00285
score_10,K00348
score_10,K00368
score_10,K00383
score_10,K00389
score_10,K00412
score_10,K00457
score_10,K00533
score_10,K00556
score_10,K00574
score_10,K00602
score_10,K00631
score_10,K00651
score_10,K00662
score_10,K00674
score_10,K00684
score_10,K00760
score_10,K00783
score_10,K00786
score_10,K00801
score_10,K00821
score_10,K00840
score_10,K00845
score_10,K00864
score_10,K00865
score_10,K00867
score_10,K00925
score_10,K00932
score_10,K00948
score_10,K00995
score_10,K00998
score_10,K01023
score_10,K01057
score_10,K01061
score_10,K01066
score_10,K01079
score_10,K01082
score_10,K01085
score_10,K01093
score_10,K01101
score_10,K01118
score_10,K01133
score_10,K01141
score_10,K01160
score_10,K01163
score_10,K01183
score_10,K01197
score_10,K01222
score_10,K01223
score_10,K01243
score_10,K01271
score_10,K01274
score_10,K01277
score_10,K01356
score_10,K01409
score_10,K01419
score_10,K01425
score_10,K01426
score_10,K01447
score_10,K01460
score_10,K01468
score_10,K01470
score_10,K01482
score_10,K01491
score_10,K01497
score_10,K01525
score_10,K01537
score_10,K01577
score_10,K01582
score_10,K01608
score_10,K01615
score_10,K01624
score_10,K01627
score_10,K01638
score_10,K01639
score_10,K01662
score_10,K01667
score_10,K01669
score_10,K01676
score_10,K01682
score_10,K01689
score_10,K01693
score_10,K01696
score_10,K01713
score_10,K01719
score_10,K01720
score_10,K01740
score_10,K01744
score_10,K01745
score_10,K01753
score_10,K01772
score_10,K01775
score_10,K01776
score_10,K01782
score_10,K01787
score_10,K01790
score_10,K01808
score_10,K01825
score_10,K01847
score_10,K01867
score_10,K01870
score_10,K01874
score_10,K01875
score_10,K01876
score_10,K01878
score_10,K01906
score_10,K01912
score_10,K01918
score_10,K01955
score_10,K01956
score_10,K01974
score_10,K02007
score_10,K02008
score_10,K02013
score_10,K02016
score_10,K02022
score_10,K02030
score_10,K02031
score_10,K02036
score_10,K02038
score_10,K02048
score_10,K02065
score_10,K02081
score_10,K02083
score_10,K02100
score_10,K02114
score_10,K02122
score_10,K02123
score_10,K02160
score_10,K02169
score_10,K02170
score_10,K02189
score_10,K02194
score_10,K02198
score_10,K02227
score_10,K02231
score_10,K02244
score_10,K02279
score_10,K02298
score_10,K02314
score_10,K02315
score_10,K02334
score_10,K02341
score_10,K02355
score_10,K02363
score_10,K02380
score_10,K02385
score_10,K02386
score_10,K02394
score_10,K02406
score_10,K02410
score_10,K02412
score_10,K02418
score_10,K02452
score_10,K02456
score_10,K02459
score_10,K02461
score_10,K02470
score_10,K02482
score_10,K02495
score_10,K02507
score_10,K02529
score_10,K02538
score_10,K02549
score_10,K02551
score_10,K02556
score_10,K02558
score_10,K02588
score_10,K02647
score_10,K02654
score_10,K02689
score_10,K02773
score_10,K02774
score_10,K02783
score_10,K02796
score_10,K02812
score_10,K02813
score_10,K02835
score_10,K02844
score_10,K02848
score_10,K02855
score_10,K02860
score_10,K02876
score_10,K02878
score_10,K02884
score_10,K02887
score_10,K02890
score_10,K02895
score_10,K02909
score_10,K02931
score_10,K02948
score_10,K02950
score_10,K02982
score_10,K03046
score_10,K03113
score_10,K03119
score_10,K03154
score_10,K03177
score_10,K03184
score_10,K03208
score_10,K03291
score_10,K03294
score_10,K03306
score_10,K03311
score_10,K03335
score_10,K03336
score_10,K03385
score_10,K03413
score_10,K03426
score_10,K03439
score_10,K03445
score_10,K03475
score_10,K03482
score_10,K03485
score_10,K03487
score_10,K03524
score_10,K03549
score_10,K03579
score_10,K03580
score_10,K03583
score_10,K03585
score_10,K03591
score_10,K03592
score_10,K03620
score_10,K03625
score_10,K03635
score_10,K03643
score_10,K03647
score_10,K03657
score_10,K03670
score_10,K03687
score_10,K03695
score_10,K03701
score_10,K03737
score_10,K03744
score_10,K03745
score_10,K03749
score_10,K03757
score_10,K03765
score_10,K03767
score_10,K03776
score_10,K03777
score_10,K03786
score_10,K03810
score_10,K03816
score_10,K03817
score_10,K03836
score_10,K03855
score_10,K03928
score_10,K03929
score_10,K04017
score_10,K04033
score_10,K04041
score_10,K04043
score_10,K04333
score_10,K04568
score_10,K05499
score_10,K05526
score_10,K05570
score_10,K05592
score_10,K05708
score_10,K05785
score_10,K05786
score_10,K05790
score_10,K05820
score_10,K05834
score_10,K05844
score_10,K05845
score_10,K05874
score_10,K05876
score_10,K05939
score_10,K05964
score_10,K05967
score_10,K06006
score_10,K06019
score_10,K06145
score_10,K06157
score_10,K06159
score_10,K06167
score_10,K06189
score_10,K06222
score_10,K06287
score_10,K06400
score_10,K06445
score_10,K06518
score_10,K06605
score_10,K06887
score_10,K06889
score_10,K06903
score_10,K06978
score_10,K07000
score_10,K07023
score_10,K07038
score_10,K07095
score_10,K07096
score_10,K07102
score_10,K07109
score_10,K07120
score_10,K07151
score_10,K07160
score_10,K07161
score_10,K07213
score_10,K07245
score_10,K07248
score_10,K07279
score_10,K07289
score_10,K07300
score_10,K07305
score_10,K07323
score_10,K07346
score_10,K07467
score_10,K07493
score_10,K07503
score_10,K07559
score_10,K07570
score_10,K07639
score_10,K07642
score_10,K07648
score_10,K07673
score_10,K07674
score_10,K07675
score_10,K07676
score_10,K07679
score_10,K07702
score_10,K07710
score_10,K07733
score_10,K07749
score_10,K07771
score_10,K07786
score_10,K07788
score_10,K07811
score_10,K08172
score_10,K08222
score_10,K08279
score_10,K08318
score_10,K08323
score_10,K08348
score_10,K08484
score_10,K08602
score_10,K09004
score_10,K09013
score_10,K09116
score_10,K09691
score_10,K09758
score_10,K09767
score_10,K09773
score_10,K09800
score_10,K09815
score_10,K09858
score_10,K09888
score_10,K09903
score_10,K09936
score_10,K09952
score_10,K09960
score_10,K09970
score_10,K10004
score_10,K10011
score_10,K10013
score_10,K10017
score_10,K10038
score_10,K10109
score_10,K10110
score_10,K10121
score_10,K10439
score_10,K10440
score_10,K10543
score_10,K10544
score_10,K10545
score_10,K10747
score_10,K10806
score_10,K10824
score_10,K11066
score_10,K11073
score_10,K11075
score_10,K11076
score_10,K11085
score_10,K11105
score_10,K11216
score_10,K11250
score_10,K11472
score_10,K11474
score_10,K11604
score_10,K11742
score_10,K11752
score_10,K11754
score_10,K11895
score_10,K11910
score_10,K11912
score_10,K12056
score_10,K12064
score_10,K12113
score_10,K12132
score_10,K12139
score_10,K12146
score_10,K12343
score_10,K12518
score_10,K12525
score_10,K12542
score_10,K12574
score_10,K12684
score_10,K12687
score_10,K12941
score_10,K12954
score_10,K12974
score_10,K12978
score_10,K13004
score_10,K13018
score_10,K13052
score_10,K13059
score_10,K13498
score_10,K13529
score_10,K13574
score_10,K13620
score_10,K13626
score_10,K13631
score_10,K13632
score_10,K13677
score_10,K13821
score_10,K13889
score_10,K13890
score_10,K13918
score_10,K13934
score_10,K13954
score_10,K13979
score_10,K13993
score_10,K14053
score_10,K14055
score_10,K14062
score_10,K14392
score_10,K14534
score_10,K14645
score_10,K14744
score_10,K14989
score_10,K15034
score_10,K15256
score_10,K15268
score_10,K15372
score_10,K15396
score_10,K15534
score_10,K15539
score_10,K15550
score_10,K15585
score_10,K15587
score_10,K15600
score_10,K15866
score_10,K15868
score_10,K15986
score_10,K15987
score_10,K16011
score_10,K16012
score_10,K16053
score_10,K16074
score_10,K16088
score_10,K16089
score_10,K16136
score_10,K16140
score_10,K16211
score_10,K16345
score_10,K16787
score_10,K16789
score_10,K16868
score_10,K16886
score_10,K16899
score_10,K17077
score_10,K17203
score_10,K17680
score_10,K17722
score_10,K17938
score_10,K17948
score_10,K18094
score_10,K18095
score_10,K18123
score_10,K18141
score_10,K18142
score_10,K18369
score_10,K18430
score_10,K18640
score_10,K18888
score_10,K18899
score_10,K18928
score_10,K18929
score_10,K19055
score_10,K19088
score_10,K19157
score_10,K19222
score_10,K19227
score_10,K19265
score_10,K19270
score_10,K19337
score_10,K19353
score_10,K19504
score_10,K19507
score_10,K19510
score_10,K19611
score_10,K19745
score_10,K19971
score_10,K20461
score_10,K20483
score_10,K20541
score_10,K20627
score_10,K21021
score_10,K21084
score_10,K21088
score_10,K21089
score_10,K21440
score_10,K21449
score_10,K21464
score_10,K21469
score_10,K21495
score_10,K21511
score_10,K21512
score_10,K21637
score_10,K21739
score_10,K21742
score_10,K21908
score_10,K21964
score_10,K21973
score_10,K21974
score_10,K21990
score_10,K22111
score_10,K22131
score_10,K22278
score_10,K22339
score_10,K22397
score_10,K23005
score_10,K23015
score_10,K23016
score_10,K23183
score_10,K23271
score_11,K17398
score_11,K23547
score_11,K01607
score_11,K09469
score_11,K10241
score_11,K02744
score_11,K21948
score_11,K22424
score_11,K02510
score_11,K21417
score_11,K16248
score_11,K01725
score_11,K16951
score_11,K03650
score_11,K09924
score_11,K23393
score_11,K21578
score_11,K01524
score_11,K22605
score_11,K00567
score_11,K05979
score_11,K09760
score_11,K01040
score_11,K11741
score_11,K07552
score_11,K13016
score_11,K21023
score_11,K18344
score_11,K22607
score_11,K03602
score_11,K22405
score_11,K19545
score_11,K08722
score_11,K03324
score_11,K18979
score_11,K09859
score_11,K02517
score_11,K18866
score_11,K06120
score_11,K01560
score_11,K01910
score_11,K04835
score_11,K11733
score_11,K23189
score_11,K07149
score_11,K18119
score_11,K02474
score_11,K17716
score_11,K17204
score_11,K00863
score_11,K01430
score_11,K19428
score_11,K20276
score_11,K01046
score_11,K21576
score_11,K18331
score_11,K18889
score_11,K06153
score_11,K23351
score_11,K03087
score_11,K03111
score_11,K10560
score_11,K17318
score_11,K23536
score_11,K10708
score_11,K08963
score_11,K19540
score_11,K19405
score_11,K06013
score_11,K02531
score_11,K03841
score_11,K15552
score_11,K22736
score_11,K06015
score_11,K01299
score_11,K14048
score_11,K15515
score_11,K20344
score_11,K07089
score_11,K13653
score_11,K21579
score_11,K07337
score_11,K22522
score_11,K17319
score_11,K02039
score_11,K16881
score_11,K20345
score_11,K06997
score_11,K15924
score_11,K15922
score_11,K19134
score_11,K01925
score_11,K07306
score_11,K02434
score_11,K09764
score_11,K00254
score_11,K01903
score_11,K00113
score_11,K21400
score_11,K00560
score_11,K01261
score_11,K16907
score_11,K02197
score_11,K07460
score_11,K01939
score_11,K02055
score_11,K03503
score_11,K03803
score_11,K01972
score_11,K21416
score_11,K11104
score_11,K07319
score_11,K22129
score_11,K18427
score_11,K21571
score_11,K04047
score_11,K00364
score_11,K10556
score_11,K13542
score_11,K07025
score_11,K01902
score_11,K17320
score_11,K07341
score_11,K19114
score_11,K19286
score_11,K09014
score_11,K10559
score_11,K03969
score_11,K00459
score_11,K19505
score_11,K01226
score_11,K06926
score_11,K01473
score_11,K03665
score_11,K23535
score_11,K13012
score_11,K12059
score_11,K01735
score_11,K19171
score_11,K03975
score_11,K18231
score_11,K01835
score_11,K02933
score_11,K03781
score_11,K14652
score_11,K01779
score_11,K09812
score_11,K08299
score_11,K05808
score_11,K07132
score_11,K08282
score_11,K00819
score_11,K07455
score_11,K00661
score_11,K01151
score_11,K01817
score_11,K01547
score_11,K21147
score_11,K19242
score_11,K16784
score_11,K15871
score_11,K07005
score_11,K07704
score_11,K01281
score_11,K07474
score_11,K06950
score_11,K13075
score_11,K00768
score_11,K09131
score_11,K23148
score_11,K08094
score_11,K01883
score_11,K03190
score_11,K07505
score_11,K13921
score_11,K23546
score_11,K01695
score_11,K12293
score_11,K14188
score_11,K15582
score_11,K05851
score_11,K02793
score_11,K08364
score_11,K00886
score_11,K00287
score_11,K13671
score_11,K02526
score_11,K01886
score_11,K01623
score_11,K01890
score_11,K02040
score_11,K02226
score_11,K16328
score_11,K11529
score_11,K16874
score_11,K03187
score_11,K18910
score_11,K00712
score_11,K19092
score_11,K01665
score_11,K15460
score_11,K15977
score_11,K22227
score_11,K21063
score_11,K19421
score_11,K06879
score_11,K00171
score_11,K00371
score_11,K09118
score_11,K18332
score_11,K06199
score_11,K21759
score_11,K09861
score_11,K03769
score_11,K03230
score_11,K07192
score_11,K17828
score_11,K01479
score_11,K01198
score_11,K03664
score_11,K19118
score_11,K21583
score_11,K01715
score_11,K02009
score_11,K10120
score_11,K03565
score_11,K02852
score_11,K01646
score_11,K03116
score_11,K02372
score_11,K03601
score_11,K02768
score_11,K01934
score_11,K00809
score_11,K01056
score_11,K16147
score_11,K18330
score_11,K00831
score_11,K23004
score_11,K18346
score_11,K02395
score_11,K15669
score_11,K00112
score_11,K07659
score_11,K06956
score_11,K05795
score_11,K01750
score_11,K03522
score_11,K09940
score_11,K00826
score_11,K02121
score_11,K13019
score_11,K03605
score_11,K10231
score_11,K00372
score_11,K03800
score_11,K17103
score_11,K02906
score_11,K01501
score_11,K00526
score_11,K01760
score_11,K17837
score_11,K02424
score_11,K03072
score_11,K01546
score_11,K02454
score_11,K02557
score_11,K17465
score_11,K00150
score_11,K22300
score_11,K16906
score_11,K07443
score_11,K22431
score_11,K06020
score_11,K21577
score_11,K11041
score_11,K10979
score_11,K03748
score_11,K18221
score_11,K02548
score_11,K15599
score_11,K01507
score_11,K09961
score_11,K00598
score_11,K02011
score_11,K07173
score_11,K16149
score_11,K19424
score_11,K23059
score_11,K09705
score_11,K19158
score_11,K18302
score_11,K13919
score_11,K01173
score_11,K19048
score_11,K17818
score_11,K18955
score_11,K19115
score_11,K02188
score_11,K02340
score_11,K16905
score_11,K11203
score_11,K13931
score_11,K09793
score_11,K02337
score_11,K01523
score_11,K01611
score_11,K14665
score_11,K03074
score_11,K03828
score_11,K14155
score_11,K07485
score_11,K03727
score_11,K01932
score_11,K03596
score_11,K01997
score_11,K04940
score_11,K07571
score_11,K09989
score_11,K11175
score_11,K01739
score_11,K07746
score_11,K00433
score_11,K18926
score_11,K21672
score_11,K22319
score_11,K03742
score_11,K03667
score_11,K20866
score_11,K07246
score_11,K00325
score_11,K01818
score_11,K00632
score_11,K02342
score_11,K01653
score_11,K11145
score_11,K00688
score_11,K22293
score_11,K03589
score_11,K01034
score_11,K01586
score_11,K10709
score_11,K02552
score_11,K03709
score_11,K11202
score_11,K06928
score_11,K03325
score_11,K00848
score_11,K07657
score_11,K00156
score_11,K08978
score_11,K03219
score_11,K01989
score_11,K01597
score_11,K19334
score_11,K10005
score_11,K01952
score_11,K20444
score_11,K14983
score_11,K02245
score_11,K19117
score_11,K18216
score_11,K01208
score_11,K20534
score_11,K07084
score_11,K15870
score_11,K05346
score_11,K17865
score_11,K00054
score_11,K19049
score_11,K05524
score_11,K22933
score_11,K01361
score_11,K21898
score_11,K00053
score_11,K06218
score_11,K22927
score_11,K01761
score_11,K17243
score_11,K01703
score_11,K01480
score_11,K03073
score_11,K13628
score_11,K01609
score_11,K02499
score_11,K02112
score_11,K21064
score_11,K00641
score_11,K17466
score_11,K17686
score_11,K14083
score_11,K02839
score_11,K23123
score_11,K21279
score_11,K20489
score_11,K00012
score_11,K10008
score_11,K02106
score_11,K21055
score_11,K11312
score_11,K19355
score_11,K08981
score_11,K22130
score_11,K08302
score_11,K05367
score_11,K02408
score_11,K15725
score_11,K14623
score_11,K07075
score_11,K01893
score_11,K02834
score_11,K07053
score_11,K02054
score_11,K03043
score_11,K03519
score_11,K02994
score_11,K17076
score_11,K02072
score_11,K01771
score_11,K10561
score_11,K03366
score_11,K20038
score_11,K05770
score_11,K01892
score_11,K02614
score_11,K11261
score_11,K01081
score_11,K06996
score_11,K00100
score_11,K02401
score_11,K01729
score_11,K07029
score_11,K05946
score_11,K02379
score_11,K07798
score_11,K02338
score_11,K17108
score_11,K02939
score_11,K03337
score_11,K23508
score_11,K03215
score_11,K01305
score_11,K02747
score_11,K00561
score_11,K13281
score_11,K21828
score_11,K00939
score_11,K06281
score_11,K19147
score_11,K01706
score_11,K00342
score_11,K02233
score_11,K19302
score_11,K02746
score_11,K01666
score_11,K05838
score_11,K07638
score_11,K00991
score_11,K07101
score_11,K02404
score_11,K08986
score_11,K01698
score_11,K04567
score_11,K01998
score_11,K00836
score_11,K16926
score_11,K19701
score_11,K02236
score_11,K21405
score_11,K06282
score_11,K20452
score_11,K02052
score_11,K22226
score_11,K04518
score_11,K01139
score_11,K02006
score_11,K01971
score_11,K01814
score_11,K13829
score_11,K07078
score_11,K00123
score_11,K03481
score_11,K01153
score_11,K20487
score_11,K02020
score_11,K03101
score_11,K18785
score_11,K21030
score_11,K09137
score_11,K15531
score_11,K01641
score_11,K06203
score_11,K06333
score_11,K00869
score_11,K02082
score_11,K01751
score_11,K02589
score_11,K02961
score_11,K02473
score_11,K21636
score_11,K04069
score_11,K00549
score_11,K07082
score_11,K01640
score_11,K00874
score_11,K00962
score_11,K02414
score_11,K02358
score_11,K03088
score_11,K06999
score_11,K05351
score_11,K02825
score_11,K09807
score_11,K00261
score_11,K17467
score_11,K16698
score_11,K14170
score_11,K02044
score_11,K11991
score_11,K21473
score_11,K07506
score_11,K01658
score_11,K11924
score_11,K16963
score_11,K07768
score_11,K13922
score_11,K16371
score_11,K01493
score_11,K18471
score_11,K18013
score_11,K16169
score_11,K12206
score_11,K14988
score_11,K02794
score_11,K00275
score_11,K00798
score_11,K03429
score_11,K13818
score_11,K05810
score_11,K03925
score_11,K06211
score_11,K02343
score_11,K03569
score_11,K01756
score_11,K06908
score_11,K02836
score_11,K01889
score_11,K02034
score_11,K04077
score_11,K19002
score_11,K03098
score_11,K01770
score_11,K03641
score_11,K12998
score_11,K03424
score_11,K12292
score_11,K01150
score_11,K05569
score_11,K10530
score_11,K03048
score_11,K04767
score_11,K22579
score_11,K02786
score_11,K06881
score_11,K05772
score_11,K02029
score_11,K02492
score_11,K09761
score_11,K03060
score_11,K05791
score_11,K02455
score_11,K23303
score_11,K01573
score_11,K02304
score_11,K02837
score_11,K01846
score_11,K16898
score_11,K12058
score_11,K19116
score_11,K05825
score_11,K07722
score_11,K12506
score_11,K04061
score_11,K16788
score_11,K07014
score_11,K23149
score_11,K01006
score_11,K17363
score_11,K00663
score_11,K15533
score_11,K20976
score_11,K01869
score_11,K20073
score_11,K18831
score_11,K02190
score_11,K18887
score_11,K22230
score_11,K13927
score_11,K01962
score_11,K00209
score_11,K16213
score_11,K07257
score_11,K12066
score_11,K02874
score_11,K00691
score_11,K03708
score_11,K02053
score_11,K11753
score_11,K01251
score_11,K01358
score_11,K17992
score_11,K15724
score_11,K02274
score_11,K07071
score_11,K03226
score_11,K03179
score_11,K16785
score_11,K02111
score_11,K01730
score_11,K06975
score_11,K18986
score_11,K07445
score_11,K12141
score_11,K12270
score_11,K00031
score_11,K10558
score_11,K21011
score_11,K02990
score_11,K19166
score_11,K07307
score_11,K08969
score_11,K21065
score_11,K13668
score_11,K01092
score_11,K02500
score_11,K09967
score_11,K12556
score_11,K02619
score_11,K02389
score_11,K19126
score_11,K18220
score_11,K01210
score_11,K03976
score_11,K08972
score_11,K09009
score_11,K02409
score_11,K19140
score_11,K01857
score_11,K01420
score_11,K04720
score_11,K12555
score_11,K23003
score_11,K06894
score_11,K15342
score_11,K01845
score_11,K20511
score_11,K04031
score_11,K00355
score_11,K22213
score_11,K03492
score_11,K17898
score_11,K11533
score_11,K02068
score_11,K02563
score_11,K03820
score_11,K18217
score_11,K02017
score_11,K17910
score_11,K01476
score_11,K01499
score_11,K07308
score_11,K09923
score_11,K19997
score_11,K00048
score_11,K01091
score_11,K09935
score_11,K10914
score_11,K01990
score_11,K02988
score_11,K03699
score_11,K01214
score_11,K06223
score_11,K01154
score_11,K02433
score_11,K01843
score_11,K00313
score_11,K12990
score_11,K07056
score_11,K02050
score_11,K15633
score_11,K12339
score_11,K09789
score_11,K02745
score_11,K13953
score_11,K02585
score_11,K01905
score_11,K12213
score_11,K00969
score_11,K01548
score_11,K01879
score_11,K00239
score_11,K01035
score_11,K01295
score_11,K00758
score_11,K03646
score_11,K05989
score_11,K14415
score_11,K03719
score_11,K21471
score_11,K07776
score_11,K00806
score_11,K22468
score_11,K01610
score_11,K07484
score_11,K00073
score_11,K01872
score_11,K16850
score_11,K06320
score_11,K06897
score_11,K01195
score_11,K12297
score_11,K07217
score_11,K01216
score_11,K10007
score_11,K11646
score_11,K11534
score_11,K06962
score_11,K09820
score_11,K16950
score_11,K04772
score_11,K01647
score_11,K10548
score_11,K13015
score_11,K16214
score_11,K03272
score_11,K18856
score_11,K12268
score_11,K19294
score_11,K20112
score_11,K16209
score_11,K05349
score_11,K07343
score_11,K03188
score_11,K08311
score_11,K07214
score_11,K02911
score_11,K00170
score_11,K12685
score_11,K02564
score_11,K21394
score_11,K00926
score_11,K14088
score_11,K01807
score_11,K04028
score_11,K01247
score_11,K21140
score_11,K02086
score_11,K00824
score_11,K02863
score_11,K05342
score_11,K18206
score_11,K10716
score_11,K03271
score_11,K01218
score_11,K17624
score_11,K00936
score_11,K09696
score_11,K01821
score_11,K04751
score_11,K16264
score_11,K01338
score_11,K20480
score_11,K03521
score_11,K19310
score_11,K16238
score_11,K01941
score_11,K20885
score_11,K07451
score_11,K03734
score_11,K02238
score_11,K21345
score_11,K18234
score_11,K01804
score_11,K02302
score_11,K02523
score_11,K16435
score_11,K13327
score_11,K07051
score_11,K09988
score_11,K21012
score_11,K02907
score_11,K12995
score_11,K04562
score_11,K09703
score_11,K07800
score_11,K07054
score_11,K00613
score_11,K07278
score_11,K03736
score_11,K07074
score_11,K21613
score_11,K02843
score_11,K00950
score_11,K04019
score_11,K12209
score_11,K09819
score_11,K01633
score_11,K23107
score_11,K03584
score_11,K15727
score_11,K03977
score_11,K01478
score_11,K19068
score_11,K02590
score_11,K08717
score_11,K02435
score_11,K07316
score_11,K19285
score_11,K22477
score_11,K12203
score_11,K01488
score_11,K23163
score_11,K02067
score_11,K00184
score_11,K18214
score_11,K04090
score_11,K10778
score_11,K01322
score_11,K11004
score_11,K15772
score_11,K01687
score_11,K00656
score_11,K02078
score_11,K01945
score_11,K09803
score_11,K00880
score_11,K21472
score_11,K21132
score_11,K22994
score_11,K18139
score_11,K06182
score_11,K03490
score_11,K17810
score_11,K00927
score_11,K06907
score_11,K09949
score_11,K01621
score_11,K11031
score_11,K01354
score_11,K07315
score_11,K00773
score_11,K16091
score_11,K04761
score_11,K07270
score_11,K03531
score_11,K03735
score_11,K09770
score_11,K07118
score_11,K18930
score_11,K06191
score_11,K07458
score_11,K00390
score_11,K00720
score_11,K01991
score_11,K21900
score_11,K13652
score_11,K01126
score_11,K00362
score_11,K14086
score_11,K07735
score_11,K02586
score_11,K01933
score_11,K01191
score_11,K06217
score_11,K05589
score_11,K07069
score_11,K22396
score_11,K12217
score_11,K23301
score_11,K01179
score_11,K16786
score_11,K03606
score_11,K04013
score_11,K00045
score_11,K18334
score_11,K02477
score_11,K15771
score_11,K16052
score_11,K01868
score_11,K00658
score_11,K06891
score_11,K11928
score_11,K00803
score_11,K15726
score_11,K02077
score_11,K01466
score_11,K01937
score_11,K00338
score_11,K05566
score_11,K00759
score_11,K06201
score_11,K15554
score_11,K07165
score_11,K00957
score_11,K13694
score_11,K05794
score_11,K03106
score_11,K06990
score_11,K10036
score_11,K16650
score_11,K02042
score_11,K13277
score_11,K15915
score_11,K09136
score_11,K01838
score_11,K13611
score_11,K01060
score_11,K02193
score_11,K11329
score_11,K00655
score_11,K02761
score_11,K01457
score_11,K11707
score_11,K03724
score_11,K07239
score_11,K09684
score_11,K07404
score_11,K06402
score_11,K01679
score_11,K01873
score_11,K00197
score_11,K01589
score_11,K00341
score_11,K00145
score_11,K11751
score_11,K03552
score_11,K17234
score_11,K20903
score_11,K03186
score_11,K18474
score_11,K04044
score_11,K21936
score_11,K07112
score_11,K09007
score_11,K01185
score_11,K04095
score_11,K20450
score_11,K05780
score_11,K03411
score_11,K01768
score_11,K04075
score_11,K07712
score_11,K13525
score_11,K02493
score_11,K02012
score_11,K05567
score_11,K12960
score_11,K02501
score_11,K15553
score_11,K01777
score_11,K11072
score_11,K07457
score_11,K01929
score_11,K01551
score_11,K00077
score_11,K20626
score_11,K03273
score_11,K01069
score_11,K01039
score_11,K00441
score_11,K02569
score_11,K07098
score_11,K12214
score_11,K21814
score_11,K02400
score_11,K22116
score_11,K12138
score_11,K00657
score_11,K14414
score_11,K19172
score_11,K19789
score_11,K00370
score_11,K08168
score_11,K15898
score_11,K11710
score_11,K04764
score_11,K03470
score_11,K03446
score_11,K12065
score_11,K17213
score_11,K02019
score_11,K22430
score_11,K00694
score_11,K18122
score_11,K01114
score_11,K23541
score_11,K12992
score_11,K12137
score_11,K23170
score_11,K19427
score_11,K09969
score_11,K01193
score_11,K10907
score_11,K03772
score_11,K19139
score_11,K11181
score_11,K22232
score_11,K09167
score_11,K18349
score_11,K13788
score_11,K11709
score_11,K18475
score_11,K00135
score_11,K01950
score_11,K09144
score_11,K02051
score_11,K09001
score_11,K06941
score_11,K23169
score_11,K16925
score_11,K19883
score_11,K00373
score_11,K06166
score_11,K03756
score_11,K01581
score_11,K20484
score_11,K03704
score_11,K01058
score_11,K01728
score_11,K18350
score_11,K03182
score_11,K03090
score_11,K02688
score_11,K07357
score_11,K01625
score_11,K02533
score_11,K01812
score_11,K11785
score_11,K06221
score_11,K07813
score_11,K02224
score_11,K01809
score_11,K00042
score_11,K02397
score_11,K03409
score_11,K11606
score_11,K06929
score_11,K22349
score_11,K03830
score_11,K16885
score_11,K16235
score_11,K01938
score_11,K14091
score_11,K02045
score_11,K02784
score_11,K03638
score_11,K17236
score_11,K11615
score_11,K01737
score_11,K07491
score_11,K01429
score_11,K04783
score_11,K03390
score_11,K06859
score_11,K23352
score_11,K03412
score_11,K19170
score_11,K00041
score_11,K01266
score_11,K06606
score_11,K01147
score_11,K03562
score_11,K01649
score_11,K08161
score_11,K00010
score_11,K18303
score_11,K00094
score_11,K15520
score_11,K06395
score_11,K04749
score_11,K11690
score_11,K18120
score_11,K23077
score_11,K05363
score_11,K13288
score_11,K19710
score_11,K20509
score_11,K03497
score_11,K02056
score_11,K13929
score_11,K05916
score_11,K19169
score_11,K03604
score_11,K17218
score_11,K07127
score_11,K21681
score_11,K15125
score_11,K19273
score_11,K02283
score_11,K23356
score_11,K06408
score_11,K00164
score_11,K09964
score_11,K07275
score_11,K07729
score_11,K11065
score_11,K07654
score_11,K07106
score_11,K13990
score_11,K20341
score_11,K11051
score_11,K23537
score_11,K12140
score_11,K01823
score_11,K01626
score_11,K14090
score_11,K18014
score_11,K01176
score_11,K06334
score_11,K02010
score_11,K09477
score_11,K03642
score_11,K18205
score_11,K12111
score_11,K20862
score_11,K16153
score_11,K07250
score_11,K07219
score_11,K21619
score_11,K13963
score_11,K00065
score_11,K12503
score_11,K02282
score_11,K17073
score_11,K07080
score_11,K03572
score_11,K07741
score_11,K12218
score_11,K09011
score_11,K03732
score_11,K13819
score_11,K01685
score_11,K18479
score_11,K05337
score_11,K01803
score_11,K20265
score_11,K00978
score_11,K07272
score_11,K01011
score_11,K08297
score_11,K11214
score_11,K18545
score_11,K01866
score_11,K00625
score_11,K07979
score_11,K00640
score_11,K01926
score_11,K21344
score_11,K05568
score_11,K02230
score_11,K19119
score_11,K02047
score_11,K09697
score_11,K04566
score_11,K00344
score_11,K12528
score_11,K07739
score_11,K16922
score_11,K10681
score_11,K00619
score_11,K16961
score_11,K01816
score_11,K11050
score_11,K16846
score_11,K07126
score_11,K07037
score_11,K01738
score_11,K00002
score_11,K01613
score_11,K02119
score_11,K16923
score_11,K20257
score_11,K07666
score_11,K16212
score_11,K02664
score_11,K17074
score_11,K02028
score_11,K01436
score_11,K15583
score_11,K16087
score_11,K02291
score_11,K01783
score_11,K08319
score_11,K14982
score_11,K09825
score_11,K18814
score_11,K13280
score_11,K07507
score_11,K02444
score_11,K01628
score_11,K02313
score_11,K01854
score_11,K11180
score_11,K10107
score_11,K00009
score_11,K01284
score_11,K01999
score_11,K18828
score_11,K01449
score_11,K09979
score_11,K09791
score_11,K18118
score_11,K01485
score_11,K09931
score_11,K20488
score_11,K03926
score_11,K02415
score_11,K01561
score_11,K09692
score_11,K03399
score_11,K01849
score_11,K11738
score_11,K03077
score_11,K18890
score_11,K01780
score_11,K01629
score_11,K12072
score_11,K01262
score_11,K07032
score_11,K18285
score_11,K07006
score_11,K01993
score_11,K06205
score_11,K02591
score_11,K09689
score_11,K04014
score_11,K01958
score_11,K09155
score_11,K03738
score_11,K00111
score_11,K05306
score_11,K07787
score_11,K00547
score_11,K01579
score_11,K03564
score_11,K09138
score_11,K23573
score_11,K04750
score_11,K11749
score_11,K07148
score_11,K05396
score_11,K16203
score_11,K00346
score_11,K06909
score_11,K09702
score_11,K03666
score_11,K07719
score_11,K02041
score_11,K04784
score_11,K01839
score_11,K00102
score_11,K20974
score_11,K00603
score_11,K00437
score_11,K17215
score_11,K00046
score_11,K21947
score_11,K01813
score_11,K02075
score_11,K03299
score_11,K04561
score_11,K19956
score_11,K03760
score_11,K08153
score_11,K13587
score_11,K07442
score_11,K06331
score_11,K01439
score_11,K02426
score_11,K02025
score_11,K03405
score_11,K03582
score_11,K00931
score_11,K02574
score_11,K00986
score_11,K10823
score_11,K02554
score_11,K01921
score_11,K13643
score_11,K05801
score_11,K02168
score_11,K11755
score_11,K07406
score_11,K03437
score_11,K02018
score_11,K02182
score_11,K11743
score_11,K17734
score_11,K05352
score_11,K22212
score_11,K01428
score_11,K20814
score_11,K07031
score_11,K01474
score_11,K15580
score_11,K15770
score_11,K06446
score_11,K10819
score_11,K01520
score_11,K02935
score_11,K02420
score_11,K00981
score_11,K00057
score_11,K05366
score_11,K02171
score_11,K19167
score_11,K05988
score_11,K02110
score_11,K22132
score_11,K00604
score_11,K02970
score_11,K19165
score_11,K02440
score_11,K02242
score_11,K01182
score_11,K22723
score_11,K11708
score_11,K13599
score_11,K22044
score_11,K00281
score_11,K02443
score_11,K12240
score_11,K15738
score_11,K02916
score_11,K06608
score_11,K08159
score_11,K21573
score_11,K06610
score_11,K05811
score_11,K17733
score_11,K02483
score_11,K18918
score_11,K09139
score_11,K01224
score_11,K01008
score_11,K11381
score_11,K10547
score_11,K02520
score_11,K03547
score_11,K10012
score_11,K01181
score_11,K01668
score_11,K21467
score_11,K12982
score_11,K06001
score_11,K23398
score_11,K00633
score_11,K03224
score_11,K22373
score_11,K00970
score_11,K05873
score_11,K02968
score_11,K01575
score_11,K00854
score_11,K23259
score_11,K20492
score_11,K16139
score_11,K15975
score_11,K00381
score_11,K02594
score_11,K15581
score_11,K00571
score_11,K05816
score_11,K02390
score_11,K06181
score_11,K04045
score_11,K01758
score_11,K18816
score_11,K02133
score_11,K07309
score_11,K02946
score_11,K06915
score_11,K07321
score_11,K01677
score_11,K03826
score_11,K02525
score_11,K13584
score_11,K00983
score_11,K11071
score_11,K16924
score_11,K14761
score_11,K01834
score_11,K02243
score_11,K10037
score_11,K10682
score_11,K03972
score_11,K00954
score_11,K01308
score_11,K01451
score_11,K01736
score_11,K19508
score_11,K12296
score_11,K01995
score_11,K01265
score_11,K12511
score_11,K03227
score_11,K07705
score_11,K00800
score_11,K21563
score_11,K19309
score_11,K14153
score_11,K02015
score_11,K02005
score_11,K02838
score_11,K19159
score_11,K15773
score_11,K09951
score_11,K00283
score_11,K01270
score_11,K06952
score_11,K19123
score_11,K01657
score_11,K11070
score_11,K00928
score_11,K20342
score_11,K18704
score_11,K20415
score_11,K10213
score_11,K01089
score_11,K21749
score_11,K18893
score_11,K02237
score_11,K20491
score_11,K02004
score_11,K05822
score_11,K06942
score_11,K14205
score_11,K02986
score_11,K08680
score_11,K01915
score_11,K03147
score_11,K16959
score_11,K01727
score_11,K19509
score_11,K17899
score_11,K03799
score_11,K11720
score_11,K18672
score_11,K12295
score_11,K00853
score_11,K22958
score_11,K02598
score_11,K07717
score_11,K02026
score_11,K03652
score_11,K02777
score_11,K14540
score_11,K02073
score_11,K19091
score_11,K06206
score_11,K01486
score_11,K19954
score_11,K04029
score_11,K03624
score_11,K11527
score_11,K06163
score_11,K10697
score_11,K02411
score_11,K02203
score_11,K15974
score_11,K21399
score_11,K07727
score_11,K01580
score_11,K03612
score_11,K00564
score_11,K01235
score_11,K14977
score_11,K12940
score_11,K21903
score_11,K07670
score_11,K03394
score_11,K15876
score_11,K02864
score_11,K18692
score_11,K01953
score_11,K02003
score_11,K02867
score_11,K07318
score_11,K01161
score_11,K01142
score_11,K07004
score_11,K12942
score_11,K19271
score_11,K08151
score_11,K01788
score_11,K04096
score_11,K03706
score_11,K06895
score_11,K12554
score_11,K16960
score_11,K02396
score_11,K13252
score_11,K14058
score_11,K01754
score_11,K17235
score_11,K17331
score_11,K00245
score_11,K06878
score_11,K16014
score_11,K03095
score_11,K02488
score_11,K18675
score_11,K13920
score_11,K03930
score_11,K18829
score_11,K15555
score_11,K19005
score_11,K12999
score_11,K01448
score_11,K07224
score_11,K11614
score_11,K09471
score_11,K01699
score_11,K01778
score_11,K01697
score_11,K06384
score_11,K02663
score_11,K01644
score_11,K11782
score_11,K02437
score_11,K03293
score_11,K02117
score_11,K02109
score_11,K21498
score_11,K13040
score_11,K08167
score_11,K08314
score_11,K02926
score_11,K15584
score_11,K01914
score_11,K06877
score_11,K16148
score_11,K12452
score_11,K11144
score_11,K19955
score_11,K03651
score_11,K07393
score_11,K12660
score_11,K03313
score_11,K01194
score_11,K22457
score_11,K01246
score_11,K01297
score_11,K02240
score_11,K00851
score_11,K01227
score_11,K13038
score_11,K05685
score_11,K07133
score_11,K00858
score_11,K01710
score_11,K01654
score_11,K09117
score_11,K02074
score_11,K11617
score_11,K04565
score_11,K22606
score_11,K12997
score_11,K19429
score_11,K02428
score_11,K17836
score_11,K15586
score_11,K13571
score_11,K01858
score_11,K16301
score_11,K02348
score_11,K15778
score_11,K11068
score_11,K02000
score_11,K19125
score_11,K03274
score_11,K01709
score_11,K01916
score_11,K02120
score_11,K08281
score_11,K00784
score_11,K12661
score_11,K13640
score_11,K12733
score_11,K17947
score_11,K01104
score_11,K00772
score_11,K01273
score_11,K01755
score_11,K02035
score_11,K13787
score_11,K10986
score_11,K02601
score_11,K23518
score_11,K02232
score_11,K03932
score_11,K02103
score_11,K02902
score_11,K06904
score_11,K11537
score_11,K13932
score_11,K00330
score_11,K02652
score_11,K03471
score_11,K02666
score_11,K08372
score_11,K19803
score_11,K04516
score_11,K16651
score_11,K14445
score_11,K06193
score_11,K23270
score_11,K11934
score_11,K18348
score_11,K19168
score_11,K19124
score_11,K01815
score_11,K02124
score_11,K03834
score_11,K02049
score_11,K00030
score_11,K15921
score_11,K23257
score_11,K14379
score_11,K01844
score_11,K01355
score_11,K00198
score_11,K08999
score_11,K03473
score_11,K00681
score_11,K18345
score_11,K09973
score_11,K02099
score_11,K01590
score_11,K07017
score_11,K01791
score_11,K01026
score_11,K03444
score_11,K02815
score_11,K03544
score_11,K06284
score_11,K18197
score_11,K03196
score_11,K22432
score_11,K00697
score_11,K21556
score_11,K02528
score_11,K20037
score_11,K04026
score_11,K01841
score_11,K03558
score_11,K23182
score_11,K15899
score_11,K21557
score_11,K03534
score_11,K15524
score_11,K18891
score_11,K11927
score_11,K02687
score_11,K01678
score_11,K02316
score_11,K00647
score_11,K22906
score_11,K01304
score_11,K01599
score_11,K12373
score_11,K01885
score_11,K18012
score_11,K13049
score_11,K03367
score_11,K02824
score_11,K15855
score_11,K21567
score_11,K17241
score_11,K07304
score_11,K06391
score_11,K01612
score_11,K17246
score_11,K01635
score_11,K17245
score_11,K22441
score_11,K03833
score_11,K11102
score_11,K11618
score_11,K02118
score_11,K12410
score_11,K18830
score_11,K01201
score_11,K00158
score_11,K03752
score_11,K00616
score_11,K22901
score_11,K01652
score_11,K03813
score_11,K02058
score_11,K11784
score_11,K01784
score_11,K17758
score_11,K05823
score_11,K02453
score_11,K11921
score_11,K19090
score_11,K06872
score_11,K03297
score_11,K03476
score_11,K10563
score_11,K10985
score_11,K03191
score_11,K10441
score_11,K17242
score_11,K00130
score_11,K19422
score_11,K08309
score_11,K22900
score_11,K17735
score_11,K02858
score_11,K21395
score_11,K02992
score_11,K01232
score_11,K13497
score_11,K19972
score_11,K17759
score_11,K01802
score_11,K14731
score_11,K05846
score_11,K02108
score_11,K01708
score_11,K00997
score_11,K15527
score_11,K22103
score_11,K04076
score_11,K02413
score_11,K01711
score_11,K02014
score_11,K03491
score_11,K02416
score_11,K04844
score_11,K15023
score_11,K01880
score_11,K21572
score_11,K03276
score_11,K10710
score_11,K07266
score_11,K00558
score_11,K07016
score_11,K00709
score_11,K14654
score_11,K02217
score_11,K06117
score_11,K02172
score_11,K20859
score_11,K03578
score_11,K10974
score_11,K07139
score_11,K04092
score_11,K03818
score_11,K01286
score_11,K16957
score_11,K03289
score_11,K00817
score_11,K12541
score_11,K02346
score_11,K07243
score_11,K01734
score_11,K12527
score_11,K09809
score_11,K02032
score_11,K03628
score_11,K11206
score_11,K02248
score_11,K19046
score_11,K07483
score_11,K10805
score_11,K22902
score_11,K09922
score_11,K00973
score_11,K06920
score_11,K03517
score_11,K07313
score_11,K00324
score_11,K01759
score_11,K12251
score_11,K23245
score_11,K06297
score_11,K00174
score_11,K02115
score_11,K01919
score_11,K18707
score_11,K00230
score_11,K07649
score_11,K01077
score_11,K07668
score_11,K21961
score_11,K04062
score_11,K23231
score_11,K17195
score_11,K03711
score_11,K01746
score_11,K19689
score_11,K18008
score_11,K02246
score_11,K15371
score_11,K00128
score_11,K01630
score_11,K03722
score_11,K02841
score_11,K10678
score_11,K13891
score_11,K18011
score_11,K01531
score_11,K21750
score_11,K02427
score_11,K20904
score_11,K07115
score_11,K05593
score_11,K00134
score_11,K22699
score_11,K18237
score_11,K01534
score_11,K00091
score_11,K07221
score_11,K21993
score_11,K01661
score_11,K01674
score_11,K17723
score_11,K19299
score_11,K05796
score_11,K12267
score_11,K01252
score_11,K02573
score_11,K00194
score_11,K07130
score_11,K02195
score_11,K13735
score_11,K10939
score_11,K02550
score_11,K09972
score_11,K06906
score_11,K01042
score_11,K14194
score_11,K01643
score_11,K01996
score_11,K01494
score_11,K01733
score_11,K00883
score_11,K03414
score_11,K21440
score_11,K15868
score_11,K06121
score_11,K05800
score_11,K02418
score_11,K02624
score_11,K06903
score_11,K18581
score_11,K11752
score_11,K22015
score_11,K20483
score_11,K04088
score_11,K02417
score_11,K19507
score_11,K05773
score_11,K01255
score_11,K21465
score_11,K23078
score_11,K10794
score_11,K01848
score_11,K11694
score_11,K05964
score_11,K02407
score_11,K11103
score_11,K11604
score_11,K03148
score_11,K02405
score_11,K09781
score_11,K21562
score_11,K03311
score_11,K01928
score_11,K05527
score_11,K01372
score_11,K08724
score_11,K07696
score_11,K03823
score_11,K02892
score_11,K21974
score_11,K17077
score_11,K00183
score_11,K02507
score_11,K12573
score_11,K08357
score_11,K14138
score_11,K14475
score_11,K09474
score_11,K08352
score_11,K01664
score_11,K22306
score_11,K01689
score_11,K13926
score_11,K02813
score_11,K02398
score_11,K00990
score_11,K20541
score_11,K18123
score_11,K23184
score_11,K00001
score_11,K00033
score_11,K00098
score_11,K00121
score_11,K00124
score_11,K00196
score_11,K00215
score_11,K00219
score_11,K00231
score_11,K00264
score_11,K00282
score_11,K00286
score_11,K00303
score_11,K00332
score_11,K00350
score_11,K00354
score_11,K00382
score_11,K00395
score_11,K00428
score_11,K00457
score_11,K00533
score_11,K00556
score_11,K00573
score_11,K00574
score_11,K00662
score_11,K00674
score_11,K00684
score_11,K00783
score_11,K00786
score_11,K00794
score_11,K00801
score_11,K00821
score_11,K00832
score_11,K00835
score_11,K00844
score_11,K00845
score_11,K00857
score_11,K00864
score_11,K00873
score_11,K00891
score_11,K00949
score_11,K00955
score_11,K00995
score_11,K00996
score_11,K01007
score_11,K01048
score_11,K01051
score_11,K01057
score_11,K01066
score_11,K01070
score_11,K01071
score_11,K01085
score_11,K01101
score_11,K01130
score_11,K01155
score_11,K01186
score_11,K01187
score_11,K01197
score_11,K01215
score_11,K01239
score_11,K01243
score_11,K01256
score_11,K01267
score_11,K01271
score_11,K01274
score_11,K01356
score_11,K01414
score_11,K01462
score_11,K01465
score_11,K01487
score_11,K01489
score_11,K01496
score_11,K01577
score_11,K01591
score_11,K01598
score_11,K01601
score_11,K01615
score_11,K01627
score_11,K01639
score_11,K01673
score_11,K01684
score_11,K01696
score_11,K01713
score_11,K01714
score_11,K01740
score_11,K01744
score_11,K01752
score_11,K01787
score_11,K01790
score_11,K01792
score_11,K01805
score_11,K01808
score_11,K01811
score_11,K01867
score_11,K01870
score_11,K01878
score_11,K01906
score_11,K01911
score_11,K01918
score_11,K01940
score_11,K01951
score_11,K01956
score_11,K01961
score_11,K01963
score_11,K01974
score_11,K02002
score_11,K02013
score_11,K02016
score_11,K02027
score_11,K02033
score_11,K02038
score_11,K02046
score_11,K02057
score_11,K02079
score_11,K02081
score_11,K02122
score_11,K02123
score_11,K02169
score_11,K02173
score_11,K02191
score_11,K02194
score_11,K02199
score_11,K02221
score_11,K02231
score_11,K02244
score_11,K02279
score_11,K02345
score_11,K02357
score_11,K02371
score_11,K02380
score_11,K02385
score_11,K02387
score_11,K02392
score_11,K02394
score_11,K02406
score_11,K02410
score_11,K02421
score_11,K02422
score_11,K02446
score_11,K02456
score_11,K02459
score_11,K02469
score_11,K02472
score_11,K02482
score_11,K02484
score_11,K02495
score_11,K02509
score_11,K02529
score_11,K02530
score_11,K02532
score_11,K02535
score_11,K02538
score_11,K02549
score_11,K02558
score_11,K02566
score_11,K02575
score_11,K02584
score_11,K02587
score_11,K02588
score_11,K02626
score_11,K02650
score_11,K02651
score_11,K02653
score_11,K02669
score_11,K02689
score_11,K02690
score_11,K02769
score_11,K02771
score_11,K02774
score_11,K02775
score_11,K02781
score_11,K02783
score_11,K02806
score_11,K02812
score_11,K02814
score_11,K02821
score_11,K02822
score_11,K02835
score_11,K02847
score_11,K02848
score_11,K02856
score_11,K02860
score_11,K02876
score_11,K02878
score_11,K02887
score_11,K02888
score_11,K02890
score_11,K02895
score_11,K02897
score_11,K02904
score_11,K02913
score_11,K02950
score_11,K02956
score_11,K02959
score_11,K02967
score_11,K02996
score_11,K03046
score_11,K03071
score_11,K03079
score_11,K03089
score_11,K03093
score_11,K03110
score_11,K03113
score_11,K03177
score_11,K03185
score_11,K03212
score_11,K03218
score_11,K03275
score_11,K03294
score_11,K03301
score_11,K03303
score_11,K03312
score_11,K03326
score_11,K03335
score_11,K03336
score_11,K03338
score_11,K03439
score_11,K03445
score_11,K03475
score_11,K03524
score_11,K03535
score_11,K03549
score_11,K03560
score_11,K03567
score_11,K03579
score_11,K03583
score_11,K03585
score_11,K03599
score_11,K03620
score_11,K03633
score_11,K03634
score_11,K03635
score_11,K03647
score_11,K03743
score_11,K03744
score_11,K03745
score_11,K03755
score_11,K03757
score_11,K03762
score_11,K03765
score_11,K03767
score_11,K03786
score_11,K03790
score_11,K03807
score_11,K03810
score_11,K03812
score_11,K03816
score_11,K03817
score_11,K03831
score_11,K03836
score_11,K03981
score_11,K04015
score_11,K04016
score_11,K04041
score_11,K04065
score_11,K04072
score_11,K04082
score_11,K04091
score_11,K04744
score_11,K04781
score_11,K04786
score_11,K05373
score_11,K05374
score_11,K05516
score_11,K05541
score_11,K05601
score_11,K05786
score_11,K05788
score_11,K05790
score_11,K05809
score_11,K05834
score_11,K05845
score_11,K05939
score_11,K05967
score_11,K05982
score_11,K06019
score_11,K06039
score_11,K06048
score_11,K06145
score_11,K06151
score_11,K06155
score_11,K06167
score_11,K06178
score_11,K06180
score_11,K06188
score_11,K06194
score_11,K06209
score_11,K06317
score_11,K06400
score_11,K06415
score_11,K06603
score_11,K06887
score_11,K06889
score_11,K06899
score_11,K06925
score_11,K06976
score_11,K07010
score_11,K07023
score_11,K07079
score_11,K07095
score_11,K07102
score_11,K07109
score_11,K07146
score_11,K07151
score_11,K07156
score_11,K07161
score_11,K07213
score_11,K07236
score_11,K07265
score_11,K07276
score_11,K07279
score_11,K07289
score_11,K07314
score_11,K07320
score_11,K07323
score_11,K07345
score_11,K07346
score_11,K07473
score_11,K07486
score_11,K07487
score_11,K07493
score_11,K07503
score_11,K07516
score_11,K07559
score_11,K07570
score_11,K07665
score_11,K07679
score_11,K07715
score_11,K07751
score_11,K07786
score_11,K07788
score_11,K07793
score_11,K07812
score_11,K08163
score_11,K08169
score_11,K08194
score_11,K08296
score_11,K08298
score_11,K08315
score_11,K08326
score_11,K08368
score_11,K08369
score_11,K08602
score_11,K08641
score_11,K09005
score_11,K09116
score_11,K09516
score_11,K09688
score_11,K09765
score_11,K09769
score_11,K09773
score_11,K09774
score_11,K09798
score_11,K09800
score_11,K09893
score_11,K09928
score_11,K09937
score_11,K09939
score_11,K09952
score_11,K09960
score_11,K10002
score_11,K10003
score_11,K10006
score_11,K10038
score_11,K10122
score_11,K10126
score_11,K10206
score_11,K10440
score_11,K10539
score_11,K10551
score_11,K10679
score_11,K10747
score_11,K10748
score_11,K10831
score_11,K11069
score_11,K11085
score_11,K11105
score_11,K11177
score_11,K11201
score_11,K11216
score_11,K11249
score_11,K11263
score_11,K11358
score_11,K11472
score_11,K11645
score_11,K11740
score_11,K11903
score_11,K11904
score_11,K11911
score_11,K11912
score_11,K11930
score_11,K11959
score_11,K11961
score_11,K11963
score_11,K12060
score_11,K12067
score_11,K12068
score_11,K12113
score_11,K12132
score_11,K12136
score_11,K12144
score_11,K12264
score_11,K12308
score_11,K12343
score_11,K12368
score_11,K12372
score_11,K12454
score_11,K12519
score_11,K12574
score_11,K12684
score_11,K12941
score_11,K12957
score_11,K12974
score_11,K12978
score_11,K12985
score_11,K12996
score_11,K13052
score_11,K13243
score_11,K13381
score_11,K13409
score_11,K13479
score_11,K13529
score_11,K13570
score_11,K13573
score_11,K13620
score_11,K13626
score_11,K13677
score_11,K13678
score_11,K13727
score_11,K13747
score_11,K13789
score_11,K13890
score_11,K13896
score_11,K13954
score_11,K13993
score_11,K14065
score_11,K14261
score_11,K14274
score_11,K14347
score_11,K14392
score_11,K14441
score_11,K14534
score_11,K14591
score_11,K14989
score_11,K15051
score_11,K15257
score_11,K15372
score_11,K15461
score_11,K15534
score_11,K15585
score_11,K15598
score_11,K15600
score_11,K15777
score_11,K15834
score_11,K15866
score_11,K15873
score_11,K15894
score_11,K16011
score_11,K16013
score_11,K16137
score_11,K16234
score_11,K16789
score_11,K16886
score_11,K16899
score_11,K16927
score_11,K16962
score_11,K17675
score_11,K17948
score_11,K18148
score_11,K18218
score_11,K18430
score_11,K18640
score_11,K18657
score_11,K18682
score_11,K18850
score_11,K18899
score_11,K18907
score_11,K18919
score_11,K18921
score_11,K18929
score_11,K19075
score_11,K19088
score_11,K19221
score_11,K19225
score_11,K19268
score_11,K19270
score_11,K19350
score_11,K19354
score_11,K19411
score_11,K19419
score_11,K19425
score_11,K19431
score_11,K19504
score_11,K19510
score_11,K19611
score_11,K19714
score_11,K19745
score_11,K20074
score_11,K20113
score_11,K20373
score_11,K20460
score_11,K20627
score_11,K21449
score_11,K21464
score_11,K21469
score_11,K21511
score_11,K21739
score_11,K21908
score_11,K21977
score_11,K22111
score_11,K22131
score_11,K22278
score_11,K22339
score_11,K23181
score_11,K23183
score_11,K23269
score_11,K23349
