,score_pred_0,score_pred_1,score_pred_2,score_pred_3,score_pred_4,score_pred_5,score_pred_6,score_pred_7,score_pred_8,score_pred_9,score_pred_10,score_pred_11,true_label,fold
SAM000350_tp3,0.5172221728286273,2.945150183125067,1.2194055436387656,0.7726010006303468,0.3353890001602118,0.5118993082870008,0.4306604871345824,0.6013497507275526,0.44755676074854933,0.6373268977178015,0.4567326005661322,0.22288752024618208,1,1
SAM000260_tp1,0.5439923373023039,2.655350427774635,0.850321282398923,0.7756089800977155,0.3224625671740873,0.5451278876325157,0.39111680151657907,0.5930403681226453,0.4468322357772097,0.6522748644291351,0.46689156631532136,0.2946998754534971,1,1
SAM000248_tp3,0.2024420542615052,1.0597783735321937,0.7055009446226073,0.7601678349720739,0.29288472101055574,0.21469968119792984,0.20813484121760606,0.3506897600854208,0.4784291747239239,0.6471904191259854,0.31077313074036494,0.12211106558830444,0,1
SAM000400_tp3,0.49246279202417137,3.0362698411819418,1.388085343358815,0.7707943433564247,0.3450929914856824,0.505120296211436,0.47095661727400084,0.5974675755265255,0.44113850908904967,0.650767948041299,0.4910011913332378,0.34447380038470293,1,1
SAM000415_tp1,0.4102886451372922,2.453344941778013,0.9315664983118106,0.7814397356315517,0.29509614322620215,0.45679759302044687,0.3739525760997976,0.598063255270932,0.43601604028043783,0.6397123146028234,0.3904716169348979,0.26030437821699176,1,1
SAM000329_tp2,0.34878844748472615,2.045218036327849,0.8205768946831902,0.7635687629015709,0.27026100813352755,0.4061399177582477,0.33690886454063707,0.42223089839807154,0.44528508512250925,0.6263923982863687,0.4168691284099173,0.18129936574433372,0,1
SAM000270_tp2,0.4417330043633707,2.6915909131824707,0.9228299677961929,0.7654020930217769,0.2754609097019917,0.37345358755338987,0.3116050369688248,0.5312122497816013,0.4485569606894751,0.6216384497457146,0.36391883100283245,0.2391355970267041,1,1
SAM000202_tp2,0.3633347092749721,2.6881098363412885,0.8048841845850921,0.7656310844929964,0.2739084625923437,0.44353244109267725,0.3671016228761813,0.5961836750201815,0.42111503438620007,0.6484949393315412,0.45810267804513416,0.2539869350037341,1,1
SAM000261_tp1,0.3520231398320417,2.0184614369234755,0.6207391013410016,0.776899560281231,0.25437695101531455,0.3500461927070287,0.32937475339577493,0.4253721449623808,0.4255352472097268,0.6347429861430791,0.3120819271269786,0.1563544711094942,1,1
SAM000501_tp1,0.3817060088336315,2.3928057927397512,0.8046180315380088,0.7724597030263602,0.2733345799101103,0.4071479813759092,0.24824375160373652,0.5388938930743878,0.4107056082943743,0.6286616575728281,0.34054867621770213,0.19132670637207094,0,1
SAM000320_tp3,0.3035382588312977,1.8447821502033397,0.688217326602481,0.747055522158242,0.277230071198561,0.2696981596013974,0.24373467762749834,0.4471197988849715,0.43058807433131163,0.6157580436338163,0.3556032031010366,0.23908308118054344,0,1
SAM000284_tp3,0.17164329919733967,1.0011325235066217,0.7354530618932309,0.7524571223421122,0.29909861852233854,0.2200483079128726,0.21895506852316615,0.3524240682151782,0.38200856888849105,0.5961020859344842,0.284434699623867,0.1742360846191618,1,1
SAM000476_tp1,0.36785187238566996,2.2354495978594406,1.0132661825076772,0.7668300499989055,0.33523522322495425,0.41041224545755933,0.3623451757902003,0.5581831458716938,0.45122677957415047,0.623540296567997,0.47759967103441836,0.25546648145567313,1,1
SAM000263_tp2,0.37563223732144346,2.0639343162252444,0.7931250686638333,0.7485906557570992,0.32674277025625825,0.42473697736779026,0.3063499040290237,0.49034736575228616,0.4145157614137092,0.6124757479880781,0.40321394447463826,0.2792049480624861,1,1
SAM000288_tp1,0.3533061113139716,2.4650276801696025,0.9681428520408256,0.7767209856550451,0.2976649859280285,0.43743106866390635,0.35013337671017525,0.5668831202045908,0.4686335596169629,0.652458536031469,0.4247722530031861,0.26340041496696714,1,1
SAM000311_tp1,0.30471572523015006,1.456258094653083,0.8322539759405854,0.7739548567349628,0.31103786406351863,0.3381496885638235,0.27235370225356403,0.4590231367717967,0.4103994321506745,0.6486361464110473,0.339224780139404,0.21307317700945838,1,1
SAM000271_tp1,0.5154105328338303,2.889192365459713,1.3473443820466822,0.7865006832610578,0.3226776112999103,0.5041644332647368,0.3757470958953821,0.6241777253606421,0.4564283203335337,0.6526170342645129,0.5311328336868013,0.2743700720069079,1,1
SAM000476_tp3,0.49433467990028873,2.972889775861386,1.2234060100268025,0.788648811352787,0.338531954561284,0.503955726886516,0.43301027871177394,0.6540831427807262,0.4657401974158558,0.6305215781894892,0.5091280725672171,0.25610557133674816,1,1
SAM000320_tp1,0.2647866904205843,1.372039567771458,0.5327221257462251,0.7190212845701416,0.2669935406832749,0.25313397152475026,0.20318456473513183,0.38957445774593047,0.43326728369140993,0.6198187329255023,0.2979180894331545,0.20125401408326937,0,1
SAM000236_tp1,0.525567075619842,2.835046862243191,1.2162290357800252,0.7692506889784916,0.3236913062161069,0.5378143065543121,0.4122373754388375,0.5610138513510545,0.46510742231040886,0.6495647823119043,0.4794350236666815,0.2407847918864223,1,1
SAM000380_tp1,0.44172732369844625,2.4003399769665403,0.8290980821784971,0.7500648048931261,0.2906298318998309,0.4279153140641355,0.314409549443112,0.5686609561489352,0.4182076489215288,0.6483322485396026,0.3916116252370596,0.2675147030311631,1,1
SAM000530_tp1,0.37394748711891884,2.29744010157867,1.0764909772887505,0.7746969844737188,0.3008381312672828,0.4194907952997848,0.337390834885589,0.5069443015422997,0.4165142856934579,0.6329556497254317,0.41868712024791394,0.21115575417469792,0,1
SAM000496_tp1,0.2537418875941813,1.4105192593151115,0.8735187436315778,0.7338215218432065,0.3099509590251752,0.30073283570392284,0.2990191782922634,0.45287059418933917,0.42329811635283227,0.6258039772006518,0.34715901113533876,0.1821010229078472,0,1
SAM000238_tp2,0.33299923797064857,1.900078032813536,0.7896345355989972,0.7802933372192933,0.2258882403928106,0.3508989898277695,0.2649432650581198,0.4022369456123505,0.49549069135782636,0.6336819027461233,0.33257118251654366,0.1850116540250278,0,1
SAM000245_tp2,0.6156991300634983,3.1469612699434917,1.270863160734659,0.7705193369797486,0.37031320062298534,0.6421664820783103,0.5238792567636937,0.6441743254372335,0.4792056380675852,0.6186192665107989,0.5250988763072366,0.25641828894916,1,1
SAM000444_tp2,0.3111529136209712,2.0089487591781507,0.8800534244982753,0.7779637376303564,0.2856141893460686,0.2790531156304571,0.3397802095852212,0.45448535977224686,0.3997901100224205,0.6146996023141358,0.393164427338107,0.28524167618693935,0,1
SAM000447_tp1,0.3310192892648379,1.7951029631061814,1.1316663865724559,0.768890257447648,0.32743810943042284,0.4006535313609737,0.26984448987784593,0.4874449943479709,0.40880920125793074,0.6343937542093174,0.37096769739910906,0.14659894446317043,0,1
SAM000209_tp2,0.18079679622580713,1.191513547718536,0.5131007470957555,0.6996802000632606,0.208185728969293,0.15654320947407463,0.15699999297790104,0.33015952561734424,0.4524657488255579,0.6454480803599816,0.2902069656786392,0.11439179996991766,0,1
SAM000393_tp1,0.49269475999847595,2.615797594718022,1.119629722422148,0.7673930933798033,0.3331466203125262,0.46173874514360813,0.40694768865996983,0.6222194424659225,0.4562251346577918,0.6605223441566267,0.4635382798740694,0.29099089047286597,1,1
SAM000396_tp1,0.1878306357467381,1.2636625866718296,0.5653877440539433,0.7174181826002579,0.2171042018430206,0.15005485600175297,0.2431658988397356,0.2812964368111441,0.4291762230402058,0.5974417873110037,0.28280946203485,0.17834914190066975,0,1
SAM000218_tp1,0.20727944076410443,1.5395205621351813,0.9308004790518953,0.7458847710008045,0.27258807582558586,0.28769624761413914,0.2657964389653723,0.3942515737753714,0.4249110501723925,0.6199266283748027,0.34158413369209945,0.17900125122459762,0,1
SAM000214_tp1,0.24172537281639697,1.5627409293141563,0.8420332125111547,0.7518364061675544,0.30542964192783306,0.3074067137086151,0.24836420119481845,0.3753962304297691,0.39352070382635246,0.634933652295082,0.30975922515517423,0.19608417279034782,1,1
SAM000228_tp2,0.34010928916763944,2.171013832242722,1.0032759767544546,0.7556257033108037,0.3256824796593062,0.40720943566368306,0.3004177766428543,0.4927257604691049,0.39243188714129545,0.6245828843826086,0.38366004508361123,0.19623903267264445,0,1
SAM000476_tp2,0.39102013985916295,2.323094586736235,1.078080815370884,0.7627349649579999,0.33014862652313703,0.40916048248095954,0.38089774030468937,0.5783923964367642,0.45045252774750016,0.6185170031201631,0.47806239197852635,0.2608799029336538,1,1
SAM000387_tp1,0.2737589507319663,1.6367885563149767,0.7998503687253563,0.7645999337636232,0.2662672627051212,0.3249903026204267,0.29122503422033685,0.4350028237157183,0.38473295278117625,0.6318331874177204,0.3253248497446083,0.1878140516068335,1,1
SAM000201_tp1,0.651108591749177,3.3756925611988224,1.3590900060894595,0.7989005591790262,0.2965940530669187,0.5639400757736424,0.49116767985995297,0.6307377948569113,0.5066351216201377,0.6652237549887312,0.47697486882212337,0.2347482688140985,1,1
SAM000466_tp2,0.46028545402815624,2.8004176046873823,1.3490874144593976,0.7701576150805229,0.2922956058041962,0.49818763006267497,0.4409258385146528,0.5986471847554393,0.4966083848881716,0.6482272804435942,0.4853078083730197,0.2862476368401769,1,1
SAM000293_tp2,0.3903762554555235,2.374714846265158,0.8183658909045913,0.7656809040652868,0.33941473345114487,0.4110347099186407,0.414076602738702,0.5520719477750585,0.433114744226666,0.6037894298008933,0.48455606435011106,0.29144516877215704,1,1
SAM000363_tp1,0.4179787420338891,2.6808995474983477,1.3399278900170541,0.7732489932505051,0.33747090250780837,0.500286660983049,0.3778961904828635,0.5961247420584941,0.4407776324253447,0.6462093898655573,0.48664646231974756,0.297483041830233,1,1
SAM000213_tp2,0.49332285826650535,2.9231936352205388,0.8459667462776504,0.7816679357965782,0.31336535654430675,0.5876041285825437,0.3000836815951381,0.586808944392811,0.46775084924878235,0.6292883348692726,0.4221813334301811,0.27694216119387904,1,1
SAM000265_tp3,0.5366891214625216,2.7671548696039916,0.767948099290934,0.7743872041475508,0.3544413022647236,0.4787888406380623,0.4344620495800966,0.617696974384344,0.4435493614203494,0.633948640439106,0.49631457704333815,0.2974191370033901,1,1
SAM000287_tp1,0.25781245338144143,1.4751794327177705,0.8478618518930229,0.73143632590633,0.32558920051961093,0.2876029219909312,0.22746325480297866,0.39886004042755485,0.3783869725739916,0.6262096012573697,0.34781492921018997,0.22116018365908796,1,1
SAM000349_tp2,0.6306808345033442,3.267166169132492,0.9613631662858304,0.7859910402063399,0.303565123828308,0.5601884214542161,0.45999560020717345,0.609003151816548,0.4852020357146313,0.6365922517662012,0.5366791286259861,0.29164397671798276,1,1
SAM000416_tp1,0.19325492705192143,1.0861579840819227,0.7107559992214282,0.7433700584257168,0.3075083939863365,0.27539283708008133,0.22654977037910268,0.3873110089508426,0.3738765903034597,0.6272659020697897,0.30226394363954057,0.1629303095366054,0,1
SAM000336_tp1,0.2011244384492865,1.205203988379501,0.6521690577835874,0.6701207911515847,0.3060775759069007,0.2342577946743569,0.19597410663286438,0.3992933350984187,0.3874084317392457,0.6000463858514663,0.297921836483685,0.12061981378890108,0,2
SAM000499_tp2,0.3788799817084876,2.5992402663596694,1.0947942593774156,0.7787029344930534,0.29969865176044785,0.4815847108150728,0.34159987353330573,0.5189370375749476,0.45366237075149374,0.6493801289698721,0.41053531715709435,0.24139301019777076,1,2
SAM000368_tp2,0.251209817530517,1.399287137770837,0.727586305679793,0.7758983129149706,0.2715600177409759,0.31676160425823907,0.25440251752914744,0.42416337244112584,0.4181637488475929,0.596431043871594,0.31199428501691345,0.1568031715728608,0,2
SAM000271_tp3,0.6128809280192471,3.199879317573492,1.3192502995307753,0.7761308702742687,0.2955878364739488,0.5574003669487868,0.4408471830961062,0.6489752268459924,0.4913558333873316,0.6503806988156117,0.510924418983708,0.3128413876369167,1,2
SAM000429_tp2,0.2843887567232361,1.9132945364628653,0.9618462313223821,0.7086191595684269,0.29113993574785796,0.35272816454616945,0.28956784358450816,0.46284440714935265,0.4059245743694157,0.639600257246296,0.37168503009885506,0.17937122799159697,1,2
SAM000319_tp3,0.5475045864306166,3.0267996867513745,1.0566195262334186,0.8089215200047751,0.28750073729877,0.5230397975756359,0.382004582890622,0.6558933539449524,0.48326282205246845,0.645015000190871,0.4731969377404321,0.2619323724334881,1,2
SAM000434_tp1,0.42197722103146873,2.401196583582831,1.1069791064977756,0.7788478913881413,0.29244551232784893,0.4637854643604677,0.4033537653671167,0.5338577059787951,0.46181344115945394,0.6331542120628229,0.4376979652308969,0.28590708013469585,1,2
SAM000491_tp2,0.22723558121923498,1.39427323160753,0.8393722433307544,0.788905707596703,0.26075525011843825,0.2928856454973407,0.21660246288547597,0.36394430309286463,0.3782889028881342,0.6245164623047249,0.2765166153485115,0.1482580216168835,0,2
SAM000490_tp2,0.19826917687202117,1.1909478850838056,0.7850840688715501,0.7870021740589297,0.3151168744024979,0.29646615216145944,0.20834261572189153,0.3966379043806099,0.3725078273569997,0.6198447735761415,0.27340249232487646,0.1903308937810659,0,2
SAM000230_tp1,0.23921855843848985,1.4980625320097172,0.7872171701163608,0.7407819310587871,0.30729751771290825,0.3080274854638946,0.2294305185764868,0.42074493759379494,0.3895694817742761,0.595849833360569,0.3448826764854782,0.21312542429338271,0,2
SAM000251_tp1,0.40301493495600965,2.3751079137922475,1.2887819252720514,0.7821375629013221,0.3513033334649971,0.4031268363281982,0.32947910624988325,0.5723167118963184,0.4631932656442486,0.6355871013407204,0.4260572456125509,0.25574355360378037,1,2
SAM000314_tp2,0.43925535474616473,2.5321053259190838,0.9026091503803461,0.7966121534699181,0.336025423629437,0.39112888314913397,0.34796257878970843,0.5905768919824697,0.408799880388906,0.6147820204043215,0.44943574584174906,0.19853495344395494,1,2
SAM000537_tp2,0.2919238868422189,1.7401365303018383,1.4376756305241116,0.7850331427734518,0.2810807656137923,0.26985321115292765,0.34743832754841464,0.43125816921030585,0.43038950750939375,0.6609021544854713,0.3701573894376962,0.23363972681985615,0,2
SAM000258_tp1,0.398179157020945,1.841803438611605,0.5604372992839487,0.7599719022247053,0.25153656588453077,0.3018137256769739,0.29604279492977503,0.46262286876547765,0.4529518096439085,0.6284407082773701,0.32376184890536047,0.20108805772371188,1,2
SAM000240_tp2,0.5093990945192184,3.0303933426795617,1.0771180535840583,0.7894730450867209,0.36527276910753204,0.527225956475805,0.42114314656310037,0.49608060270677834,0.486852360164597,0.627968747373764,0.4433235207652396,0.283040031579534,1,2
SAM000305_tp3,0.5949422847573886,2.8049755714885736,1.2055566048485808,0.7801846852452688,0.30729163252339464,0.5445909170839988,0.4304450754156017,0.5998138746003642,0.4771609923980023,0.6329292199465937,0.4956437448586314,0.2068271599894727,1,2
SAM000269_tp1,0.4191791730455847,2.4257983421904172,1.0875319552363296,0.7483188012119477,0.30635153702506374,0.45315266302304813,0.3915892828510856,0.543231943215534,0.41111502924673665,0.6272076049289249,0.43099351254863627,0.2551384850096178,1,2
SAM000424_tp3,0.3417055204617434,2.3031623197651743,0.8713503371656492,0.768912132804888,0.25912740285968966,0.36915752387416456,0.3142308186564359,0.48908783080487345,0.4246726910118259,0.612331404200684,0.3669045309271713,0.22224494861072774,1,2
SAM000400_tp1,0.46425941938160475,2.6953779939900837,1.3316737657130766,0.781843022985048,0.33593550456078314,0.48284440161921943,0.386186521634723,0.5601223011368929,0.43343406405292173,0.6572798167905534,0.432097859389914,0.3118668064629809,1,2
SAM000347_tp1,0.3615722774791141,1.9849640050015989,0.8154977876685874,0.756409490716823,0.2788431954761359,0.3959489675347576,0.35014333913327134,0.48313544150442667,0.43098609223380274,0.6307113654228423,0.3663657800222375,0.18924471765267983,0,2
SAM000275_tp3,0.536154026403213,2.936405780611766,1.0362570942850389,0.789580176928352,0.3298899163505768,0.5695022459999811,0.4261113823831718,0.6197175030326205,0.4354446024982897,0.6349366466232202,0.4681597923975336,0.3039675933359891,1,2
SAM000205_tp1,0.205961680381946,1.5102150871767108,0.9321536979970304,0.6986563495148037,0.3045518972913606,0.3466724916338185,0.3115207980335105,0.4779319123741905,0.3986733800528356,0.5660351900391052,0.3702595620310052,0.2010378841855045,0,2
SAM000363_tp2,0.4244894169674509,2.280264836637623,0.9341437280635264,0.7615093726359562,0.3186253122575551,0.42590207086610754,0.32782701544766363,0.5463501630283212,0.4509861956336123,0.6360696649179934,0.415893941564026,0.3451805822526072,1,2
SAM000398_tp2,0.4923424917019823,2.8582011574330113,1.0739728149947205,0.7714290910357227,0.2725915266226445,0.4838027866880731,0.3467016489017257,0.5512446085229332,0.47254037651687014,0.640317547128814,0.3910685605767301,0.2528447432227839,1,2
SAM000485_tp1,0.40361404965090614,2.594177201883804,1.4067811869012592,0.7510209610884826,0.3084167673239168,0.4490050314114347,0.40206092731268295,0.5220975019424586,0.4151849834646002,0.6488398098771934,0.4535283559332346,0.245792350576578,1,2
SAM000235_tp2,0.14386826425317334,0.6982572907420245,0.6911309084960972,0.7501577112760022,0.30410741847199957,0.20253936208477963,0.15115044442643033,0.29304737708563794,0.4249962300406318,0.6222403065499346,0.25011932895166084,0.09306273146694244,0,2
SAM000535_tp1,0.36717197096107446,2.0813262958331187,1.0218386172896452,0.7763715139317388,0.28912986610115027,0.39203901022251053,0.36221056858311923,0.47432836697164377,0.45140117148956,0.6413482720331816,0.37542893791047505,0.23103845242621548,0,2
SAM000394_tp1,0.5570304130174752,3.1690315211441664,1.0722158182476276,0.7846262557198864,0.3319741284665491,0.48182851415994,0.43602192971998166,0.6467012502149406,0.48049201518407697,0.6330489157783238,0.4827617159041722,0.22423928752493258,1,2
SAM000253_tp3,0.45872126141609615,2.980851288816676,0.8932671693497077,0.751875262053742,0.29586891768969303,0.4884717049792466,0.36290990201354995,0.5629243792218113,0.47043654180901784,0.6286584150291842,0.45960390014082575,0.3331399284940805,1,2
SAM000405_tp1,0.28634476882642745,1.8318681767972977,0.8415838070573907,0.7870436658469601,0.32265009590000554,0.3556817136628251,0.24646366320124197,0.47523115385569725,0.41033937403776477,0.6271366148149903,0.38395427384010133,0.1864168653819146,1,2
SAM000395_tp2,0.3410313268143617,2.0971983755520274,0.9855700249724546,0.7472792875136081,0.293221790147576,0.37891236402900697,0.27720448864486746,0.5237070164258508,0.436024965191144,0.6364494284341657,0.3632358069449923,0.21791318870951312,1,2
SAM000276_tp1,0.38816955863825325,2.7194136564641274,0.908474054821712,0.7411533494528864,0.29409382982750615,0.4313444245456669,0.34596695172796843,0.5627738669945133,0.427600774355118,0.6420050779675937,0.4727587010775553,0.23776589686813268,1,2
SAM000466_tp1,0.4627383309398436,2.7527505007449578,0.8504434367255377,0.7832086486984291,0.274157323313807,0.4399310605320339,0.4352927285687958,0.5880861233505431,0.45125621285668205,0.6304042716928362,0.4623992898622349,0.20892105093695842,1,2
SAM000211_tp1,0.25235858127481464,1.3279837352297201,0.7769707504480441,0.6295458369755785,0.24144284433599772,0.26389694334874647,0.23968468446156266,0.4234994511213712,0.45115596675647524,0.6287353862073192,0.34714676116229065,0.1955669262545438,0,2
SAM000321_tp1,0.09650730937567674,0.771825444106252,0.7251466821973902,0.6586376754526018,0.29294311503512405,0.1799275062879559,0.1460519913704643,0.2818395335810843,0.38492752301230326,0.6089066773112283,0.2934793452312768,0.2408270078258244,0,2
SAM000208_tp2,0.32011569592999145,2.068527889578661,0.868863481408235,0.7365822518326128,0.2722494157322901,0.37876513044197435,0.32428816427059376,0.4793854346526409,0.43936038675725625,0.6338183868751068,0.4026479016866509,0.17478363142151088,1,2
SAM000202_tp3,0.3620316337098689,2.7814760653927095,0.7389104115714725,0.7641327519212291,0.2797828222831661,0.48155453131578263,0.38494241762599124,0.634459610984542,0.3908245804817617,0.6438440207642532,0.45311981466820833,0.21771180796391787,1,2
SAM000393_tp2,0.5405848223372343,2.900454321590252,1.1002862509138505,0.7971225596140894,0.32836352669291347,0.5193270776733205,0.47281026814212856,0.6057603363718395,0.48828103191111866,0.6627719673006734,0.5067956555111529,0.3726154815765691,1,2
SAM000351_tp2,0.3694722400570203,2.1411094818439236,1.0366804517631554,0.7705938409177222,0.3892710400311328,0.4205659827834873,0.2900591947239953,0.548476905997422,0.39376122088246795,0.6635337495165036,0.44387623319153285,0.2550751682865072,1,2
SAM000434_tp2,0.35417058084409364,1.9950040866395353,1.163111502205678,0.7729792588940562,0.3177667140175511,0.3873650000606522,0.3651008174325666,0.5226237161009902,0.4318814073795243,0.6458476546702081,0.39668267400415075,0.22080508472841703,1,2
SAM000224_tp1,0.27858568228408326,2.0229635762099134,0.9504598614364552,0.7446917711282175,0.30908327509570327,0.3667113187984509,0.31030148948319275,0.487548788920779,0.4237244632403934,0.6207960953751691,0.37812127284841746,0.21525853969780814,1,2
SAM000417_tp2,0.26079475723191664,1.7232207745680723,1.1615235722841257,0.75611668109796,0.3358920046405388,0.35463963305352897,0.2988526278299648,0.43969438677794037,0.3832586632524312,0.6563341738435973,0.3975460288448037,0.21740669038965582,0,2
SAM000209_tp1,0.25247441471007825,1.1004613977713387,0.5973136908819118,0.6311558289825053,0.23265998475406463,0.2319154101829352,0.18310051534671998,0.38229211250743717,0.47051342868124235,0.6268297567866483,0.32662583342777146,0.11027251687004837,0,2
SAM000225_tp2,0.16931559811696728,1.0688827904313671,0.6949912098151944,0.7503832991106666,0.31168946675861914,0.2667708748664683,0.15924996220583124,0.4573313305898394,0.37326894357381607,0.6232026094399721,0.319663168913278,0.17335885831356354,0,2
SAM000223_tp2,0.39483044541988094,2.2268057421188017,1.0432361584547585,0.7407040844065895,0.3351513163751744,0.4126634935615361,0.37681158565310263,0.4383879390121485,0.4337652390938685,0.6252269026370137,0.4394873445662093,0.1801360240278666,1,3
SAM000201_tp2,0.5960777217188915,3.248520076147221,1.1416994008416084,0.7878836122248418,0.25644684716386196,0.5417134081858078,0.43472002583487906,0.6113988779816422,0.4691001215405847,0.6537686400185868,0.4460335868402126,0.24754767610561576,1,3
SAM000445_tp1,0.3491316676757769,2.113794223135283,0.7995707797347491,0.7524281521103648,0.2790428973605898,0.3458561239610524,0.30274479192716586,0.4670530081071947,0.41958834456793087,0.6306595247609678,0.4048526734144913,0.22552922741493817,0,3
SAM000309_tp3,0.43217941717229935,2.53275433825371,1.0009267732768836,0.7706438451804357,0.2971172124416054,0.484619061776672,0.36685534247593937,0.5388992029043282,0.43880592686959163,0.6404738947768719,0.43692998109830794,0.2990614655263032,1,3
SAM000410_tp1,0.4395565413275159,2.782888635302187,1.0300091595653504,0.7783372322939508,0.2994216016254215,0.45128531604815003,0.35887575203443106,0.5558398919930423,0.4403800067370912,0.6324229041747794,0.4414306917009119,0.29629372201185933,1,3
SAM000351_tp3,0.37572979392493033,2.1375113798664804,0.9862030564781956,0.7670191370459056,0.3437803945027631,0.410424916468105,0.2688760329990873,0.5524273760931222,0.4133015957748587,0.6456630637716226,0.42846003652284526,0.2440708227160914,1,3
SAM000272_tp1,0.28633338934477115,1.8959729558341483,1.0369404867628278,0.7610937926742853,0.3052168795977125,0.35772913814988444,0.2806392813391774,0.516528586073433,0.4345232856710185,0.6450119303418925,0.37620685163038464,0.19191157135705653,1,3
SAM000398_tp3,0.4651973799720615,2.7481102199010583,1.0376838047795807,0.782745870618236,0.30318565381625523,0.5074446610633911,0.35003168246796434,0.5615068753659104,0.41500540035724404,0.6406143233769811,0.44606407541468973,0.2768183948765931,1,3
SAM000225_tp1,0.2207925508114627,1.528721692787671,0.8059320855990929,0.7098587946133069,0.2840045863537696,0.2947030994265123,0.267817517431413,0.48160947713926944,0.3873128426797988,0.6036399913564181,0.3621066063813852,0.17027526203855603,0,3
SAM000240_tp3,0.5257229298746751,3.036241634441251,0.9945693307771759,0.7896103024382193,0.3787373265429737,0.5182166423082778,0.39129960424294746,0.5011735824899244,0.4522454537109495,0.6298162231530093,0.4461363085397208,0.2922560875437023,1,3
SAM000538_tp1,0.4123568799388483,2.6463083974514827,1.4663774463734947,0.775912233802506,0.3369762727909714,0.379507980001674,0.3537903319063954,0.6050014183011709,0.4393354691283754,0.6435377204159226,0.4698975925578948,0.2770244556360354,0,3
SAM000458_tp1,0.31385850364668166,2.1350012129296996,1.1304534333175453,0.7638629416729767,0.36142759325989987,0.4421619980107085,0.3874196355027247,0.5352642257611209,0.4305386768620572,0.6184895422773338,0.41534568302371744,0.20062323424335232,1,3
SAM000463_tp1,0.39415661747337744,2.343745153983151,1.1964257213971894,0.7586437012953675,0.348521302105424,0.3944725474653111,0.3981543886932953,0.5455423309641116,0.4356235220114955,0.623229295459745,0.4549484025583794,0.2372615149948254,1,3
SAM000309_tp1,0.3313411877487814,1.922492664942187,0.9713976968202169,0.7615522973139582,0.31657826256716,0.3848474180492903,0.298386101152222,0.49829858403901894,0.4173736106892691,0.6303808419264868,0.3673413411107799,0.23011727001738577,1,3
SAM000223_tp1,0.38550097261620264,2.1251841927314867,1.0297102224000911,0.7398451212569778,0.3469068787434826,0.3960545240883173,0.3515365684435113,0.4399440815728135,0.4464253052175581,0.6185686912780607,0.4379324072536862,0.1856153922440099,1,3
SAM000255_tp1,0.416343182574321,2.6720167519126194,0.7399391427540776,0.7778609719773185,0.26271636611934923,0.494383574456683,0.4326270156934391,0.5386063270393013,0.4446107515389126,0.6471823407612577,0.4059811790315021,0.23622023079809837,1,3
SAM000226_tp1,0.3488469714771394,2.0938883284989402,1.0074369833792074,0.7634759848233059,0.30177049556574487,0.423612082555221,0.2907296394398269,0.48281057571570807,0.47282417987373376,0.6214777353448137,0.3800688604467169,0.22095502854353047,1,3
SAM000276_tp2,0.3818373977391383,2.246038916137965,0.8503822618397708,0.7451167294067023,0.29500316373038793,0.37660331519277795,0.302951714315454,0.5615488488689091,0.41145602959795596,0.6263024144417989,0.42675339471240525,0.26241541306632615,1,3
SAM000271_tp2,0.5500473920579969,3.0284903560871204,1.1142835728245248,0.7796849161062547,0.3224095819370849,0.4610221332484206,0.38027531162496847,0.6483572778875936,0.45662872158891354,0.6409617774704326,0.5271827134387455,0.30637191188626134,1,3
SAM000216_tp3,0.3158712815080661,2.14814140047915,0.9929908470642992,0.7333301977399309,0.28731601779500965,0.41465490507354036,0.3648302646891552,0.5351589390475786,0.43048291745524175,0.6123539749145896,0.4470251130180558,0.232393708571369,1,3
SAM000515_tp1,0.34233541238376347,2.237186280092422,0.7958898186663218,0.7367926626283485,0.3002934507484311,0.40767018955976475,0.32266148249999127,0.5015326694474926,0.4116628253545697,0.6166468789148546,0.4653220725342774,0.2962522605716362,0,3
SAM000256_tp1,0.4886086615720124,2.8297463360002673,1.328718676553671,0.7740681741174485,0.36430836530721533,0.5027864444007353,0.41815944754996814,0.5482248191162626,0.4208721503746001,0.6234358876408613,0.4928769301143418,0.21725731947259722,1,3
SAM000301_tp2,0.42472098150267884,2.213363727999336,0.6538872602518748,0.7695059247350927,0.27816406394564963,0.36897617183776404,0.3081147225948955,0.5164642688683648,0.45801789654669534,0.6209625498965842,0.41640061030323094,0.23373590385353832,1,3
SAM000250_tp2,0.4250417585942028,2.341008102667959,0.9410197371475978,0.7629451334639417,0.30750939910667274,0.4369644749215182,0.377515812198417,0.4703721433069398,0.4347754226829824,0.616817196975311,0.4477840182689392,0.22701571851280125,1,3
SAM000436_tp2,0.32128236163079393,1.7695573937893028,1.0347949624709987,0.7747508078055249,0.3286458012398779,0.3999461156288142,0.29878498758852406,0.45034021535625135,0.41795347907428565,0.6210243454031026,0.3646088622460813,0.22371073834094893,0,3
SAM000426_tp2,0.23576062576742413,1.5526091952093106,0.628238423519658,0.7558745831638979,0.2566046814779128,0.2893007045848333,0.30397705061031594,0.39418752118752387,0.3943065245928989,0.6186772055731542,0.3220322308379709,0.21435465458593206,0,3
SAM000401_tp1,0.21833517505267683,1.527744437269005,0.8697252550811261,0.7589262465267959,0.2837672586247874,0.3052755825995785,0.27803939029432306,0.4356292468234358,0.4061902660300202,0.6217535378378021,0.3464160827322562,0.18106047875742146,1,3
SAM000331_tp1,0.31843620864802824,1.7523631184554014,0.7920247179530329,0.726351659140259,0.30041212008363244,0.3476232498432019,0.30243819297137503,0.4617277087877629,0.42070888211281804,0.6306750452438353,0.3550632719926906,0.17203240858761212,0,3
SAM000204_tp1,0.19867472819206677,1.4323077464452103,0.6679425141088328,0.7017763362437576,0.2713014725603809,0.24246640636334799,0.2511241255261396,0.3926855830595286,0.4260606991581519,0.6163398508703197,0.3849454504796008,0.1855649997853941,0,3
SAM000388_tp1,0.22968461083239614,1.5049478661974884,0.892633354076125,0.7269400635064074,0.3311332620689786,0.31179264624593167,0.2678881437733841,0.3952764686463358,0.3996387159304616,0.632971381744478,0.3608545494183737,0.15853522535254733,0,3
SAM000277_tp3,0.4257570187726128,2.296073235044155,0.8479022255164524,0.7553707308004443,0.2981570781629159,0.46041181751529053,0.32742728523343706,0.5994254082077008,0.4342916135691788,0.6224376518510835,0.3694971532802531,0.2533630491946057,1,3
SAM000273_tp2,0.31224042311485534,1.7678473727752089,0.6871647488770773,0.727521195544646,0.2924077235286057,0.32707163320136945,0.26606878227923325,0.44628236602832333,0.4133833628057064,0.6315447691142397,0.33710780967520215,0.20799541659862755,1,3
SAM000419_tp1,0.16613993279483275,1.281037456798786,0.6565918086942947,0.7231415082043279,0.2615326845362524,0.24393618187962463,0.2399230249721246,0.395324485711962,0.3883139170399611,0.6302328211579485,0.26009156542344386,0.14873386954440343,0,3
SAM000266_tp3,0.3472825906345585,1.8029795789044212,0.7020651947693013,0.7259142223821385,0.28060821163200833,0.3699398691465155,0.3271193311847575,0.47400287228114885,0.43945474722495803,0.6369804133357767,0.3274538646413774,0.20093228825910603,1,3
SAM000259_tp1,0.09776382625892042,0.6067435409935332,0.5429055204257385,0.7011647167782258,0.2666881750417678,0.17792430360093806,0.1350725602923995,0.24393204784745887,0.38907228205958994,0.597224996073954,0.24419384852711487,0.10826594494660144,0,3
SAM000203_tp2,0.2755080750132883,2.098343005357374,1.209690026798685,0.742389348147892,0.3312030671648422,0.3464543942674369,0.29599675614334964,0.5014363303009296,0.4076692103950165,0.6104765100534658,0.42016911878530716,0.20347480274460067,1,3
SAM000407_tp1,0.30278826455853464,1.6443639208744028,0.8371295210015132,0.7720297256298434,0.2909267326017845,0.338437199005598,0.3186589983392937,0.4714571967466462,0.40570142205963344,0.6395852394654226,0.3592630999727767,0.18000554386672651,1,3
SAM000536_tp1,0.1628079033796396,1.2727615737467972,1.0734561488584893,0.6873235693469577,0.3019916727389319,0.23971159959906038,0.22854105224600182,0.3307477112127597,0.414523690067705,0.6291140377122738,0.32074735076126076,0.15341676547167618,0,3
SAM000475_tp2,0.4460581070695301,2.798134588318499,0.9472220298299241,0.7837457643147198,0.3163024599431693,0.4855965419878735,0.43222745271807084,0.5918413988589861,0.4333910518106845,0.6259638143642311,0.4742086899518332,0.28366366619528005,1,3
SAM000427_tp1,0.2600047054570072,1.4707826980417962,0.7234420632640094,0.7334648061192865,0.2898842823545286,0.3464281079297377,0.2949119247549177,0.44113337437807254,0.41205424538487057,0.6123006990132712,0.32254815877637016,0.22580906126684064,0,3
SAM000500_tp1,0.18743877828955505,1.270656113496627,0.7790818372952945,0.7296000714564113,0.28467057264871304,0.25962011580583294,0.23586210704851454,0.3832852759867135,0.3985094428581396,0.6226431691665083,0.30128752775114964,0.1492612350358724,1,3
SAM000325_tp1,0.30043086911910694,1.6156138973521244,0.9628522854291595,0.7436192271941775,0.2725059774683063,0.3592980902302267,0.3209055038523102,0.45201817481131484,0.3978118168213857,0.6218534056001517,0.30816227484209713,0.1610592650345403,0,3
SAM000306_tp1,0.33803567387001104,2.6126305749699927,1.1806246217598833,0.7676468950357476,0.32322185516922325,0.41386954815995236,0.37417754450360907,0.5299040779202059,0.4266218133433948,0.6256892170225875,0.45682522626667216,0.2642589338250817,1,3
SAM000227_tp1,0.28702765460002194,1.7142901426173671,0.9210525070654056,0.7361640691677377,0.3487066521320126,0.3731411498045407,0.26468322927440524,0.37750408787145096,0.4037462945756575,0.5944755862032013,0.4574031608930631,0.26695536222433175,0,4
SAM000379_tp1,0.2948694044611794,1.4428216475569786,0.975616294258637,0.7532260641840726,0.3346976950988816,0.35903396343913146,0.29372303078577117,0.48641950824003827,0.41442066110099274,0.6399626897845762,0.37559312449013943,0.15343211396983772,0,4
SAM000485_tp3,0.38853739651215946,2.3959047084659963,1.1295241778767264,0.7517728533833576,0.3255762089831463,0.44037402458439245,0.37560524048982613,0.5190689967468026,0.4080108240990831,0.6443194797619388,0.4901412572218692,0.25781179509568725,1,4
SAM000362_tp3,0.4350237514273397,2.4316081459278656,0.8014556019197253,0.7675088449546308,0.2657445654027316,0.42744952404997855,0.3671676597262266,0.5164698417482325,0.46887586790424707,0.6304438508211381,0.3800795008107161,0.2219621958769797,1,4
SAM000345_tp1,0.6081948106754385,3.0908289250000722,1.2667078002238643,0.7751844288421821,0.3409664386519842,0.629111233601309,0.45195545653440455,0.6548071300108819,0.46227466341178136,0.6573108695450124,0.5179404473576462,0.30639054115245384,1,4
SAM000283_tp3,0.32637409373320986,1.9683769212716513,0.7746221307230151,0.7568223540582539,0.3260218524553789,0.3662838137959747,0.2813392598752783,0.4559158029089689,0.42558157159611226,0.62661022851482,0.37385068296568236,0.17283558309762662,1,4
SAM000333_tp1,0.4484143940422125,2.315213368584877,1.029056505611846,0.7509138226177302,0.3214081915033541,0.4103505276962902,0.34795074008876503,0.5421808468727098,0.43979260601794096,0.6461036633203234,0.4152060317241083,0.292142990606046,1,4
SAM000312_tp1,0.18092384367793812,1.0360040708815432,0.6072943659532847,0.738426358236075,0.27208677657386643,0.2439626173947587,0.23460704518227624,0.38844168355248854,0.38056414470972394,0.597253978206384,0.3083442691846809,0.13192753759016035,0,4
SAM000433_tp1,0.3139512893511556,2.2050995947330687,1.1458616096225647,0.7556627136803823,0.31616107730727344,0.3909420153562706,0.28641407714649764,0.44221478077834947,0.44065072151633217,0.6259626163159742,0.4140816288719476,0.16956925368546608,1,4
SAM000386_tp2,0.35671874490013844,2.049626178093455,0.9636859287160949,0.7393244857848792,0.2972301229047203,0.40787667722368215,0.37447567281126865,0.5378144786791004,0.44066542804495706,0.6463694987357966,0.437613099964446,0.26406565747363614,1,4
SAM000382_tp1,0.27212675976962125,1.696983870387647,0.7951707631028054,0.7445230674097203,0.28969776014714277,0.3151180518912859,0.2597637764514972,0.465683063894942,0.4028683198857903,0.6312880648917577,0.3735820257721562,0.1618408651203826,0,4
SAM000368_tp1,0.21614193050530034,1.1807916032771617,0.5278370990529148,0.7223493783071584,0.24320561852069464,0.29425932590542997,0.24124295408580626,0.37688264457499066,0.39295761877902047,0.6120501035580972,0.2757188762832573,0.1351659891243736,0,4
SAM000335_tp1,0.2892969669845301,1.8050357988030705,0.8715815676071134,0.7458383316706295,0.2863946894242272,0.32632621409738144,0.2931815456554416,0.48806448409554093,0.416533504436375,0.6114828128193774,0.3528500962039584,0.24625325326888248,1,4
SAM000247_tp1,0.11622107838049123,0.7075721663475691,0.9140624765597639,0.7179237518402419,0.26833615778715925,0.2592747144466874,0.21260346528851695,0.335971975450267,0.38651073667008595,0.5964218643112678,0.3347399763349192,0.10813293476368405,0,4
SAM000400_tp2,0.5032562896196652,3.1518905208747454,1.4199881685216724,0.7601585255532392,0.38527989822064784,0.5325209901058101,0.43770867884386705,0.593861802951677,0.4366460564942728,0.6533658943249329,0.5464881991895506,0.3451748841459109,1,4
SAM000384_tp1,0.23792789741455223,1.247127960109347,1.1036815775441675,0.7464320826152204,0.36263391039942705,0.36465679362739417,0.25000742574314905,0.4513126172321526,0.389241497482194,0.6339460740330611,0.3650827212827651,0.1486688883343881,0,4
SAM000487_tp1,0.4160861339734151,2.696167789543947,1.2115443268666342,0.7679615546973625,0.3550923986867393,0.5041797094492957,0.3970218099382816,0.5912411390910983,0.4358025577924721,0.6231784789973731,0.44541801224886074,0.2736283796315899,1,4
SAM000279_tp1,0.44759207726980094,2.3721591772787884,1.0944192244363904,0.7570679724214056,0.31936362538342955,0.42629799598858964,0.3375999129400084,0.5471304989821995,0.43594635102873336,0.6383771420181358,0.43440439448589635,0.23097593037902914,1,4
SAM000270_tp3,0.4154674710760997,2.4314981086279546,0.5996001036586017,0.7457716669850076,0.24770952196008916,0.40036986639846533,0.273746928906725,0.5090319459737453,0.4491249100919976,0.6283919017165923,0.37430153122710835,0.24981992992603644,1,4
SAM000299_tp1,0.3881858615482394,2.2202773904896564,0.7113711969783566,0.7693668902860951,0.318636107019039,0.37647047415812174,0.32510058496605737,0.5356788191578526,0.4019497230906165,0.6360270541104461,0.4276764561304228,0.32732106863928917,1,4
SAM000425_tp2,0.495851104408721,2.7695179492489332,0.9587491782343173,0.7719397413394955,0.3043943530088463,0.4855212751121585,0.3824566576528229,0.5876735357116192,0.46380023524771524,0.6443302656879001,0.4416726661260833,0.23170827101510316,1,4
SAM000332_tp1,0.18902270202608976,0.9146483502459337,0.6356780558732146,0.7401642502473527,0.2764142967527712,0.2642559534682527,0.1817861513231458,0.3406955804921518,0.3795893904387315,0.6218954315476243,0.28868446129283387,0.15106866109136619,0,4
SAM000385_tp2,0.30380316574606625,1.8085742159377582,0.9445091328740294,0.7508866298239087,0.2752085442003875,0.32403820928117644,0.2768236981352132,0.4713478291230255,0.40836849901197625,0.6446163264219561,0.3515054427084046,0.1786465792937303,1,4
SAM000430_tp1,0.3221320870095417,1.9604639282957042,1.3052974829932256,0.7512768567733373,0.31112701501092516,0.4114324240906025,0.329394925289177,0.5054584683611582,0.4209734901173683,0.6355527015277511,0.38199786057904866,0.2225314634457027,0,4
SAM000309_tp2,0.528804837020008,2.722612813673943,0.9961713339419437,0.7609699658212182,0.2953574638520296,0.47530036429480055,0.38107333058507864,0.5961360487877105,0.4743435961749074,0.6359215443889824,0.45006024461437116,0.3033586787336782,1,4
SAM000237_tp1,0.25775095819097255,1.6408116972276643,0.9319745821683502,0.7148948351627377,0.30201294647053484,0.38585737867261033,0.2721507454341063,0.4561011874156709,0.41396832980519926,0.6150776840964978,0.33758698563837625,0.20188526539842058,1,4
SAM000484_tp1,0.4009367527990119,2.7329404194077216,1.200397741219677,0.776825592958407,0.322359058583959,0.42341507635126674,0.40925664906971443,0.5553865302978415,0.4264537737541654,0.6399008925868205,0.4603261362021777,0.23408505397411772,1,4
SAM000316_tp1,0.4847363029514276,2.6452519922497135,0.9508781641382131,0.7788977296597303,0.2863417226011655,0.4765810487077901,0.4289017345251619,0.5737334962229774,0.45667180042523775,0.6513151381782645,0.4739728215444768,0.2520851981592477,1,4
SAM000208_tp1,0.22728956712564327,1.5622275976289302,0.8872229647750767,0.7419097310996632,0.23697656535750053,0.27742340176739344,0.23876724074353028,0.43613165111283886,0.4090434750071273,0.6300732146032836,0.3135544140588652,0.16766142643558762,1,4
SAM000523_tp1,0.47162613302421813,2.573933983598102,1.0280783904688773,0.7666277492087196,0.29790199565129255,0.4846300175689139,0.4030446124001616,0.5430342271387238,0.4460047295921597,0.634946088390481,0.4629590427299705,0.30844700346736414,0,4
SAM000371_tp1,0.25374645875421564,1.6497627970838717,0.8174587880527584,0.7585786853364099,0.2920033333361555,0.31114286173301686,0.24089974638194614,0.43198712762113217,0.383707283045818,0.6270609864649006,0.33558647835603117,0.17184148170066368,0,4
SAM000308_tp2,0.39746464969636586,2.719992655596119,1.3822477382575005,0.7609143885384893,0.35324247056305164,0.520037707921628,0.3209142573023878,0.47168382940468406,0.4129736934809569,0.6507833717454097,0.4230827180742655,0.21912808951030682,1,4
SAM000311_tp2,0.5538376775529392,2.9734923095838894,1.0564503665575957,0.7531463302826098,0.32534809226229805,0.513224314950509,0.41661629196932687,0.6392365291884927,0.4481044039521794,0.6364238691220477,0.4761514939106312,0.3446980902776729,1,4
SAM000249_tp1,0.14818335906201383,0.7300563981752642,0.6601392806510838,0.7293624557484009,0.26091909306004557,0.212288463784585,0.17605788346019677,0.3297738401670077,0.3686115131248724,0.5992062175181685,0.2618860769157008,0.12518554305902058,0,4
SAM000220_tp3,0.23545634105745047,1.3605148467304227,0.7749504485101218,0.6933457396023381,0.2767994599677804,0.28406509855034945,0.3312746547577244,0.42747511207573885,0.47865870750855044,0.6294635936878935,0.2813826790965438,0.17531256627576122,0,4
SAM000261_tp3,0.4739341100531886,2.3155490946214443,0.6364057358583479,0.7790386586940374,0.24688230665648395,0.4303065573197199,0.38006265406557027,0.5430889460850473,0.435038049201533,0.6323483919767177,0.3882011027606872,0.18382669428022994,1,4
SAM000223_tp3,0.3375331391881712,2.038827150862315,0.9855390474137354,0.7781832262518649,0.3145361674180388,0.3919150158229662,0.2921219216772718,0.44019476593654877,0.456823231604793,0.6196315168195956,0.4138287455054909,0.1922735353875167,1,4
SAM000306_tp2,0.2773838295116414,2.2149483523877964,0.6939240999343853,0.7494449555169261,0.2738825432838102,0.3419107506725135,0.294186965933267,0.4514206224407628,0.43376679849888994,0.6294477017599669,0.39522997299862583,0.2464479382210526,1,4
SAM000212_tp2,0.3543008268529239,2.309934837419938,1.0456928196964215,0.7391402939183864,0.31227257709794914,0.4474862717026617,0.3797636283642363,0.5494095925073655,0.4479811776683376,0.6246975794891749,0.4744876181249312,0.2222523820122286,1,4
SAM000470_tp1,0.31749202410259547,2.0911176977861787,0.8407150000658499,0.7587708310197521,0.2719649319344421,0.3780968239316579,0.3252914287517214,0.48503349445263183,0.4261067437124329,0.6341905414211059,0.4270430822289994,0.260331288305918,1,4
SAM000250_tp1,0.5830474136144757,3.050506527986589,1.2817205193461845,0.779485788865888,0.3612597691050312,0.5387445515827242,0.4513918468135161,0.5807427461126923,0.4587298625431401,0.6330088584609822,0.5478161130533593,0.3358796891426746,1,4
SAM000302_tp3,0.5868614399743063,3.15292090231382,1.200761684940267,0.7871487922542221,0.3176065436823172,0.5533299452624616,0.44111259886804455,0.6423211225357011,0.47226037536794985,0.6378655062751774,0.5088899985101155,0.27807605833794713,1,4
SAM000444_tp1,0.26116549395694627,1.2369080861125807,0.7792919275951213,0.749482859560279,0.2982893628938507,0.23521767194742332,0.32092938079857886,0.4091469790883969,0.3832636701882872,0.6181375342795508,0.33151145295255735,0.19993859457712115,0,4
SAM000227_tp2,0.24794076655089495,1.487938357140432,0.9626866814737337,0.748543120660532,0.28504328808073987,0.29432360872719565,0.2713534160026096,0.39940220747091215,0.39044344765737127,0.6061497220852808,0.37610214804204467,0.23183652610192662,0,5
SAM000425_tp1,0.42862747053799,2.3989717066583442,1.1132453570652954,0.7700945360002174,0.2871264976415532,0.41930278481822064,0.366560030456443,0.518395189086745,0.46387173467344367,0.6433396917174597,0.3754792103825138,0.244808219423332,1,5
SAM000399_tp1,0.4808168845477509,2.6279297873299985,1.1798610236334348,0.7691458478765268,0.3085366485348154,0.47336007516265644,0.38053882801480526,0.5869451982371003,0.4631434724285346,0.6410633734067582,0.4696424846607324,0.2477992431569622,1,5
SAM000346_tp1,0.40130889757225374,2.2385090511278793,1.0119375826207773,0.7636216568077182,0.29008128133252575,0.4174091127472574,0.38809572821936006,0.5400137838655035,0.44072658913815255,0.6322179103925093,0.41138267635864734,0.2624121576939057,1,5
SAM000475_tp1,0.43435497416319685,2.7358297986655127,1.1415515172825401,0.7802018892230091,0.3054466306720886,0.4648703576691272,0.429979876399019,0.5600432566657271,0.4712396310896619,0.6336874871221425,0.451715901478333,0.25351335642944606,1,5
SAM000436_tp1,0.3096130851416551,1.9071665686771746,1.007905973231297,0.7817431018410572,0.3215961252890256,0.3592820279718509,0.2745315875583882,0.41189846769295174,0.42553929092238685,0.6417746494146526,0.3102607153571717,0.16680065886998574,0,5
SAM000518_tp1,0.3506297045146023,2.1876472997746568,0.8673719883080487,0.7671541085547466,0.29181074367994037,0.36902077591190674,0.31112854193992684,0.5274693171393943,0.42078814077405746,0.6362578520000224,0.3679206647203813,0.2393909815635008,0,5
SAM000529_tp2,0.4460797080868207,2.4957011377561797,0.9589241578948182,0.7929443730775652,0.3319626081096949,0.42475353530676274,0.38546448654581306,0.5373275328109357,0.45225683777016856,0.6363797707085694,0.4803987430976073,0.24579835732641214,0,5
SAM000283_tp1,0.2988635667921002,1.826023883292988,0.9079168003412414,0.7649311462264612,0.3008678248156892,0.30061772149582583,0.2162040298976997,0.4667187650720342,0.41815476030047494,0.6335129440134533,0.34119087372233314,0.1398577772265806,1,5
SAM000314_tp1,0.5227005422352381,3.1130207199112965,1.0183812604790874,0.8083291964435257,0.33129244776688027,0.49933348799041416,0.46069881615959923,0.6441946887887272,0.44421450439218374,0.6323022468059057,0.5063160619692237,0.23099653118959862,1,5
SAM000268_tp1,0.37080847813722306,1.917074874892821,0.8582916513122693,0.7651714216264829,0.2849500128471155,0.35149399749710386,0.2757291635303288,0.5041686915461104,0.4334955782025746,0.6463935934278736,0.3458652549406954,0.20346235222679007,1,5
SAM000210_tp2,0.491215400427444,2.575615455245487,1.2446254409140491,0.7585433541984734,0.25672697925471144,0.5125055636861588,0.4785691139910273,0.5523873215205735,0.504015641906739,0.6522369121091964,0.38646695987209606,0.3701810283096869,1,5
SAM000337_tp1,0.385507778592887,1.7049539885707075,1.0239686673844703,0.7472721356785859,0.27529475073866094,0.3685992609275322,0.30574671274384385,0.5129414093923678,0.43606532362533257,0.6322075644587498,0.4155184374345027,0.19488446948730065,0,5
SAM000240_tp4,0.43094049772321463,2.7466938550633127,0.9999776188590107,0.7879122968196797,0.35487818372120394,0.4694965342766119,0.3771393838261236,0.45984497108843536,0.4506849815853862,0.6405984339870734,0.3969107993069978,0.25693947545352275,1,5
SAM000255_tp2,0.3856670358772567,2.3808955925799666,0.7025370155215712,0.7812358533044034,0.250310977708723,0.44756297014241875,0.39386612416487765,0.4996781593965595,0.4333233588592326,0.6442840259027096,0.3899854511112546,0.2054146917836905,1,5
SAM000231_tp1,0.30786230467869785,1.8505389772308005,0.8467311607840589,0.7525038950560657,0.3160500657075457,0.35353860257746583,0.28225894268913687,0.46896797546917696,0.4101563119129787,0.6081377476860161,0.3855460705597129,0.1919361285862687,0,5
SAM000424_tp1,0.3801169263322864,2.7364674075458715,1.1405247988801026,0.7868764865216691,0.29340936120301914,0.4302817991377346,0.34116161580066906,0.5602140654792077,0.4256800929332635,0.6369103974672594,0.45840137739257536,0.26658722667725454,1,5
SAM000319_tp1,0.5772483313711996,3.265162711406704,1.0408391432315398,0.7886362522001936,0.29382939101653016,0.5188250356934853,0.41552660433162847,0.6579456740198311,0.4600968683356268,0.6538767666247516,0.46645424168290944,0.3276900888077873,1,5
SAM000286_tp2,0.13074307261565185,0.7084979874790038,0.6768169555006651,0.7170116367306847,0.2380794236015422,0.15821648709258823,0.1396899282384754,0.2933176996314278,0.4180910539163653,0.6225343369487653,0.2197354088597267,0.0725785114673651,0,5
SAM000349_tp1,0.6514385562976811,3.157789086243652,0.8474037240812347,0.8010649087571204,0.29513458801534154,0.5581148204657445,0.4495287706945889,0.6146238138609124,0.4778213487302157,0.6323711817242775,0.5007798738553838,0.2985037255974335,1,5
SAM000481_tp1,0.4678822131716958,2.8872459659643797,1.387587662107345,0.7572763043275522,0.31241459312512715,0.4630310146135713,0.4363710557183172,0.63519667483945,0.45783489148689854,0.6508778863485327,0.4372113568829561,0.26338698151316475,1,5
SAM000353_tp2,0.2598374338124808,1.4751065846836318,0.9111055473762282,0.7652634286229982,0.27640463684554545,0.28050565830579144,0.27800648167231934,0.42387705495716366,0.4649924956308588,0.6281413988658052,0.3202923937374177,0.19592913157627265,0,5
SAM000330_tp2,0.3903118251137226,2.267811901392904,1.0776986415793675,0.7757262127369384,0.32756264692970427,0.42404035345648866,0.29971925128547516,0.505313842530173,0.4148554145561615,0.6266448749266875,0.4109624991209915,0.2048442596584411,1,5
SAM000330_tp1,0.46622223817376196,2.6077241591117604,1.0755207606278925,0.7941323244502659,0.3274987874848577,0.45768341797313655,0.3258744098024108,0.5969906602037669,0.41088922790516724,0.6382020721630024,0.4249087579551263,0.2684432057630439,1,5
SAM000348_tp2,0.38455170619409207,2.1054027334964056,0.8551431920833582,0.7457122962781607,0.29432327262918706,0.3974678813095951,0.31127079150639775,0.4996443577207177,0.4410680661915238,0.6456201119224366,0.3734255960354578,0.27374881709243115,1,5
SAM000358_tp1,0.44155651515682115,2.4718998134656105,1.1650270142786168,0.7808040082417276,0.3165248751082044,0.5268180358983422,0.4020337866247814,0.5819254822506702,0.4270576338895142,0.652824213861998,0.4693582353351604,0.3010450837871577,1,5
SAM000421_tp1,0.5648470401639883,3.139204743673111,1.096251128661232,0.7856058037245256,0.3048215084729948,0.5621944237144608,0.4319688205550188,0.6212228302022864,0.45369208376155273,0.6530304893000679,0.45369137333174947,0.25170670108010845,1,5
SAM000415_tp2,0.4638691749587789,2.726607173413892,1.006850422485335,0.7819824008191617,0.33919360367501483,0.47837662763144756,0.40039870173359804,0.6046919048774868,0.4507182204353667,0.637760532871489,0.41886094258260237,0.26597944465200457,1,5
SAM000481_tp2,0.463022466069129,2.815309182898025,1.437405030722664,0.7598365068117632,0.3252916513716552,0.46263200609083716,0.4247939524291962,0.6052044461785143,0.45445097872649315,0.6473073848563401,0.42679254920711424,0.25363883549613225,1,5
SAM000222_tp1,0.3179565914610895,2.3539947298608013,1.1934521581667032,0.7568791077556917,0.32950097772736997,0.37148849461299255,0.3279006315561898,0.5332044357417817,0.4049956919312575,0.6293955322058964,0.38999465935448596,0.20846089056746947,1,5
SAM000431_tp1,0.2639347612457032,1.8687623871731167,0.890619113594526,0.7354489680657634,0.2909690229253463,0.3781923186309531,0.24324862049542897,0.4660677903030369,0.40148312302087574,0.6320113486359556,0.33176196760188537,0.18596111152869557,0,5
SAM000245_tp1,0.5860216314310904,3.181104716194813,1.5406988899922909,0.808962468769408,0.4009278487208554,0.627175005736889,0.5512235081697701,0.6628141349362915,0.4508897747884524,0.6391451456761188,0.5293379760719492,0.31732875526087395,1,5
SAM000428_tp2,0.4113136116475489,2.39577351336067,1.148109996135014,0.7662830745885779,0.33530728679869876,0.45576553022850613,0.31387963693736576,0.5362865183474558,0.4330256795443947,0.6376350714473308,0.3945383456176411,0.27091298019630033,0,5
SAM000491_tp1,0.11837331838902884,0.7206165966242648,0.9585071076746371,0.7235944175820406,0.2850648202138102,0.2078988501786009,0.17504145129341586,0.2964358014866751,0.3924252484244127,0.6120897884692081,0.24907952545552242,0.11763703194288971,0,5
SAM000275_tp1,0.5201151361831748,2.9908771141468082,1.0025831752503584,0.7918560718127329,0.3141950896814547,0.5678472105186093,0.38401378004790276,0.6027168508881834,0.431553050545876,0.6516237106073203,0.42732209390263803,0.2989673709968652,1,5
SAM000265_tp2,0.4571314240818871,2.4368832551412165,0.8275321131582914,0.7948050563131117,0.3467170811778723,0.39169541594232926,0.36662459835650596,0.5815918713487048,0.39074327263898906,0.620683668939065,0.4680488462827262,0.29912953455806846,1,5
SAM000356_tp1,0.5574682738443177,3.1124939060226438,1.1447393732743156,0.7982960103958849,0.3402248310268956,0.5684357602953208,0.4386136168618772,0.6384444020614046,0.45460047978743257,0.6389553614246757,0.4922421232501489,0.2703360230894909,1,5
SAM000251_tp3,0.5478513664551664,3.026463496914958,1.421670624236824,0.7985305597514758,0.3646026053391121,0.5073123760183694,0.44078681248187584,0.6566084682168405,0.4951334018377912,0.6441407185270167,0.5233796533953851,0.33609353169261685,1,5
SAM000332_tp2,0.17054028218289904,1.3695655501653925,0.712865310552556,0.7495239477155364,0.23955378718031656,0.19138267237708198,0.16415887729319867,0.34318958040837544,0.42994429713507415,0.5924981988835943,0.2353191850419897,0.11561450559838664,0,5
SAM000265_tp1,0.46974532319750745,2.4737859044679706,0.8013727317016115,0.7984940511233859,0.32889378905297656,0.392907550837166,0.3593793816484563,0.5590371739249949,0.39411622683518277,0.618369955241757,0.47028143974192765,0.28892918611227875,1,5
SAM000523_tp2,0.3233476175677849,2.07110642878024,0.8913799014648686,0.7766779712995967,0.2891745863994924,0.33686459581635364,0.38106179077508867,0.4984258026788485,0.42195272226889846,0.6441283393420122,0.43218756237284794,0.20785331674146096,0,5
SAM000288_tp3,0.41513176002302077,2.9676044826387367,1.20289041366413,0.7700447188307795,0.32549738167657294,0.4970299457809842,0.3858664969538311,0.615708828516322,0.47055717239123707,0.6619469150741737,0.4242392289278162,0.28782076511482274,1,5
SAM000320_tp2,0.24344367994515728,1.3444954749955025,0.6174351277053586,0.7548692172644144,0.26657897594036273,0.24609623319797053,0.1987693404753988,0.3616743996843308,0.40830213585403013,0.6314374320093471,0.2655472137378039,0.1623263927381727,0,5
SAM000210_tp1,0.47940986381468464,2.562320174323442,0.871279020550139,0.7314826161750996,0.2670364322294199,0.47974746462677087,0.43227884213522516,0.524342634918119,0.4781311378084236,0.6446012964857569,0.4052656413786749,0.3319387106693023,1,6
SAM000317_tp1,0.30029476994956233,2.0995666285462153,1.1793419954459676,0.776806485512951,0.3323405898361846,0.37121601000430055,0.29292284720526585,0.49907901032886054,0.40028331441720505,0.6368305618617,0.36515865322609675,0.22590435589564278,1,6
SAM000429_tp1,0.296654680395685,1.8369897734493872,0.874170307410371,0.7526582749386411,0.28275584935579684,0.36627442007830774,0.269288641472251,0.43565592729836355,0.4280585491917156,0.6356650124028045,0.3366918363621565,0.1942451130262109,1,6
SAM000221_tp1,0.12267566116473877,1.3840572273044884,0.846665094930237,0.709700186011483,0.2826128235223421,0.25061680590097696,0.2181299485049392,0.34647464873050887,0.36433003896017147,0.6000960996914179,0.32733877613161316,0.1504663790146302,1,6
SAM000319_tp2,0.585264623299147,3.3473449122420833,1.0552447569606302,0.8023633620547179,0.2879787259657897,0.5569181550175467,0.4229307032943162,0.6810091554733282,0.49407165819448395,0.6550733989729598,0.5000784374713327,0.281558530903625,1,6
SAM000527_tp1,0.3720320341888752,2.226919304316767,1.1013682664714914,0.7539816799549937,0.30774717089996406,0.4243981742007914,0.36561043849372316,0.4691075153800246,0.43670029312905934,0.6454690880501501,0.422209475294568,0.22948888142346122,0,6
SAM000260_tp2,0.6087055473957417,2.79381287890874,0.8138335969353271,0.7842870203803554,0.35615877891034786,0.49727606712462935,0.44264568564300855,0.6043903062610732,0.46246220918861447,0.6368279614823797,0.47343555835417567,0.3395638671828162,1,6
SAM000417_tp1,0.21715895887212228,1.4560984417334333,0.8450773775478265,0.7327336676324409,0.2969835714574999,0.30440216536749376,0.2606115649565256,0.4444581166647375,0.40336322510943057,0.6157907280887632,0.37375155391101095,0.1985108429631275,0,6
SAM000220_tp1,0.13826522233482016,0.9520954801485907,0.6501939225535938,0.6277149709071479,0.2724662778347778,0.19837422210746514,0.22505244103476843,0.34800774599133133,0.4233959137985775,0.6082850108394839,0.2705024406076657,0.11266460374071995,0,6
SAM000412_tp1,0.35802603244673087,2.0920659966774116,1.0568325224793549,0.768752502741837,0.29082736519281077,0.4095067964876412,0.305782835834122,0.5246210439945591,0.45023872749642196,0.6416177553280876,0.41083574462535344,0.19152979512869225,1,6
SAM000296_tp1,0.22898726321282464,1.1936733175785244,0.574395141753651,0.7350558037931185,0.26507515690201816,0.22098326739737723,0.19196280097090565,0.32998715284855473,0.390007672468155,0.6309230643548105,0.2608009100069195,0.14899788289795965,0,6
SAM000299_tp2,0.5277940459140308,2.609318515232332,1.0167974178738488,0.7820426826902644,0.3386695551769663,0.473853500356769,0.4087751599257469,0.6012671821112214,0.4452816573017236,0.644048900348878,0.46952090664008206,0.3265821599769037,1,6
SAM000343_tp1,0.5618815420153482,3.1092676207669414,0.9719790701481261,0.7908723848227102,0.3215012575477103,0.5767139408917447,0.43276727041788043,0.6108802393209622,0.4382951780264889,0.6481446580258995,0.4957833752741429,0.26891023988772844,1,6
SAM000495_tp2,0.14219782302387166,1.1355283300956964,0.7561427906910971,0.7493274910477676,0.28312124476041634,0.21879594172299302,0.1701453445700062,0.347785786030907,0.3559078484693468,0.6309706723595037,0.3078652264533774,0.14785469559585274,0,6
SAM000291_tp2,0.2231924810889039,1.4892609532196022,0.9811289198133986,0.7112459645306509,0.31191460479012234,0.3452373518067724,0.2896387246552359,0.4661147401575515,0.395792475741898,0.6028226347734358,0.3483843684912993,0.22766161599726842,1,6
SAM000226_tp2,0.42775264703036137,2.6133755133668717,0.9854176145696578,0.7610328540087804,0.3172142541227757,0.488441219121483,0.36196890673869975,0.5460064792050402,0.468753484477648,0.643858263995901,0.4446476310531294,0.2213601621922132,1,6
SAM000216_tp2,0.37159902419935664,2.307275746889378,0.8154569178782799,0.7483166691002158,0.2658500220590505,0.43118757759692344,0.33763054895839745,0.5285383583645082,0.428568905473556,0.6236896789425793,0.4601855723225829,0.1863417461499105,1,6
SAM000367_tp1,0.2890216944741068,1.8297397055349955,0.8151349973428361,0.7851590820168682,0.30559141053646965,0.310154047277349,0.24352150855213953,0.48060546411219535,0.4302629084065503,0.6305311974652337,0.3745172610130297,0.1589850076927834,0,6
SAM000418_tp3,0.521419280388991,2.818925029921902,1.063549791044154,0.7924001393572749,0.30933724324695144,0.45529324264417215,0.3605927062885827,0.5910950038172538,0.437846386742907,0.6562929839833725,0.4100683931969661,0.29457667446721414,1,6
SAM000313_tp1,0.36558438540030946,2.217588243955758,0.8912201044592557,0.775046357501788,0.28176836101190983,0.372927503112007,0.3412597222838319,0.5049168476081372,0.4298221335568782,0.6315318416745251,0.3719885520111669,0.22200083654493902,1,6
SAM000299_tp3,0.35909201166353116,1.9097143158920553,0.856614326797977,0.7744068728657364,0.3243696233892552,0.38197359377200457,0.3009325783565909,0.4997103048903513,0.384532030853539,0.631564149424336,0.37606475389283306,0.23120691229284124,1,6
SAM000350_tp2,0.4674058260473592,2.5292653975109194,0.90105065535994,0.7624100739963099,0.3024528089283585,0.46692370608425143,0.3671217125019169,0.5636045641982487,0.42942740662705275,0.6218167700598248,0.41891740166238434,0.21318332967834253,1,6
SAM000364_tp3,0.5431811242574196,3.0914879070871395,0.955918119703033,0.7797056484172243,0.33006574891091495,0.45906201400578767,0.38454448507623235,0.6613346343801002,0.4392474513239321,0.6364188323181753,0.4980250451465485,0.28807831140713425,1,6
SAM000499_tp1,0.3920904888455544,2.624740734024532,1.1642334318699696,0.7787321594302561,0.3032468136499966,0.44494890682945565,0.4262042744974799,0.548376512696425,0.44177577450839595,0.6336918427966843,0.4668438216777437,0.2445816510366015,1,6
SAM000266_tp1,0.311083519939667,1.8956244262815047,0.9295699008872296,0.7460697298767762,0.32983156648419615,0.3749230752411,0.2536738073526293,0.478235270093878,0.41643566768602697,0.6247176897181926,0.38549085240075665,0.16236087289849105,1,6
SAM000257_tp1,0.2386415823773969,1.5344455060579367,0.9040786488564548,0.7401669056686486,0.327243373761772,0.3110941845414046,0.23463945556428764,0.39086673441654346,0.3941207291428671,0.6270655241426811,0.3554729148091878,0.1983190630994352,0,6
SAM000394_tp2,0.36965143567961306,2.5142180703909527,1.0097202504629084,0.7650223871981013,0.31318297937246314,0.3868743747852411,0.31340378683738757,0.5141416589201903,0.42709173319646737,0.6368260717161104,0.4070616464884694,0.1679316093707824,1,6
SAM000484_tp2,0.3675544869374624,2.4776988383005487,1.3086023294785267,0.7896444509508977,0.35387329636608245,0.45471975946099824,0.42094485026099604,0.5570679164266591,0.4234799010644839,0.6340680549782873,0.456013676799844,0.2693031706929006,1,6
SAM000526_tp1,0.1647671137270052,1.282178504301475,1.0133827087281184,0.7091894487885636,0.2821491543276494,0.26697333426645037,0.2113502599714224,0.3869122848275226,0.3713447112173845,0.614846204331528,0.3105139668527752,0.14498522073602774,0,6
SAM000498_tp3,0.3518423381861787,2.4785100928369777,1.1868209457206853,0.7848061868781459,0.3525541946969261,0.46284294048762303,0.3866753057832396,0.5872964839508579,0.438668189693544,0.650158847779977,0.44721149805472343,0.2807287683225926,1,6
SAM000452_tp1,0.4884265251732623,3.060122649450776,0.8432675074149801,0.7642552935484949,0.26695894077923943,0.47151198192796684,0.39334652648469953,0.5253006073225189,0.44891358238623397,0.6394841941388696,0.46529914637791925,0.20928091836623305,1,6
SAM000318_tp1,0.40145811403071446,2.1275425520378817,0.929677595128407,0.7303636233787274,0.29933663988275205,0.4276968763105675,0.30248968380659447,0.49875972733995766,0.4071018776653649,0.5972433633277406,0.41984554099413285,0.245464549012639,1,6
SAM000360_tp1,0.24472595335535577,1.4689518326483404,0.7942968986575827,0.7486961718289864,0.30627709556867644,0.3070416842249147,0.20435996112112448,0.4305673660336482,0.3837355601160368,0.6164450715246701,0.29132707984178874,0.15692257759203568,1,6
SAM000234_tp1,0.38722488027658963,2.5031159505920675,0.9591321972779281,0.7512833619053119,0.34098776193481883,0.4228872824281888,0.34202045535724407,0.5360288254467137,0.4330308422615893,0.6273569826834855,0.4559042367734482,0.25529203003819895,0,6
SAM000238_tp1,0.21091478468877004,1.2195322704843534,0.6412651545699006,0.6603963483934296,0.24778307697827728,0.24358630350969038,0.2578352376792494,0.3156480300487435,0.4846319397500148,0.6236036601173982,0.31954200505496777,0.1289150258395132,0,6
SAM000211_tp2,0.2544387723944578,1.2923220393523929,0.7366862030807936,0.7666469047992467,0.21061271598193063,0.2876684788660307,0.21703086187051465,0.35928388753951623,0.44607190475162767,0.5955797550835409,0.4226534691928998,0.15557623319659725,0,6
SAM000362_tp2,0.5970747182168266,3.0988817094000725,1.0920741580133901,0.7971903668099558,0.28924669742671916,0.5404158403533055,0.447542023817836,0.5956377912567548,0.46944642535302633,0.6422477346516874,0.4704878009978095,0.2794532890892163,1,6
SAM000205_tp2,0.24181399579251134,2.592642865097432,1.1732109938581667,0.7591809699471304,0.28344595051377564,0.4013046299393687,0.32163319826872916,0.5177693262978522,0.40660850743667076,0.5906682339147878,0.4527654023821562,0.19468995247336507,0,6
SAM000233_tp1,0.15888952049203922,1.214620817855221,0.601886921440433,0.7007966187623341,0.32598951077220145,0.22435750000865207,0.1441499578969182,0.40242239754755293,0.4078368660352975,0.6099312091032563,0.36631140484070684,0.15894170344635117,0,6
SAM000286_tp1,0.18315967807253553,1.0674524574022,0.702366603667972,0.6001755728998294,0.22640833819751158,0.2152477954839975,0.20671992216267157,0.3066024845923479,0.4147211235353878,0.6087651763205618,0.2654483309199238,0.10098903658033756,0,6
SAM000201_tp3,0.5531368366149568,2.930339410796249,1.1318564769575254,0.7905568156860707,0.28047018769117765,0.5501628943219297,0.4174099134685155,0.6073837968544319,0.46594210056653407,0.6560836436876021,0.4519725074054282,0.23452439013658485,1,6
SAM000359_tp1,0.6072715252007691,3.2852372030706483,1.2810831851168831,0.8052984471670179,0.3323556924101856,0.5506184131006402,0.43402786330788024,0.6586707336838633,0.4650901488103649,0.6367787876937124,0.5612595646515072,0.28394333191832044,1,6
SAM000327_tp2,0.35213457701951084,2.2770845784044584,0.9700939814838426,0.7848810098950956,0.32471900170723833,0.378923314205628,0.31483094843456355,0.5490781729057537,0.39851339818820913,0.6334998027200738,0.4133975665434902,0.23512599475360552,1,6
SAM000422_tp2,0.4210446302710742,2.335160441043302,1.1733232911505191,0.7733621924659027,0.2939880286629053,0.45195947537651754,0.37945222675916646,0.5223740583385958,0.44926664874479577,0.630321641229266,0.41610866127839463,0.282886406711073,1,7
SAM000352_tp2,0.41456305644287,2.564831837626837,1.0443394590010506,0.7583683334571143,0.29344458940248425,0.4068416718287244,0.4099504680253138,0.5695606612523156,0.42763330326558396,0.6354944034842437,0.43103210434863193,0.3131006880635257,1,7
SAM000321_tp2,0.15707174610681643,1.0448523834913965,0.6203296801822027,0.7436990140912078,0.30849081794303074,0.29557416859329677,0.20055532697782147,0.32236452082458356,0.4157468016176605,0.554525191161791,0.33913503169983256,0.14299755046156495,0,7
SAM000270_tp1,0.31370830779451875,1.8130627141516626,0.4968986749398553,0.7335353201837661,0.22775688804030508,0.3333205212344531,0.25097973159267273,0.4558497201528422,0.42409282786353864,0.632708516942148,0.2952352903244287,0.18035317502938347,1,7
SAM000212_tp1,0.3966368930247256,2.4066044559818596,1.358995160874644,0.75537548081807,0.3320780963669506,0.5107893671171253,0.41003251715711436,0.5586562561732261,0.4601073358805073,0.6217116600722687,0.4580677337712043,0.2803659357902741,1,7
SAM000247_tp3,0.10489455590949229,0.6601163087698134,0.5280869704470667,0.7492426188443955,0.23592062933969216,0.25350580051380067,0.1604489062894452,0.22222658574223253,0.33475795452785095,0.5969510153468771,0.33459657478211596,0.08937913760523276,0,7
SAM000415_tp3,0.497908088187464,2.8104584104088826,1.0773075423705272,0.7632159659434754,0.3243728065756202,0.5066268826744385,0.4447602209382836,0.6122467386267544,0.4540850729469069,0.6330026093369563,0.4415128408953647,0.2809181846235639,1,7
SAM000307_tp2,0.2863965981617253,1.8571948380516605,1.0601541663142597,0.7591603795973831,0.3083163905586984,0.328744360587291,0.27947996974820827,0.4621171737496568,0.39480226561754395,0.6218313666300764,0.36032925136269,0.19280361228909576,1,7
SAM000350_tp1,0.3770264200971249,2.6124529732782618,1.1361104346355237,0.7659301588498961,0.3311978167316854,0.4367987824251025,0.30880133402651133,0.5526186260907286,0.44430582993670265,0.6362706424164878,0.41951733149722487,0.22656003765190505,1,7
SAM000518_tp2,0.2975371589766779,1.8742161889227273,0.9660912198217863,0.7644907519046755,0.2857035497914917,0.3006129870903403,0.2719980413893203,0.4514602045649913,0.43146578094187965,0.6508438495068222,0.36721172130403057,0.20261149498799477,0,7
SAM000304_tp3,0.432706026892534,2.5345701802706966,0.9043394717703971,0.776218469754841,0.3057085224041241,0.37714391831841554,0.33338826216178175,0.5324674698468905,0.4242471160801691,0.6224853877585018,0.45338280274491943,0.29148548734452695,1,7
SAM000263_tp3,0.38422258599815656,2.457974751946903,1.0752994492708554,0.7789742769830289,0.3518211231734488,0.4141947154200376,0.3401195939512229,0.5713233903653204,0.3875569107734654,0.6298835505737489,0.4178846953264312,0.27564901719446766,1,7
SAM000383_tp1,0.36463756546224757,1.980204091338412,0.992813452457963,0.7599972482757171,0.3219423760379797,0.34979542028980104,0.2747511918112039,0.4985779315295549,0.4154730143114736,0.6323267039824113,0.4088826281146115,0.23207269150342782,1,7
SAM000253_tp2,0.5342359590035648,3.3395551898083,1.041101407207707,0.7841445434129622,0.29507725594235895,0.5766963666163818,0.41269081087201015,0.6089966962937864,0.44876530152801275,0.6402357924249772,0.5229351484574903,0.35509899036222975,1,7
SAM000336_tp2,0.18281441278687496,0.962837830783068,0.4489565694883908,0.7452132316644867,0.2300234887135987,0.22881304780704653,0.16556180425319222,0.3813500947758055,0.40392468867699094,0.629790090042541,0.3209082397638558,0.11109069712937833,0,7
SAM000464_tp2,0.29828107287754796,1.690395728943657,1.0938849892443065,0.7589741510824566,0.3485833683035276,0.36567503554154057,0.3074187520325818,0.4500886924416578,0.4449279584183264,0.6135970676216391,0.3298271433378271,0.20662041460048772,0,7
SAM000329_tp1,0.20264046177507342,1.2923506271019105,0.6807143564081705,0.7066394511442075,0.22568346635507833,0.23524456600343208,0.24672986784142523,0.319622396114945,0.4419849716629971,0.634717246109799,0.3076873902947785,0.14296964339271048,0,7
SAM000260_tp3,0.4602969864756814,2.2956071545079153,0.5999832747156497,0.777663309988387,0.30218109928395015,0.4284442779569308,0.3660668536686476,0.5236671356432556,0.41637895528120017,0.638739198237083,0.37339944660496316,0.2532401548241556,1,7
SAM000497_tp1,0.558189162283059,3.438376449374013,1.4730266200324413,0.7929201384914185,0.3068615029699961,0.44442282451020887,0.3963817955961806,0.6554252669664615,0.4678446008456429,0.644673048149567,0.48073869545566583,0.2940181427437157,1,7
SAM000256_tp2,0.3814102089182778,2.375157182413013,1.1926246959330051,0.7665251942295731,0.3313266270089254,0.40627127001315827,0.36354567397387527,0.5192534832307634,0.4042552573656063,0.629118317311611,0.45370765934861107,0.22992647559256438,1,7
SAM000213_tp1,0.46018064779142775,2.876299969402163,0.8570176506249851,0.7778741898282924,0.3039901032395427,0.5309272533395899,0.323835185232176,0.5554643159047467,0.44951136695138216,0.6225777323539007,0.41960474018216026,0.2438936822616047,1,7
SAM000370_tp1,0.18881527431839992,1.02544920948273,0.6404011875584642,0.7401601408260984,0.3101014551506069,0.26186695879773353,0.2289764193154125,0.3676132747270616,0.36314052464670044,0.6120706333717202,0.2922650049619028,0.15650492871386001,0,7
SAM000287_tp3,0.2834707009363402,1.744689249790121,0.6913941265014616,0.7516106294679057,0.30128368399012895,0.32614633571286084,0.27437663106330384,0.4544685011509712,0.3800561535847049,0.6267292676772622,0.34229397886594354,0.2356394394145673,1,7
SAM000217_tp1,0.3039982763180249,2.1379767068068447,1.2456548460950936,0.7554125219538649,0.31483944182426105,0.3755693818993774,0.2720499002293393,0.5274153586730292,0.378367865499322,0.6361062506492661,0.3954555666711549,0.2188805124026571,0,7
SAM000411_tp2,0.3691433330678137,2.381620878458621,0.8557317060084376,0.7659569222238836,0.2729940198762625,0.36147493139716586,0.32320426946168695,0.5118766279283026,0.4251925733458147,0.634812826550068,0.4033690523390891,0.22483380461252686,1,7
SAM000240_tp1,0.42349944270793827,2.6237606121502135,0.9258659629030639,0.7890925892856544,0.36561759548265416,0.4296519612324344,0.38765971799466004,0.4708617978614609,0.4430213396161576,0.6274194052846616,0.412693310074651,0.283386187911128,1,7
SAM000301_tp3,0.5448713192197506,2.9022650042071194,1.080828762779886,0.7843351282804142,0.28320701922485736,0.4983405213589818,0.4187970526850229,0.5645527062153636,0.505318061663825,0.6412971533307256,0.45674535789240933,0.2284050406031701,1,7
SAM000446_tp1,0.2961271301184656,1.9316582940860394,1.1663923259642492,0.7773014553339758,0.29126458910030495,0.3635240664900128,0.28310592760971703,0.4651049957713862,0.4156981613613952,0.6315828531105002,0.3455001206764389,0.17915260435877495,0,7
SAM000390_tp1,0.35256925202810635,2.276561788614402,0.9770860582654958,0.7704989878336567,0.31411319993425546,0.43644531620011867,0.3359391567767722,0.5123823553908842,0.4027791364321146,0.638971728090192,0.4317365731537254,0.2189572781030149,0,7
SAM000408_tp3,0.5313878598104186,3.1467004939224905,1.3845164770905012,0.7878119945575136,0.2982751392635484,0.5319125694266369,0.500926350341619,0.6541209439895139,0.5038243856617324,0.6557943856339754,0.5330623016844573,0.3563131334420336,1,7
SAM000245_tp3,0.4176958037284449,2.3428401812782216,0.9581219350599021,0.757886486019024,0.35625929215993035,0.483925286089333,0.405354743363857,0.5491532957110967,0.4318181327351177,0.6093495246650801,0.442005399026829,0.23584253418986123,1,7
SAM000248_tp1,0.3169459459207127,1.7143225017970254,0.6517808998107228,0.7417070173348528,0.3330133789308711,0.3390357076556593,0.2456704837245937,0.4431196184367394,0.42330436232299573,0.6143764546435557,0.34289642443097323,0.17676152805276055,0,7
SAM000308_tp1,0.37552230716848856,2.6124209597780776,1.1247245213308923,0.7572138661443261,0.28332258582741676,0.4843703714678693,0.32474841815485594,0.46960883599724346,0.4035459771230487,0.650564305986568,0.42209043009431796,0.19250124909047625,1,7
SAM000202_tp1,0.33275701998340773,2.5395652575565935,0.729934061652587,0.7532513516647218,0.2512832274091458,0.4234806061040055,0.3206012794499978,0.5728746853114455,0.39964823443718056,0.6166187815399856,0.4380858674190668,0.24737001071681736,1,7
SAM000354_tp2,0.49261116305311353,2.7955327029097106,1.0896780974421332,0.7903831626061891,0.3074787760990766,0.43583312728457413,0.3472898068296903,0.5990720173271495,0.44651396842141333,0.6451653331873074,0.4656678138975166,0.23536242519613382,1,7
SAM000447_tp2,0.3042469152094446,1.6989416229952763,0.93118872023487,0.7621691466718815,0.32089278378256436,0.36896122298757933,0.2977350469834862,0.46841964521622975,0.412824957965956,0.6311764930450985,0.4176406240342089,0.1783123233919628,0,7
SAM000451_tp1,0.26840597006551253,1.648042219111393,0.7464970024644403,0.7598741581654725,0.2830438847551504,0.2933649042222141,0.24298639783239612,0.4242564568250809,0.41452893786136075,0.6118317267374626,0.33388496045138266,0.17104922130352,1,7
SAM000354_tp1,0.572463476259666,3.2655508033201706,1.2687088830887392,0.8032442941350044,0.3211575607131435,0.5177747814458453,0.4297011899681241,0.6477666215806558,0.457010107290172,0.6491351874247492,0.5124249304183698,0.23802694019427054,1,7
SAM000452_tp3,0.4988857131393855,2.9583425602592466,0.8917092984841252,0.7743379609243561,0.2751345582820298,0.4836831429990724,0.4053924920675414,0.5602330781070637,0.47298574325781695,0.6406353636128931,0.46604310915391756,0.28260326490316173,1,7
SAM000361_tp1,0.23488304130758095,1.5880114394451021,0.616426214461465,0.7490095123691966,0.25604352861004537,0.27565232997751626,0.22756363502501237,0.44786221994841285,0.40707231746230255,0.628940440093668,0.30520271791290626,0.17771273663810613,0,7
SAM000372_tp1,0.15365933351933272,1.042995948223636,0.7301919954819723,0.7363353149428608,0.26004796501909216,0.22878471293561278,0.16696167671257853,0.37037470066637357,0.4138577116023437,0.6287362083101591,0.27305919559608155,0.1446299320352101,1,7
SAM000233_tp2,0.15707344313281724,0.956936453050428,0.5789522253783415,0.7593947251207362,0.3327591957988128,0.2164422091714665,0.23081538048053826,0.3815675524356477,0.4024323515672936,0.6103412032495107,0.3977812632501417,0.19549711706356035,0,7
SAM000317_tp2,0.21569259791602552,1.7849577523704803,1.1666023053619883,0.7602724937060025,0.311761763772419,0.3423853120611325,0.266174699788001,0.5116342844460431,0.37463864799394136,0.6471301000001857,0.36196044916798265,0.19417231359853293,1,7
SAM000293_tp3,0.4564793524671533,2.7591710963409777,1.1049145070427675,0.7722746595131942,0.3494893483418565,0.5073189158559351,0.3864413077061058,0.6086550358326381,0.4356725304701526,0.6204312536447112,0.5186864455844106,0.31781806308635213,1,8
SAM000288_tp2,0.3619215812747839,2.6320175210529975,1.000758818103964,0.7664744866564888,0.3067131166462023,0.44404123452561595,0.3670772886065301,0.5763274910549515,0.4690888243443206,0.6545594928882172,0.43718383202511235,0.24926311440353616,1,8
SAM000282_tp1,0.4276123547324348,2.56434176902868,1.1047674032662058,0.754840179618465,0.33236604202681475,0.4485089228003124,0.40539884349850047,0.5464594878820604,0.4564869248075554,0.6480044357660266,0.43096630086267873,0.2650446087128609,1,8
SAM000501_tp2,0.21467057757740343,1.5533480365151948,0.7127356540552832,0.7456836171818216,0.26813921506437555,0.3108209063904176,0.19460507204589106,0.3889842667513614,0.41185408080249225,0.6337627785200964,0.3175451237344774,0.17510607174124732,0,8
SAM000496_tp2,0.37162929006636697,2.0019427495579585,1.020037540466049,0.7963540609952992,0.3198296306343671,0.40973879937226976,0.3217618768599213,0.5382657092702539,0.44012563953547057,0.6212172452518108,0.41496467954933963,0.207223671752565,0,8
SAM000376_tp1,0.390003451916279,2.36738716115086,1.0204709046974374,0.7909766059398504,0.2867450802812719,0.39340562987370276,0.34198500166692297,0.5542753011937614,0.4434264525658036,0.6411614473057403,0.43158102404790055,0.22328280139658127,1,8
SAM000217_tp2,0.18341436839759806,1.25398545553608,0.8018254485242725,0.7350777387378205,0.2960099007388974,0.2644811769336996,0.2254749185551138,0.4281217982469006,0.37964853237328017,0.6235950571122815,0.3186568295719295,0.1789869669038156,0,8
SAM000253_tp1,0.41599526249818536,2.7220148153716015,0.6559942001804597,0.7474426768510009,0.2720461508026773,0.4194057886175496,0.2822810950650318,0.521816212912444,0.44191969970264317,0.6339910536281723,0.41793105057750246,0.26503625928009716,1,8
SAM000477_tp1,0.3782975130102427,2.557549179640968,1.228869521217992,0.7630407269530245,0.334166734205075,0.4211785557350577,0.3664270270073346,0.5413037029057175,0.41743860585252557,0.6334834744203186,0.44428058289036687,0.2639840431551089,1,8
SAM000526_tp2,0.33203240677298185,2.039078822103467,0.9832243298993291,0.7755602421166045,0.27643057530660203,0.4097236702580958,0.27097340301370204,0.46523348312670626,0.43092216389815896,0.6252209768679152,0.3749829749551084,0.2069503189710865,0,8
SAM000353_tp1,0.24315589271220708,1.4998159248828657,0.7867435071322721,0.7066603941995017,0.2429600964473732,0.2570964654275279,0.24153290633222446,0.36243016829432845,0.43867332123596303,0.6269105676854907,0.31705478434052803,0.15359845858667648,0,8
SAM000418_tp1,0.44729472398260056,2.7676071035632592,1.2059875456193836,0.7900906669185055,0.32338691154059274,0.40634378905530716,0.35149455615924496,0.6257136511067736,0.4205728846830312,0.652468057771241,0.4092482937735308,0.32382295861969496,1,8
SAM000352_tp1,0.3871315331032635,2.4807719665878625,1.1231671362036573,0.7638557025883886,0.37000190595649046,0.40745856573474776,0.38287200466512017,0.5208308179774398,0.40991201430014285,0.6473897997841537,0.41780764170777007,0.3112677145601826,1,8
SAM000232_tp1,0.29202115184199545,2.2671168045984915,1.2381463824377632,0.7459608586107156,0.3617589280676553,0.36950156750961693,0.3097726525544322,0.5437911261738249,0.3946255767665868,0.6039618143221307,0.4417812302432007,0.2379756472944729,0,8
SAM000246_tp2,0.3180610395489398,2.038275262079845,1.2244339391976546,0.7314184247615643,0.32702156570256397,0.3895556959566038,0.3221934486445036,0.4841701918339223,0.4143063183217513,0.604115021312579,0.4143016079499009,0.2074417659732023,1,8
SAM000498_tp1,0.37277184775212935,2.4887831391098434,1.05723735755889,0.7902023360469316,0.3245493848342381,0.4318134865412367,0.35745120140548076,0.5753159925528488,0.4173575234868799,0.647147203409197,0.4419263166301804,0.2238681076227351,1,8
SAM000462_tp1,0.350041912252658,2.353224796726068,1.107455126632833,0.7586313499993785,0.31738995081391214,0.44743274592072735,0.3367822775397745,0.5556248672350668,0.3851014312518468,0.6340229898405539,0.4590407452312929,0.1986219612536899,1,8
SAM000440_tp1,0.33333544904597245,2.0799686685041556,1.1708184720452295,0.7866027033496116,0.3379869222604037,0.3886767128260443,0.310299018981376,0.49597075303046495,0.40466580992537615,0.6372991217992588,0.40910683802933034,0.1860854242204219,0,8
SAM000495_tp1,0.2668666102148575,1.866620591326052,0.8775863833489099,0.7534087797716802,0.3211283668390644,0.34588565001169064,0.28186902543364,0.4953798258910045,0.38263750550839104,0.6273329069968786,0.37174845649733684,0.18799394910246003,0,8
SAM000420_tp1,0.36228959524764326,2.080862202825198,0.9697643447438558,0.7693070269739638,0.3012638928969847,0.3900430995835913,0.3485602940669024,0.49129884850674393,0.41331380230097664,0.6423954361604775,0.3754209945091123,0.18658320686739727,0,8
SAM000214_tp3,0.3284890960158129,2.2155699070880375,1.1004994609533576,0.7572783241877125,0.3403749753477806,0.40698064873625817,0.34925005460350717,0.533457279956072,0.4020357806856331,0.6266949666970608,0.407740335198106,0.26633371966979036,1,8
SAM000291_tp1,0.14614485605627678,0.9001521745771954,0.701268555689164,0.7238949549665611,0.28415609117135604,0.2231738715757149,0.1416079223671937,0.3559560487147105,0.37029197218009247,0.5815906903506933,0.2870687727795176,0.19432994053816574,1,8
SAM000241_tp1,0.29713048192760977,1.580912524086752,0.8843416835914077,0.7360686387414604,0.2812933886219521,0.31644986318879387,0.22233713428130006,0.38916979275521085,0.44538599087263575,0.6419744955941945,0.3326613620905847,0.19309433160685582,1,8
SAM000524_tp1,0.21927417357706475,1.4936265554155614,0.8499403948552623,0.7487285882751259,0.361070830672961,0.27652551275746584,0.3007317357082473,0.4379011526834885,0.3903932784416027,0.6111758055561358,0.424659257917847,0.15021039735357808,0,8
SAM000209_tp3,0.16867666480746787,1.047473247640235,0.5856138031495326,0.694466162680223,0.20459225356167587,0.16256247174335983,0.18574569437860652,0.31276880688816155,0.5183515603386784,0.6437853999050306,0.31807230330119074,0.12433952818469304,0,8
SAM000395_tp1,0.38565558820211515,2.417762164619528,1.103236710565359,0.7811542452654582,0.3253421559792154,0.46179553381526,0.3368040157818982,0.5516615043339518,0.4371764366990923,0.6336184593650305,0.4268406370794211,0.19336226181239125,1,8
SAM000258_tp2,0.37941147684337684,1.855760263889199,0.572644424578929,0.7457687567173926,0.25668277897719194,0.2910256770388627,0.25930995224609193,0.4709027912377934,0.44853208580217285,0.618610856228087,0.3479785351388624,0.27995159105624584,1,8
SAM000357_tp1,0.182858560700862,1.177816260857875,0.8936170301720696,0.7461005322420731,0.30168440895134757,0.23391535154742105,0.20763606427359388,0.36489464841977004,0.39254440416227104,0.5894100494668738,0.28010162151501794,0.13430075196210306,0,8
SAM000212_tp3,0.3991695147700648,2.6443435629585155,1.1488441401522034,0.7589354141423434,0.3009014345210387,0.48792569759384946,0.40289203029438475,0.5844005871951223,0.5172495913435502,0.6238992021294711,0.5204147437417286,0.25300495309307497,1,8
SAM000370_tp2,0.17184503934737058,1.1341416249409542,0.6846829438697687,0.7625099539701908,0.2872493020694796,0.21298623723325416,0.21568385585419805,0.36687400657674596,0.35036914538198116,0.6120019105741787,0.2928398310653496,0.17712960248327458,0,8
SAM000386_tp1,0.4758083092132982,2.8167908061884206,1.207233732142872,0.7893231333945178,0.32019694964824097,0.5202985623118448,0.44533774070438964,0.5969888927052682,0.4382013214738661,0.6366974206724637,0.4859045067295801,0.28728960790564656,1,8
SAM000497_tp2,0.5404383370740861,3.267696745559174,1.3364998388751024,0.8060430757825514,0.2814873701536553,0.46192614544644245,0.38482385398934943,0.6627777347254146,0.47720700580948483,0.6365806541144577,0.48755992504470513,0.25586551478609054,1,8
SAM000315_tp1,0.4550885440213443,2.606207490198983,1.0567016575665817,0.7933642498391485,0.3077451953899408,0.4329669344825062,0.4038330920643691,0.5924708955937291,0.4291945628213219,0.6629732011770154,0.44813925395819415,0.24511891807586994,1,8
SAM000407_tp3,0.36604544381863235,2.0975877851902274,1.176639295223176,0.7611141369249349,0.30296627709196217,0.369517296773793,0.2889354214401045,0.48365392607668717,0.4179952651800174,0.629834692166934,0.35842587713688234,0.258593203953693,1,8
SAM000284_tp1,0.22177416497973884,1.3526389910929146,0.8850045769886186,0.7550467024603311,0.27668365710949283,0.30211730224411865,0.24934850461028546,0.3857043811565509,0.39490665680906384,0.6030634654898321,0.2846703786230249,0.1384648786048079,1,8
SAM000349_tp3,0.601450869483438,2.869227775436425,0.8821644594147219,0.7979423123005965,0.3312465875489141,0.5022428235201705,0.4387603314290249,0.6127711243367244,0.4933455270374017,0.6288497814031199,0.49119659497429136,0.31592022689767263,1,8
SAM000422_tp3,0.46674691281129194,2.3806052046899127,1.0492644710395582,0.765467992822858,0.3009653762432604,0.4019889072013422,0.3566798509824829,0.5947566734004739,0.4642205984298192,0.645210938697604,0.45949414960804413,0.27266204305904645,1,8
SAM000406_tp1,0.38927461424144316,2.1182546087974314,1.1619688725824666,0.7656524125748712,0.29964405528034976,0.3834736070079049,0.3886163456925136,0.497169113266286,0.42807650699062927,0.6482935400248172,0.42437588049139846,0.20894832049619042,1,8
SAM000410_tp3,0.4240432724171499,2.6569653469005137,1.1198016323716677,0.7905863127585455,0.32855287742125155,0.44391302836159213,0.3742410714029479,0.5795607394023337,0.42246567630343795,0.6366357316517124,0.41546198765053655,0.29306092804162165,1,8
SAM000394_tp3,0.5035192408232982,2.9948973037952684,1.2384880068283937,0.7808866558839291,0.30927076722260766,0.4839238005195003,0.412122842973225,0.6172410322596877,0.46300837628624053,0.643676110624411,0.49276532857056465,0.21886439144474315,1,8
SAM000281_tp1,0.29982220342481314,1.4810162617072657,0.6819997840374599,0.7364547113343233,0.2545533585898302,0.2748822907527667,0.25882223048720604,0.3873639546799694,0.41949578094024287,0.632378010018098,0.3035602224936266,0.18827243627100668,1,8
SAM000275_tp2,0.5207498237950257,2.9666741049359704,1.0172820755720773,0.7830115152506653,0.30363008563874105,0.5767250139374537,0.3839793366490388,0.6167547959093768,0.42758604836341313,0.6349237439852871,0.41349600765702915,0.26956911935240774,1,8
SAM000373_tp1,0.230817529918452,1.6865886381559076,1.1054804292573435,0.7460473243204245,0.35864822892534753,0.316107488181563,0.24725389605947445,0.4448210764795487,0.36629828282674387,0.6057334990740203,0.3605230503118024,0.15756005357844788,0,8
SAM000277_tp1,0.4299787470108734,2.2890699742271665,0.9337474866344851,0.7791396146005536,0.27930666950666255,0.4797858084210749,0.33451206632956215,0.613656014994045,0.4285180011608305,0.6312578387854477,0.3691878279821855,0.2267459704263609,1,9
SAM000397_tp1,0.47111881937199207,2.527759867856643,1.0625020779466623,0.7554676527735819,0.2909952058654103,0.42529428205838654,0.37670184174424387,0.5339202098929684,0.4548217362470011,0.6417105174727149,0.37580050566902257,0.22094360961399231,1,9
SAM000408_tp2,0.5277334204066211,3.0871709126079554,1.3098809422173474,0.7942572307951603,0.31619020546604676,0.5227599959063922,0.49272944655563605,0.6636649470766707,0.4781754437700385,0.6349086785100846,0.5239592730020557,0.31935958153766536,1,9
SAM000439_tp1,0.2610682136541821,1.5751358847179882,1.019857538955736,0.7726119860549495,0.31005726122349325,0.3302742508614739,0.26639740371305537,0.4593562285500144,0.3820361078466801,0.634775557725623,0.32083630876940006,0.15744376360642887,0,9
SAM000422_tp1,0.3668945001862361,1.8592886333449292,0.8686627008146235,0.7680506381736112,0.2784260495780111,0.3683043528064796,0.3340148264521358,0.4882945417339918,0.4721731604812806,0.6491086967917197,0.36084340974449947,0.1996255163203859,1,9
SAM000431_tp2,0.3744865778740519,2.0887328114942765,0.845082379299212,0.7778897354930235,0.31285716573383554,0.4077042491914421,0.27096295695377254,0.5190938856563764,0.4122065877683261,0.6160244380744286,0.37705739075686506,0.2357577650342856,0,9
SAM000524_tp2,0.3056781435497859,1.6555349564028226,0.8221169642326877,0.779497157857964,0.3244614606695035,0.31998666802736186,0.3776669219806162,0.4598262530248568,0.43416356107853055,0.6138465995484212,0.41432367957024063,0.17229158663863062,0,9
SAM000305_tp2,0.5218835944065563,2.4496909209608604,1.1425227476413056,0.765636685741082,0.3237769652845976,0.46294428646495317,0.37364751284319125,0.5844138828913398,0.4421372920619428,0.6355270485502915,0.4115138814935422,0.19875022343330065,1,9
SAM000378_tp1,0.25702627987636356,1.501079202949452,0.7796930714504313,0.7421735414859754,0.25067882872648795,0.283466568065295,0.2351438021772831,0.40603469200607334,0.3957065175824595,0.6317105143584756,0.2954621226155857,0.27979628546805574,0,9
SAM000337_tp2,0.2022521692365755,0.9783416715578412,0.6356466864166035,0.7472745961965768,0.24036682034552556,0.17776303457898304,0.17711406290715584,0.3335103837316856,0.4464948699036367,0.6601204729739463,0.22513878409981689,0.0970857606769429,0,9
SAM000326_tp2,0.37129502063754594,2.118095184583637,0.8191988718381628,0.7965403878986779,0.2745470728767679,0.32963429672764144,0.34677976586656084,0.4688646459552758,0.3843969040232648,0.6286555553645626,0.35611103857146575,0.26284742757730944,0,9
SAM000448_tp1,0.33821194991749626,2.277507382442907,0.974066127388272,0.7772351740622065,0.3040797501724192,0.3919381064010694,0.3144210357756999,0.5088737974559803,0.42335591163046005,0.6218931301266902,0.4013113726877912,0.23311721960644352,1,9
SAM000304_tp2,0.4150591095538575,2.4031939208715603,0.9841651717172192,0.7845497924358387,0.30597915962251127,0.4116716672901376,0.36927027008265434,0.5464170244531651,0.4028801896144032,0.636706472431728,0.4466082149691852,0.27620506277095624,1,9
SAM000433_tp3,0.422645859391603,2.6630884356959723,1.2616363116527338,0.7520118489451832,0.31556838748389365,0.43447370475677716,0.3479605224672332,0.5285451305120841,0.46112663820496563,0.6471083202969768,0.41300586479270146,0.23497649178531688,1,9
SAM000243_tp2,0.18002920117122378,1.2579346934551616,0.6912984343707117,0.761328079147278,0.29539558210330846,0.2706316055113618,0.19620254752014157,0.33034909372974014,0.4112121741652549,0.614691622177644,0.32929975033757214,0.2089802485607153,1,9
SAM000255_tp3,0.4895911869774389,2.7288860694808803,0.9562219573799297,0.768704368240168,0.2910560120170611,0.5147860388926399,0.42884442462850053,0.5458065124945269,0.44429774957915036,0.6481966023326032,0.4098184384351399,0.22033720405391155,1,9
SAM000426_tp1,0.2252257155694545,1.477724843553427,0.8616219721214666,0.728595051231751,0.2787281521992034,0.26213308029841076,0.2606835526223254,0.39569489583904777,0.4225508596117824,0.6267618267835104,0.36212982101793145,0.2034837894127942,0,9
SAM000384_tp2,0.1914529172709335,1.3524642968971088,0.8672227956411678,0.7668853621622261,0.33104140677312266,0.3020532081530818,0.22029412852999916,0.45424414263781965,0.36673558952053237,0.6006823520215437,0.3671981650540119,0.12806523589791224,0,9
SAM000411_tp3,0.3422747128647333,2.2486802625495006,0.8698493095061997,0.7778057734334635,0.2778740585019218,0.3610143307938964,0.2984824680234561,0.4827385105737337,0.42748196740613087,0.6343127995262653,0.3827931364230153,0.20671060131677294,1,9
SAM000273_tp3,0.4253129638899344,2.564386269938297,0.866205171239224,0.77729906772371,0.2971437636740922,0.43349395661128065,0.37897441017537914,0.516683892310753,0.4169193551032334,0.6391134100909671,0.4386673434117994,0.2813550838074986,1,9
SAM000210_tp3,0.39072678511526143,2.0375753912490135,0.8314483196774864,0.7239229025940527,0.24509728802727998,0.4202321222487511,0.366970891669596,0.45607963818205915,0.48877764179804045,0.6418149419278127,0.38303434760956506,0.3026775024111581,1,9
SAM000220_tp2,0.16035306443188063,0.8250236451417909,0.5730492762728122,0.6777054221475063,0.2520923625275449,0.21190647653461675,0.2603701250724315,0.35526841082585564,0.4233583212075501,0.6294228667840763,0.2842344927570015,0.15056096939954863,0,9
SAM000241_tp2,0.2770239450266323,1.7631838806579256,1.019303797706591,0.7483251728640952,0.2947748419913033,0.3316844511584333,0.21206822541865752,0.40274183354162013,0.4276508312420645,0.6424757658609852,0.34142641745571145,0.18502108553596638,1,9
SAM000452_tp2,0.5012311748914073,3.2365947736883895,1.0658520401102565,0.7732547268909432,0.28814420533259083,0.5299111279357956,0.45308155477840306,0.5522458778533516,0.5074289855915416,0.62894067620867,0.49377068622443315,0.24646646223879468,1,9
SAM000250_tp3,0.5453048185093692,3.0071571780616067,1.4092830784620913,0.7667530966541863,0.3551383447057651,0.5607088520771686,0.4786039262434037,0.5937829411725453,0.44305671631521726,0.6254770300440264,0.5445488403679414,0.2948785766526522,1,9
SAM000537_tp1,0.5170829315038974,3.023486940039224,1.4298788436058973,0.7420927789665568,0.317026742838477,0.408294019061092,0.43442813750756415,0.6055057036792346,0.4444499263451385,0.6515812220090923,0.3995369143604205,0.20013272214838726,0,9
SAM000243_tp1,0.3491256844614611,2.1954266130247806,1.1180846082518243,0.7612498955763267,0.33448139582718645,0.3501797098848257,0.32387837553376825,0.49824525845071505,0.390566630253299,0.6257277204777494,0.4057424961033367,0.2646622598077545,1,9
SAM000366_tp1,0.42874033825623464,2.4033604573856753,0.9507469378516512,0.7694111795266406,0.3226230477622458,0.44259739156765243,0.32306170061042194,0.5460336033840966,0.4540687950561918,0.6607080365205225,0.4299923394780761,0.23020616299528876,1,9
SAM000481_tp3,0.4893759121822322,2.8715186433414313,1.4628990137868516,0.777607199290957,0.3820373655450997,0.5331098195714705,0.4850029590956727,0.6833346142557795,0.4494383304229641,0.6397645379026651,0.4943885214072389,0.2986870726575078,1,9
SAM000280_tp1,0.46709964504201296,2.6728541159460217,1.047149007145631,0.7637621252854326,0.33255473185784523,0.41235725587386396,0.37023455264677424,0.5575799256865872,0.4344305420555218,0.6350769053531988,0.4615209720639644,0.2769878891294423,1,9
SAM000427_tp2,0.24709065529921936,1.7967732038553188,0.8009131244478805,0.7804063877542429,0.2887582527088525,0.29357439517276673,0.2605277621063257,0.41074642109173026,0.4061416947751142,0.6274995013490683,0.32998630082164787,0.19915341662212774,0,9
SAM000497_tp3,0.5563469282482485,3.4041830199286007,1.477228883092108,0.7984803698146148,0.2882833704799269,0.44134239855899937,0.37958830898067897,0.681682648573375,0.4962908306480045,0.6101568298167159,0.47136605211001886,0.27451093774768776,1,9
SAM000327_tp1,0.528136362948853,2.872169248608541,1.1560804040328074,0.8032151721557514,0.36744248736016366,0.499287604832001,0.39388762985568726,0.6378834625693002,0.4149333286244608,0.661281171340528,0.5052125070299367,0.2740079172789666,1,9
SAM000351_tp1,0.36044475257805464,1.9296822586630833,1.0224865671702537,0.7607298206543033,0.34386700474986426,0.41068780460673276,0.24359920006851465,0.5240034988455514,0.4020272211563215,0.6592256830679466,0.3904366149205596,0.18526269844391044,1,9
SAM000434_tp3,0.5393912545650946,3.0496317047855395,1.002567954177378,0.7928668130661238,0.28914803352457596,0.4777761677199748,0.44560939092506013,0.6154724297129909,0.49271668363479526,0.6393954416544231,0.4803575281263425,0.3011663826518525,1,9
SAM000490_tp1,0.18620697225614385,1.1717758899798658,0.7957126050745292,0.7308904171593074,0.2674217246116001,0.26355353287213634,0.20605902282941546,0.3888724217310239,0.4049790522371333,0.6329486540063725,0.2358029076894052,0.13405565479555526,0,9
SAM000323_tp1,0.4478900356204293,2.305234943202838,0.8296157515398626,0.7768656783669834,0.28209749325295375,0.4434917060376015,0.3534633466828169,0.539633599288942,0.44731038886827096,0.632579114917438,0.3802848627503048,0.2129541430289091,0,9
SAM000222_tp2,0.3350726326274634,2.275064321081408,1.1356879011245622,0.7511011862347751,0.3352296753975363,0.4086284083422683,0.328219776942058,0.5453079515970737,0.4125829064979829,0.6236837466826145,0.38572665537663736,0.1919181534757881,1,9
SAM000448_tp2,0.31177107700895706,2.3546709421056646,1.0115950946742855,0.7676840158389505,0.30328584083347276,0.41155797625551294,0.2974928580920143,0.4914113077594399,0.4276742522780146,0.6220732673470105,0.41330291601102576,0.24102985196377144,1,9
SAM000364_tp1,0.5516877865156455,3.1783020841669907,0.905252040620927,0.7901585687838416,0.33503545729591655,0.5004945535469628,0.4119665425019074,0.6588898558770032,0.4500700820657466,0.6448744777001312,0.48188945420972185,0.3437129189540273,1,9
SAM000246_tp1,0.40973180944540544,2.52089123509346,1.2348236278268332,0.7526657584149606,0.35384316968567125,0.46942126815458546,0.38206021896745385,0.5370067001904082,0.38730332067681134,0.6286515229578429,0.4447135139169308,0.2952127858885338,1,9
SAM000408_tp1,0.48424676764979296,3.0112366059550824,1.29997461551973,0.7929281978941195,0.3102869883718203,0.5140194081803913,0.4774518251215044,0.6411319422041599,0.4736503753460066,0.6336779287536762,0.4997243882700591,0.2961613283282191,1,9
SAM000467_tp1,0.39126945982912653,2.3648761158043854,1.120118368584748,0.7589341686276745,0.34289390471655723,0.4199873086050447,0.36082840826802914,0.5787996179985821,0.449182288794911,0.620665887742503,0.46252464625043516,0.233483953849591,0,9
SAM000293_tp1,0.3367602730913508,2.2723225543626544,0.8785712222959263,0.7678150640899922,0.332480478152248,0.407378594195985,0.365377315626667,0.5322587791528456,0.42229411342665024,0.6147305287004756,0.45896668588451817,0.285966156834676,1,10
SAM000295_tp1,0.18923517556491054,1.4804472703196836,0.9886873117230516,0.7705918903673811,0.3094028236047959,0.2584179679516705,0.21028840423581485,0.42945201477654676,0.391570838706776,0.6325217013628618,0.3016581183576904,0.1742502912469065,1,10
SAM000235_tp1,0.24534528046561302,1.3791843220018256,0.6870286959324285,0.7559020915707844,0.30450863491484226,0.28164927317402805,0.1791917688338944,0.3406351452468411,0.4283066626541265,0.6202962629022698,0.2845942730886159,0.17594754486306724,0,10
SAM000333_tp2,0.42980467836325503,2.6588912337269313,0.9737160711135284,0.7957369160390422,0.31035633591537354,0.4478556245886767,0.37266469788525725,0.5797322505505139,0.4318195014960824,0.6526899569007977,0.43132675952801514,0.29772160192638103,1,10
SAM000515_tp2,0.381482682406012,2.5645236069977306,0.8492418901949182,0.8007605192504553,0.3339743123008697,0.4074570025017206,0.37433685362815017,0.5155255518445391,0.3784846189448168,0.6493172229114542,0.4120942827018838,0.3430365305610053,0,10
SAM000458_tp2,0.38312093745789716,2.1655446398032745,0.9980439750274059,0.7680500205673312,0.3105786648816071,0.412474092040751,0.36283254220313993,0.5690248313765583,0.4332405121519519,0.6235584896170071,0.4441162945214462,0.2195384905175616,1,10
SAM000261_tp2,0.410794907239923,2.3406369002500993,0.760186167611696,0.7885560783834323,0.28191536550609525,0.4326366638151204,0.3914487661063087,0.5054260802031976,0.45346676360618476,0.6444799491094207,0.37744266700483337,0.14940165621368717,1,10
SAM000471_tp1,0.2753192348104261,1.870144591743255,1.0432625273661509,0.7637369413848224,0.2937647126929165,0.31143498226896976,0.3207125856379002,0.5030614163227816,0.41356651088340135,0.6537078133720351,0.39341576303933523,0.18772913185714057,1,10
SAM000363_tp3,0.4101279732805702,2.3355022403731693,0.928353723673646,0.7624579528220388,0.3073990977133725,0.4431814695336833,0.31847963583991806,0.5381461676332919,0.4431432363992846,0.6220005883520145,0.4200884380486471,0.36508970586934064,1,10
SAM000396_tp2,0.14455676785479932,0.9075836776751864,0.6632471404651663,0.7654574374106947,0.22843737809782494,0.17764672371027948,0.1933538023779649,0.3389226738235535,0.42358322847695445,0.609089262164025,0.22660368176756981,0.17350857964604902,0,10
SAM000302_tp1,0.41202045524087993,2.272060113621967,0.8846637405882548,0.7738046523196661,0.29239903149745045,0.46101262896659184,0.41070681743898313,0.5138431268390747,0.4558829481795147,0.6524856182321953,0.43630516933553776,0.21875310177583604,1,10
SAM000214_tp2,0.3365370415288645,2.147525846571001,1.025521253801136,0.7566183167707963,0.3240766897653269,0.40526521240438074,0.3390999492202819,0.48860097361789384,0.4260240428957493,0.6362676886388077,0.38912822341036646,0.24487151080707492,1,10
SAM000445_tp2,0.3585747710248048,2.2972491169851175,0.8976903065429072,0.788271674279823,0.28207936609002265,0.371583518210648,0.30696089135775184,0.5310911709600664,0.414732340403025,0.6462510107170398,0.38161521631308915,0.19813334748609332,0,10
SAM000538_tp2,0.3181965970198793,2.39125645826264,1.0474063141995065,0.7941128115335099,0.3040118781464344,0.3491536591082954,0.33172705261209173,0.5488240141111149,0.38985418201477023,0.6255624681080522,0.41736044619880885,0.20380535736105743,0,10
SAM000356_tp2,0.639120101289551,3.2282868925765773,1.032688990306777,0.7943659946228045,0.31568035482795914,0.5751892897985055,0.433174668254032,0.6734243132035903,0.4793461013879375,0.6500417865677572,0.4838718227628735,0.3252137960536199,1,10
SAM000364_tp2,0.5447264748074317,3.1795259973204493,0.8175207819193073,0.7861609461745519,0.31503959308275975,0.451887695306334,0.36336569481185704,0.6954201078264923,0.4396170919494738,0.6396623044363217,0.523409231330323,0.34075145125603284,1,10
SAM000471_tp3,0.4152317477453859,2.676917856508214,1.2207513020626004,0.7893428049471549,0.2843397965834982,0.3651449953562084,0.34536992476226464,0.573358703453978,0.4286102576640729,0.6325120699331304,0.42937785685354735,0.24546498998857158,1,10
SAM000498_tp2,0.4459592240994267,2.9063199514850684,1.324240297811392,0.7849573139612187,0.3453031670647971,0.522491906689238,0.43899265887024713,0.6135356594261527,0.46563609037714715,0.6433109169149935,0.49013948374993177,0.2990818692561208,1,10
SAM000397_tp2,0.45067637315002756,2.4788000828138412,0.8988646153811302,0.7797936276145052,0.28519974930046293,0.4149479214619021,0.356924183342826,0.5301257845410865,0.4472445315956968,0.6317149647248924,0.4074698682893655,0.24143290389977623,1,10
SAM000201_tp4,0.5867882982020598,3.1834966462600067,1.1088047418893896,0.7962958036565629,0.2640163008651078,0.5261534455589266,0.4046160829822793,0.5963936473891797,0.4933802276297234,0.6401314612384943,0.45735503484244966,0.23081204363279376,1,10
SAM000307_tp1,0.37473233276053813,2.5301034397043853,1.107921763685833,0.7782119660552536,0.3347348946113266,0.4399000663064673,0.3171562401947501,0.5354228180214738,0.40271023775977816,0.639974481631726,0.38814691313759175,0.253507063053767,1,10
SAM000341_tp1,0.3898940397868988,1.7873886919465676,0.7407589937762776,0.7584004537155389,0.271216935279057,0.3648590906181583,0.3180832575319562,0.4622165964176844,0.4137515273580448,0.6409058521758773,0.3622261661352656,0.176887467569189,1,10
SAM000308_tp3,0.3821274122475409,2.5993056914031327,1.1863050049391932,0.7658065123998717,0.3257748303953641,0.4943241122173035,0.3237347404375651,0.48214181962394237,0.4166998904180883,0.6611682073129298,0.43062997667276676,0.21610384080130018,1,10
SAM000286_tp3,0.21759568597843226,1.388055879619062,0.7254952312162133,0.7303825889063185,0.24175387557641773,0.26002989899398254,0.22883477511869277,0.3691090888455804,0.4362769534593089,0.6194268530873999,0.28312935958841307,0.13802511499882053,0,10
SAM000285_tp1,0.3036866408935958,1.869076078233333,0.9457938862760754,0.7540066365896356,0.2744833764856199,0.35356992576779817,0.25033948899588276,0.486431507913093,0.4308776490883023,0.6308575936019415,0.368338254023157,0.2295956374650058,0,10
SAM000536_tp2,0.25982690678060794,1.6867974825173828,1.1150742233777016,0.7606322374187434,0.32846073630705847,0.29046885658199234,0.3188276810701625,0.4386040738219517,0.41293466149355057,0.6515455719194976,0.35876879653938387,0.17554525085191447,0,10
SAM000385_tp1,0.4611773210180094,2.567680153997315,0.9062189146524436,0.793276966015664,0.30584882906015215,0.47976189700361954,0.35452189298556247,0.5676450423541369,0.4589694020247219,0.6495799686279017,0.44850105030375365,0.2504278049186676,1,10
SAM000233_tp3,0.1709483663435123,1.2335985006575845,0.6315413655274691,0.7556602327843136,0.3149207091485544,0.22392439045264984,0.21523853026616727,0.3941284106933845,0.41685307243555647,0.6142720147498666,0.39097902449085525,0.17049379829908134,0,10
SAM000361_tp2,0.18557391205890755,1.0829086160965156,0.654971443818909,0.7362074909310685,0.2397938753574843,0.2154336853948624,0.21277211284334288,0.3648266683124352,0.3857046455718315,0.6200275297421326,0.31138745424508285,0.14313844087282013,0,10
SAM000311_tp3,0.4117308168470581,2.259359613865054,0.8828752317304381,0.7479161277364238,0.2615789673724382,0.40991948786735166,0.3213423991856843,0.5020735909228671,0.4367349879979128,0.6453653956988232,0.3864731454944895,0.24194535755381724,1,10
SAM000553_tp1,0.3736214778939139,2.3363656274706437,1.0374607097721045,0.7771466461876833,0.28186962107025215,0.4223969456433735,0.33834178276188653,0.5210024004148073,0.42409892020789103,0.6326650832736987,0.40660553022907214,0.21675196571715014,0,10
SAM000305_tp1,0.534321786732615,2.5789234421777794,1.108978609935911,0.7916235926899841,0.30501870007503235,0.5345318275543325,0.4251107699222498,0.574501264176009,0.45147708858953,0.6644426503921593,0.4617891810053545,0.2123813284183967,1,10
SAM000340_tp1,0.3494721893417806,2.1755603263508188,0.8194400142539596,0.7408082251471665,0.2773887543085292,0.42202033592113397,0.3468378407254584,0.5309994897242529,0.4422815050498614,0.6314409285266823,0.4170180488744515,0.23037293100045783,1,10
SAM000316_tp2,0.4775265646688937,2.794917311363768,0.9021015088912505,0.7866484185936913,0.2665366195671147,0.48941486897938014,0.4172829603498019,0.585035960841042,0.46623352064214607,0.6692606638654504,0.47310829200005133,0.327946602876443,1,10
SAM000464_tp1,0.2934821436453868,1.7958034602016406,1.2153906316507745,0.7526970617744488,0.3245181038523805,0.40667767740682287,0.28231654639634873,0.508284179787775,0.4259942201122095,0.6322075145999111,0.42897400767187244,0.14592175793614492,0,10
SAM000340_tp2,0.33739490520442705,2.2947225651835748,0.8828766412899727,0.7533764873901511,0.30169244836695386,0.44145236866384835,0.3451793368383126,0.4985503575325467,0.43950732364415257,0.6258384906707704,0.41387488427971925,0.23328560742541213,1,10
SAM000378_tp2,0.29402026813496646,1.8174103835925703,0.9369044428321739,0.7864225964767351,0.28241825368749696,0.35724884366186993,0.3027084404841305,0.43286870590696835,0.43137623716178203,0.5994366081900833,0.32361827270371746,0.21359994354041847,0,10
SAM000326_tp1,0.4656014991137105,2.1738984983927265,0.7442925534216842,0.7559297989911731,0.23117424349516916,0.4052565930760782,0.4290944196993978,0.5467543268729963,0.43886367523584413,0.6427021978370795,0.41985021131840783,0.24272483261348324,0,10
SAM000251_tp2,0.27109095998304233,1.8048654507241122,1.07059981764714,0.7619040895664949,0.32926719591046527,0.2984374535152303,0.2630066521313772,0.4912358749661178,0.40773626094647925,0.6314806771418264,0.38902376327869825,0.2020291945601467,1,10
SAM000207_tp1,0.30145402623504003,2.0091292510031455,0.834943586682176,0.776070506855905,0.30340860330381925,0.38243876834064205,0.25714142186749206,0.46944785172893977,0.4354224288686936,0.6187253260434664,0.36757717230137077,0.22072246308997,1,10
SAM000502_tp1,0.2795798342370881,1.7868491053693294,1.0203822378760559,0.7595885250640313,0.29938751058471536,0.3485442440831224,0.320203209933436,0.4570484905494239,0.41716055312752787,0.6303486957984135,0.34524404747527454,0.17501393407292695,1,10
SAM000462_tp2,0.2859158538627195,1.9507351219605888,1.1562167755042365,0.7685309196630544,0.3181736113890107,0.37229764911875757,0.2627943126308179,0.48502057409810695,0.3779977695164328,0.6329028826186802,0.37623348051760525,0.20747075255176134,1,10
SAM000418_tp2,0.5064499164201911,3.03098404517586,1.2062444807201391,0.7949559423732052,0.339017512886576,0.4682656233716247,0.3490732723731377,0.64585156690749,0.4216737266177175,0.6496771499537108,0.4500509378934507,0.28169714873815027,1,10
