,score_pred_0,score_pred_1,score_pred_2,score_pred_3,score_pred_4,score_pred_5,score_pred_6,score_pred_7,score_pred_8,score_pred_9,score_pred_10,score_pred_11,true_label,fold
SAM000327_tp1,0.37809321051115286,2.1187742544626618,0.9367430449528902,0.7632822076267441,0.2926305611449285,0.3617933482829789,0.3142119125497562,0.46557361588984714,0.4341018479238346,0.6324377041438818,0.3841250728713642,0.21780024573410206,1,1
SAM000245_tp2,0.4910842410440254,2.612504613819815,1.0326600176295728,0.7443422866659161,0.33680732575323996,0.5020692190544028,0.4506368901789795,0.5905343118577407,0.4682912675329356,0.6317188624360867,0.46207515305016217,0.23642112277916563,1,1
SAM000527_tp1,0.21998440465193453,1.5570237339029174,1.0207235903773055,0.7156194788444225,0.2888105957859729,0.26764804100368883,0.2034263021600205,0.3838507392705211,0.4043622081678647,0.6054451261942558,0.319570774139976,0.14748968331702844,0,1
SAM000266_tp3,0.5204791721695166,2.6308812366452408,1.0940633866096505,0.7814109508695354,0.32756579264206725,0.500163320411752,0.3806156094381369,0.5885490974776851,0.45535499952241026,0.658669090705534,0.500083666182845,0.29938721007370034,1,1
SAM000320_tp2,0.421010780340734,2.2560213257607424,0.9492751846606728,0.6934834749812631,0.29837535455640685,0.38714411312532,0.35597401447848076,0.5323301547936917,0.4276435873850621,0.6404688969433215,0.4343525364151713,0.21713884493584615,0,1
SAM000286_tp1,0.2685688903452854,1.9333201915952,0.87612810077167,0.7555375028228244,0.28819860844408135,0.3409333288563704,0.27281285233315095,0.43703400169703494,0.4339894175513886,0.5969067476382632,0.3568138149527351,0.17727445978891637,0,1
SAM000293_tp1,0.36221546522036535,2.0525260857852565,0.8203750823331064,0.7965574378076397,0.3068990436595169,0.40091550698142364,0.2861318464883549,0.5086563676908512,0.38992616992204504,0.6399733316028444,0.42709841261744086,0.23506487071554116,1,1
SAM000283_tp3,0.29827998597136357,2.1552896204383116,0.9055901123759686,0.7359901571549355,0.29698994724716504,0.352677046996946,0.26740286892378506,0.4919070431797309,0.38331363290973053,0.6168382028743044,0.3617281911006841,0.18007885953311897,1,1
SAM000256_tp3,0.38942257113290324,2.285230415772942,1.0261353048814694,0.7513727905783792,0.29625727230381205,0.42317130050543544,0.31342290402216644,0.5064595304749918,0.44412162521000276,0.6429013486997998,0.4016621200683078,0.2175746949483988,1,1
SAM000307_tp2,0.37071865891878764,2.1406728292186488,0.938997072756299,0.7187408494795444,0.28274598794576783,0.3631739976126492,0.34919249978089634,0.5112749086758511,0.43671964589438966,0.6074079123387119,0.3733777392635546,0.20338625376977149,1,1
SAM000326_tp1,0.35360145901847795,1.7308650652826583,0.8666551343875749,0.7078067160316235,0.28541146987384186,0.2959001215547398,0.323738671932581,0.47178744590389626,0.44170016988637834,0.6353559750403827,0.3910883939853392,0.20778430821024765,0,1
SAM000350_tp1,0.16975558386662157,1.4201064530185346,0.8220986273499895,0.7643390013584574,0.2892993081138223,0.2564757388905945,0.20941143364531367,0.36608971288060266,0.3690168388478339,0.5859418241061963,0.3069833896097973,0.14199112158353927,1,1
SAM000279_tp1,0.5369363431912739,2.6155576031628214,1.0543688622726668,0.7941363359704674,0.31060210446168024,0.46463692754732877,0.42066959445101154,0.5938543084153131,0.5021714396706176,0.6549259957294118,0.4504378902985045,0.30538770386790487,1,1
SAM000233_tp1,0.20173504377053736,1.4457526237703644,0.7644102997824883,0.7527355504037598,0.2897631576391886,0.2638658188083325,0.17872587932815923,0.40439406770494707,0.40019544933038487,0.6139353403890212,0.36503669075293715,0.1535490384721856,0,1
SAM000273_tp1,0.46093175474855536,2.559768218447749,0.9933369264179394,0.7522180453267612,0.2969215401433579,0.4578661693704347,0.393441267749966,0.5503601335056534,0.45800669449723197,0.6215840242331852,0.42738888288972016,0.25535193735917827,1,1
SAM000490_tp2,0.4425293400629892,2.336055898585382,0.9660072735011798,0.7670194344527537,0.29388800214672506,0.4461597602306137,0.3666115433133552,0.5457674188097466,0.451118108850911,0.6664882100087517,0.4055951989334734,0.271963603632305,0,1
SAM000217_tp2,0.17073104592176236,1.0920831588511821,0.8953797002504987,0.7367460152346539,0.3039354848392263,0.2936248205030822,0.19534917628986748,0.3376486501353111,0.3529397634416766,0.5873561497145839,0.33747299652354923,0.12825272951512368,0,1
SAM000418_tp3,0.2597218173457438,1.6839463297822987,0.9131368246666028,0.7415809414416777,0.28206898452767065,0.33630739365095336,0.2732046984692778,0.3701907829892793,0.39956097382045996,0.5888706973462307,0.3297665918090144,0.21322699371162235,1,1
SAM000330_tp1,0.2541193585464314,1.700616862846661,0.9118481015385952,0.7642396867494677,0.2934928209464486,0.3168100997074954,0.2522609128174509,0.4063759653561208,0.4185113151398302,0.6180017875671814,0.343204792345209,0.23149698580962233,1,1
SAM000475_tp1,0.4048236179480062,2.3373820835602404,0.8409282425843034,0.7368933816762399,0.28890005118218876,0.413561045650764,0.33193856844954206,0.5147164252970472,0.44272673182736233,0.5875628201922182,0.37285030469021224,0.19242028703518393,1,1
SAM000305_tp3,0.5449688290204433,2.6810626885167723,1.039199395014427,0.7679033081101442,0.3141315509570214,0.5318823999621647,0.4101417181432641,0.5683469021313303,0.4762304276713775,0.6340399813003448,0.4922659534769561,0.24482148379446897,1,1
SAM000212_tp4,0.5624097170154765,2.520965416605563,0.963788838473735,0.7916360608187688,0.29318529893979484,0.49090988564536636,0.42251373963466143,0.5574188559273477,0.4874946531600933,0.6277008551019593,0.42202957572700966,0.2802764222878926,1,1
SAM000497_tp2,0.3958847868930902,2.3360564133644743,0.9950732505568541,0.7853028280576805,0.28640839377032234,0.37288041115025544,0.3087912276971587,0.5526299129552349,0.44468525912334966,0.6507943806070058,0.41067316231685824,0.20366634081942966,1,1
SAM000405_tp1,0.5514043923062778,2.893785682451666,1.0203685240515394,0.7879378596412113,0.30893131026126835,0.48863788891313703,0.43735037040400493,0.6236714275965352,0.47876505277007114,0.6588775471672759,0.47697400524810424,0.31226271509361386,1,1
SAM000362_tp2,0.4666409557218793,2.2337154685809524,0.942766708168926,0.7781139057241602,0.300147567927988,0.4344330622594469,0.36337760377796885,0.5416991684361363,0.5000880546475762,0.615491763147757,0.43968791163006044,0.27484098472712737,1,1
SAM000265_tp1,0.41476681238689167,2.330643271410253,1.0378429051325733,0.791618897003684,0.32991995261469215,0.4539372934749815,0.3624141734881969,0.5541273110896285,0.39962717250064744,0.6196569338487309,0.44505904930015916,0.25493440002963697,1,1
SAM000284_tp1,0.22194940965689233,1.420659050417202,0.9247838988628859,0.7362987516734892,0.29662788835224296,0.3193457708587834,0.25082528939697024,0.3920849475815838,0.34433502037956165,0.6405490181807917,0.3903317374671665,0.17595912056788787,1,1
SAM000309_tp1,0.405650622743137,2.0393077329999603,0.9288299063564495,0.7950305850205314,0.30177797921350863,0.40431691844791806,0.37605544145578174,0.5441782358033366,0.46857358165384144,0.6406439181951731,0.44282458418764853,0.2686519520512659,1,1
SAM000287_tp2,0.2782408519775165,1.7993418431700632,0.9522902384427102,0.7123047632023942,0.2914793818324096,0.2897860487540909,0.26690414649736727,0.3989060799951749,0.3755456082086112,0.6118225551813111,0.3165225919209511,0.1792743278479448,1,1
SAM000368_tp2,0.2782102022209249,2.0049720158432365,0.8787448292232335,0.7388303283202017,0.28256831706319135,0.356096719739808,0.2318352917385505,0.451037446955868,0.41870000544344604,0.584430299395372,0.36719599981945,0.23078289982629735,0,1
SAM000390_tp1,0.23887403980697944,1.6503613583425372,0.8658469189718478,0.7652922296446638,0.29239353274507635,0.35425334061164826,0.2812741420547462,0.4709299709714541,0.37976823699330176,0.6463969687349276,0.37128012700951124,0.18918510390137858,0,1
SAM000227_tp1,0.3353210488391457,2.137644816522212,0.9246195782295971,0.7896204954366088,0.30241992475029555,0.36890427900112244,0.3081515204617244,0.46643719043576637,0.4586191335454558,0.6210970538895024,0.3944425594010842,0.20849776054437388,0,1
SAM000396_tp1,0.20683830941393808,1.4465480598117821,0.8591344922752212,0.7766720685799139,0.29270135977007056,0.2896035159958675,0.23964928446619388,0.3816082663115803,0.3881490230549253,0.6189684179340352,0.3432555035170264,0.1790461998199367,0,1
SAM000496_tp1,0.28668369253006354,1.6755873156290404,0.8953973266461688,0.7038469377562525,0.28195257307661203,0.3018300251145964,0.27600563675907813,0.44192224908660704,0.4251498625680537,0.6159002811475854,0.3518412626303791,0.154547385298898,0,1
SAM000427_tp2,0.366189420796757,2.176783199457412,0.9305146995692306,0.724573460796407,0.2984808533171533,0.3936108314269084,0.2954645977027314,0.5719249915574349,0.40210078615929923,0.6487344589206075,0.4114340742263224,0.18171782645573342,0,1
SAM000311_tp2,0.3730143372708582,2.0040211278469426,0.8220679048471182,0.7321287442287842,0.2868571610034389,0.3239563392881663,0.2899110015534583,0.4987595784981172,0.4072422873244591,0.6198992251364192,0.40669513294738624,0.19423454438320026,1,1
SAM000253_tp1,0.3739065157150293,2.326725047649312,1.0180044012542795,0.7620170828946478,0.31443824810121723,0.43291153032057367,0.3344987966815015,0.5314373158372068,0.43882613339028753,0.6241319037466162,0.45751725477530236,0.2635366409346563,1,1
SAM000212_tp1,0.3994269154404544,2.1695484447156432,0.9874880949948875,0.8024767062727095,0.2858820234862407,0.4178487251068347,0.35073727710256336,0.4778417681722699,0.4769011075060372,0.6323087345941245,0.39586405957274656,0.24126370750938425,1,1
SAM000417_tp2,0.2977639354338161,1.7459608824515254,0.8923589174291312,0.7219060301761066,0.2782460808167222,0.3256041614161857,0.28365238582610686,0.445849585063362,0.4289127356381438,0.6633644830212423,0.3835892009201716,0.17510158004564425,0,1
SAM000401_tp1,0.14828482622943825,1.0856486114568527,0.7802287636977835,0.7298644403333686,0.27281282786688826,0.24948890409682192,0.17003997443071925,0.355446659795746,0.37763884988797664,0.5621764989988494,0.26306130276970535,0.11252966453603502,1,1
SAM000299_tp3,0.319687332823151,2.068072905867296,0.9315911191587205,0.7486583561080222,0.2994481280714492,0.35312688388314767,0.23152061495599852,0.4619631912690596,0.38562044577603016,0.6094232853847746,0.34982233702619,0.19122764275212772,1,1
SAM000406_tp1,0.3672152662714784,2.2576064615842877,0.972227951014397,0.7838120859635471,0.30327985167616595,0.385390044268609,0.3084797063684217,0.5243617214859231,0.43954182053991653,0.6186728101447598,0.4063741330144458,0.1747379264217019,1,1
SAM000408_tp2,0.42648649693638974,2.3798824999346455,0.9518880060266521,0.7589375896791638,0.2901933688891882,0.357963324558285,0.3509890805486173,0.567125557895802,0.42732008822951195,0.6397892932717059,0.42099875354732935,0.20524231083272254,1,1
SAM000311_tp1,0.33859246685734085,1.9416630690361607,0.9091808524269465,0.7322658156034579,0.2966251912432615,0.33634297046790623,0.25661566778092365,0.5237391003314653,0.42237442183808255,0.6308072761287126,0.37403883468009336,0.22933185712807672,1,1
SAM000222_tp2,0.3499048940109523,2.049215665821563,0.8944905997637365,0.7266880380839816,0.29421667992224426,0.3681583025731958,0.2881101181648168,0.49485370622092373,0.43059442106838747,0.6262156762568662,0.40598318026469243,0.1994724416415044,1,1
SAM000424_tp1,0.28018360661319713,1.9039675395668418,1.00962534577192,0.7714458781801564,0.311146997471374,0.36195932080239024,0.3041443535414733,0.5022399589399434,0.38247499735932416,0.6228982516834546,0.3911455604052821,0.17963628781237875,1,2
SAM000224_tp1,0.19620560441389934,1.4513973316392599,0.9551508236454366,0.7782110694685969,0.29162122737862073,0.32428982982882254,0.25403770895747907,0.44364452335783233,0.3587993503844493,0.6204322646228048,0.31997960856891544,0.13203032986893623,1,2
SAM000348_tp2,0.4050892963607284,2.3903604791314694,0.9222608806825329,0.7844233085390496,0.2814949870181752,0.40811741683880925,0.3324956699077773,0.5561468105058096,0.4385492032313752,0.6288745241505302,0.44958289854076866,0.24915468293204138,1,2
SAM000223_tp2,0.3427932006193726,1.8667592850763919,0.9001797945390515,0.7944735019979476,0.296912575226747,0.3375865520144897,0.3153777186606449,0.5139746388446867,0.44668763350491686,0.6376103785751778,0.3970397379541754,0.20995113326292844,1,2
SAM000210_tp1,0.5271912973240007,2.689122221612185,1.0530022161435533,0.7936201565433294,0.3002960816468805,0.4869504103880804,0.413611151370471,0.5929017446889773,0.4781097011744548,0.6661906111439038,0.4350124471417385,0.26375039526892047,1,2
SAM000530_tp1,0.3065891198994001,1.9197600492518976,0.9967945597953778,0.702184114693915,0.3162555061048012,0.3452780821560259,0.2762659010487178,0.4648263744676268,0.40215991207597435,0.6222418257610104,0.3910952517928122,0.189325221124364,0,2
SAM000321_tp1,0.2898346320367217,1.9578614448149905,0.8887805407875002,0.7835163403174722,0.2782055414090004,0.3420706752503451,0.28479741203072806,0.4509062171768038,0.4176943273580897,0.6025209587408396,0.3620044457096313,0.22936977021593538,0,2
SAM000327_tp3,0.4336352617798116,2.2880181188508204,0.9233555753227567,0.737352816235742,0.28906531705182503,0.40159029054682044,0.3456120655849403,0.5314883218653568,0.45999589668725044,0.6531083386748235,0.3941039496370145,0.2236089102230223,1,2
SAM000286_tp2,0.3357015252588611,2.2347183313730694,1.0075939296983283,0.7648556679608233,0.2892593647440279,0.4017973884665452,0.3010717563812639,0.48821439705835085,0.4346735400577257,0.6186624879413695,0.3522527551546928,0.18599059459566636,0,2
SAM000397_tp2,0.3209816931462165,1.9612693915245787,0.9352445942947937,0.706113301770939,0.2792349670670953,0.3168082533814003,0.27720221508261517,0.47439474047423924,0.40861375179312753,0.6184804484638687,0.3826471658017816,0.18016342548301315,1,2
SAM000490_tp1,0.43488006672982016,2.2515661442565995,0.9219996729603455,0.7535812804765576,0.27020425086912037,0.4103577943983674,0.3427043754522972,0.535149876889628,0.4621715774632721,0.6402622330382948,0.40535032515979863,0.24422613913294797,0,2
SAM000430_tp1,0.20150786936334572,1.502070981970234,0.9225341579543341,0.7381746740108278,0.29456262155282603,0.286382591094596,0.2285698931636319,0.42478937887460794,0.40428179343485177,0.6025825359131508,0.34159832748342767,0.12091371459850059,0,2
SAM000203_tp1,0.4004849455058445,2.3960498250799858,0.9510990389994314,0.7817907950122709,0.2907860793799395,0.41708083290892617,0.3483299780680298,0.52842084734229,0.42730801241793676,0.6222088832297432,0.38483342785260616,0.18600155636794455,1,2
SAM000213_tp1,0.27000369086288056,2.0914725639600045,0.9270078459710004,0.766020438883187,0.29903733263323296,0.3823922031601039,0.26886718063639686,0.5002787379021904,0.4216068858468136,0.6294503389614431,0.3665375978861134,0.1878702466694836,1,2
SAM000214_tp2,0.3038279744811714,1.8921939311982652,1.0054193013790091,0.7348342739854752,0.30775640226886436,0.3586984180359592,0.2898811488669525,0.4546257480558533,0.38150214645573344,0.6278203513449214,0.35053161074790895,0.19621904809481644,1,2
SAM000462_tp2,0.2941800558335087,1.9839301594241399,1.0060550904564622,0.7240853661502871,0.3218208430838071,0.4086720761701599,0.33356254361694476,0.47860882488280226,0.39994471584240526,0.6179004937091489,0.4248263164158113,0.24064917857671822,1,2
SAM000304_tp2,0.45878412322638285,2.407970046950216,0.9088020021508793,0.7129434662563325,0.3050958269607929,0.4359994484890286,0.3433287278094213,0.5557919376160075,0.4261017487614284,0.6452504109086403,0.4300401450728271,0.27454388120254886,1,2
SAM000301_tp1,0.48024795290158034,2.597538283094282,1.009985970536978,0.7416462143767774,0.2963174668920468,0.45313051025572904,0.409233400094152,0.5733265332272096,0.4853274561388215,0.6482889662021891,0.42392490511726355,0.2748130751319302,1,2
SAM000251_tp3,0.42461706970186724,2.374416617905121,1.0174166368293278,0.768931861066684,0.2882690277597256,0.37134670854302526,0.3407345469908129,0.5653742260270662,0.4543350737816848,0.6382434913923593,0.40784968183011705,0.20979111160102704,1,2
SAM000354_tp2,0.40672063849959117,2.278134409989931,0.8683565383789305,0.7464854412076056,0.30736083788746005,0.377007729907468,0.3858004500795157,0.491330619869038,0.4343639626191606,0.6258920056967211,0.4416050041134023,0.29125081435817735,1,2
SAM000496_tp2,0.3204258654732996,2.0127805824141323,1.0019661877369201,0.7192316005411328,0.30250511632023114,0.4062655602304038,0.29391763980064317,0.5309503287821754,0.40429529331395203,0.6246021257690638,0.40132146572361127,0.1607425089098649,0,2
SAM000295_tp1,0.25661676422902635,1.756899794215183,0.8531104393475819,0.7750090949885462,0.3034950776722066,0.31904603389576924,0.25237197628421554,0.4411763141414373,0.3810822779527923,0.6199750865690375,0.3297570823398118,0.1777823682870191,1,2
SAM000350_tp3,0.3451031297510191,2.296627609830426,0.9319007108408812,0.7749579451688519,0.30332670118218485,0.39702661052008936,0.32152624486120407,0.5117629794660942,0.4080746146925211,0.6464845736804941,0.40535762281218835,0.205252527488435,1,2
SAM000393_tp2,0.3620675677409452,1.9740753266901157,0.9656249682240063,0.792744820061445,0.28445973366957983,0.4004686053913006,0.32134227592674625,0.4523836358272423,0.45306384668742644,0.6206104297652001,0.3633832581390444,0.2126306908481558,1,2
SAM000447_tp1,0.177631072244571,1.263844085895183,0.9115206517269229,0.7490864530741456,0.28188523235474344,0.28850767412052025,0.21713695346149905,0.3914237483901313,0.3737381879988103,0.6119907562326801,0.32851017731230464,0.14689950250146186,0,2
SAM000499_tp3,0.442641775604119,2.5570726304360476,0.9726732942764561,0.7525555116973619,0.30100037279321734,0.47309186199474723,0.37117345445115335,0.5548834557691908,0.4279491530011381,0.6508806585494754,0.42095349165134827,0.2724427691886505,1,2
SAM000321_tp2,0.34209319541289107,2.0801873721352124,0.9521451250279838,0.7205869134547234,0.2860380217674284,0.3814961592807286,0.28677205836029385,0.4783941749804141,0.4230972215090006,0.6204290700326487,0.35881489407315714,0.21491073541326344,0,2
SAM000434_tp1,0.4233190716890175,2.233774696291521,0.957001386883416,0.7681103133473414,0.29381091674598625,0.408931287312071,0.36146471622936555,0.5511140261764036,0.43965752146267567,0.6316688865306431,0.412371194982281,0.2693089008448113,1,2
SAM000491_tp1,0.23464590388836687,1.466965565917728,0.9515216444434674,0.6832134758895435,0.2902643934419049,0.29547696787508715,0.2276520633628464,0.39244717203561974,0.41141044815441374,0.6165144551764162,0.336883426418262,0.16566123942324387,0,2
SAM000316_tp3,0.4808735552534538,2.4368752064175605,1.028810979718503,0.8029122594575084,0.31196080172515966,0.43785736247866913,0.3867566734618753,0.5929109835601305,0.47864613132167483,0.6386433922778281,0.4630203567803069,0.26624298909242766,1,2
SAM000315_tp1,0.2667028719505633,1.7949562404247157,0.8277696151441077,0.702420475971773,0.2656054206085416,0.32943583658687225,0.2824598014674002,0.4518552595812428,0.417198225482544,0.6175067024959483,0.34712972876868775,0.20016831824839834,1,2
SAM000209_tp2,0.3196285990799975,1.6419790852755114,0.8726432468331928,0.7275023185156613,0.28931133966338857,0.3276225162867534,0.30549835339048953,0.4420879638905712,0.4196355943659144,0.6431902231392397,0.375127830365677,0.21482579723798267,0,2
SAM000428_tp2,0.316435707685983,1.9291882386788126,0.9415318597263661,0.7506633793087039,0.29301148717681536,0.30978375159619836,0.2747405818021303,0.489295669017322,0.4260408558505449,0.6626308507739342,0.37520373189520834,0.18694325537951234,0,2
SAM000200_tp1,0.2909707742855118,1.6869709608329186,0.8906445667755556,0.7761867176086308,0.29531630097231776,0.328735301661676,0.2593062869281828,0.47143248874703175,0.4134583302365553,0.6350719477563416,0.3668715778878642,0.16652928560324462,1,2
SAM000466_tp3,0.5114622424524693,2.7941724616788046,1.0202298829711316,0.7803544575094763,0.31776840908168485,0.5027748633585446,0.3973571669552428,0.6122740228582312,0.45300618341313603,0.6464290504559287,0.46427566002850695,0.24112882948334968,1,2
SAM000444_tp2,0.3183713573922961,2.0762065587298086,1.0006330372955936,0.6836408348606752,0.3006350899182597,0.3525890105634542,0.3104561299125466,0.46621986851653974,0.4144834245762745,0.6246237338689385,0.3790852882133771,0.1796794398360898,0,2
SAM000308_tp3,0.32836414057551727,1.9754410712616832,0.9499395989383466,0.7211404404923348,0.2966997219443233,0.36299061541278954,0.31583100488876037,0.46858416027417676,0.44326932340620295,0.6210257076659433,0.40383848745675605,0.1964168654230246,1,2
SAM000434_tp2,0.4536089309892869,2.0713512179609266,0.8880444387425008,0.7314525750023536,0.27123342458845345,0.4044440742989551,0.362602581670507,0.5130231384509634,0.4533849647528945,0.6523549710869924,0.4072081039066727,0.2719744976204033,1,2
SAM000425_tp2,0.43321681251293254,2.4708847735426174,0.9318883487232177,0.7113419582357811,0.28857593310443347,0.4520866729352418,0.3674344201865679,0.5481791843822047,0.4412717381077141,0.6512111487898299,0.4102835900524099,0.2153793441907094,1,2
SAM000399_tp1,0.3427698497222414,2.1180537631409195,0.933810590287031,0.7531091879267475,0.2925177419525289,0.37077118821011645,0.2966163481683089,0.5000052803880142,0.40494840250547354,0.6319643573348257,0.3986465651203765,0.21736315308896909,1,2
SAM000349_tp2,0.38822421186207606,2.0720907085132008,0.9096605121468854,0.7147914870139777,0.28698660904552353,0.3831743524107776,0.3278223135384655,0.50836540234434,0.4406230847430534,0.6434695434952462,0.41260863048246393,0.20272699201378097,1,2
SAM000444_tp1,0.23663046595274081,1.7511487427892527,0.8955078298348451,0.7687509438660554,0.2758862466738017,0.28874539900002977,0.24557387598362787,0.4336063097447313,0.4129150364271789,0.6119935676916615,0.3418028353780718,0.1677004284780138,0,2
SAM000357_tp1,0.3149878336414722,1.9734071926428702,0.9657346903362227,0.7422037073257569,0.30079012287176426,0.37935376582266417,0.2725506376204755,0.4925790981242988,0.41186220467012974,0.6184759500664707,0.3355785914671614,0.17013744116285587,0,2
SAM000245_tp3,0.5569311362917417,2.8557355249906107,1.0493351616766302,0.7763256188663995,0.3429795379773626,0.566363532373451,0.47889522096789255,0.6076291170835708,0.454621860144408,0.6511478344806682,0.49330114328521135,0.28646111262265905,1,2
SAM000318_tp1,0.2927096098793108,1.9940648844863946,0.9410825166542878,0.7658120186124655,0.291875402955493,0.3555216993801728,0.2798110874117717,0.47146729569462315,0.37963768510553764,0.6265410272507063,0.3989069410279154,0.16441382184058617,1,2
SAM000261_tp2,0.5385497828907648,2.8943530595220905,0.9780586990346707,0.7939348481043342,0.30709027419102564,0.508881554670944,0.45022765423665395,0.5969011370141031,0.4310265127539166,0.6301304016144319,0.48975287473365114,0.2485048033817364,1,3
SAM000398_tp2,0.22244508230478316,1.5941198544145028,0.9435461669648229,0.6526691236872288,0.2798995144378678,0.28746610850466203,0.22903836646046527,0.36854118923692114,0.4111265745781432,0.6230579683610755,0.3274162299370292,0.16468440361444636,1,3
SAM000259_tp1,0.2345180110401262,1.498957034790843,0.8519403039766098,0.7765647654681304,0.3067498294026852,0.334003178642496,0.2736486302202048,0.38333679505190443,0.36314638342385114,0.6257309674862985,0.39066582802398353,0.17846386014158402,0,3
SAM000458_tp2,0.5741183595595172,2.9103580826867517,0.93926763060777,0.827755468422067,0.314066251485255,0.5325440830685094,0.4461073391191857,0.6010381189585519,0.47876975111332565,0.6485183119122441,0.49082669297484927,0.3115791620443742,1,3
SAM000537_tp1,0.4183644441729097,2.3252806115226488,1.0824080823201485,0.7274355181092735,0.303377440601939,0.35743375625283624,0.29936689383031134,0.5562457839317347,0.4347340098929793,0.6362523314237304,0.3849988543074903,0.2366191815344215,0,3
SAM000462_tp1,0.2756342429485174,1.8256819763675467,0.8155785245175502,0.7651473065122499,0.27249653023172793,0.3669785808428084,0.24234010002812248,0.43236490058529703,0.4280234961065389,0.6224234655352244,0.38204516439344216,0.18356211228758557,1,3
SAM000217_tp1,0.11042323974353348,1.1214898831383902,0.8118364152241925,0.7160879032778701,0.28040108683742393,0.23882755989656312,0.1490536856369888,0.3294700682906359,0.37119566319802144,0.618083448304274,0.3051661170693345,0.1106446775080647,0,3
SAM000386_tp1,0.17541367526299395,1.3416456948674675,0.7426465113378109,0.7308880261834603,0.2819883124670291,0.2931354737228069,0.1952215174314719,0.3913295035547575,0.4023772492490971,0.5966287101633548,0.3631504295547237,0.13748088015762927,1,3
SAM000250_tp1,0.24698567340254748,1.7259164388885477,0.8144310916410901,0.7601985124703028,0.2817238070728982,0.32982789874363816,0.25672316542040763,0.4461620014465412,0.424088550180294,0.6195317200711832,0.35748179252476237,0.17730510889604637,1,3
SAM000236_tp1,0.2712559613389478,1.7864468451046889,0.8128533556400519,0.7148329438516028,0.29013612423798113,0.2917355622378734,0.29369520655927567,0.44174804529616507,0.3962756675723049,0.6041501100549196,0.3382086941959364,0.17321462908473262,1,3
SAM000373_tp1,0.24220747683700306,1.876720263247281,1.0055723966295842,0.7044207970579501,0.2879286118350957,0.3770617404467588,0.2483565929823418,0.48779498151198913,0.3887385135846197,0.6270291253163475,0.368287331561942,0.15504251818026643,0,3
SAM000227_tp2,0.2258891831814336,1.667674248508372,0.7940889924351741,0.8220986717930938,0.2736451680552513,0.292754261543705,0.2116433787769358,0.37484589737538015,0.4222275296384824,0.5919124878896642,0.2959178164906572,0.17067152251995832,0,3
SAM000306_tp2,0.2982146604973007,2.1272283971696355,1.0530990295227443,0.7214591391446961,0.30656332816368637,0.33834300597720157,0.27561472826546396,0.4574332518361387,0.39493439695300425,0.635345647173974,0.3980233711540543,0.22970186446927707,1,3
SAM000495_tp1,0.3870497708868039,2.215573693985897,0.9371795038940895,0.7285236735069185,0.3104804528355617,0.3846953526142666,0.3504218148639041,0.533681719025266,0.45318950931986357,0.6438549541028193,0.440198546552702,0.27782446804104677,0,3
SAM000398_tp1,0.3275359107239881,2.1963504192013654,1.0522833124291049,0.7439727314798923,0.30209168647260215,0.3971723944569995,0.2969216003555151,0.49569400857520873,0.41093760086005576,0.6321696373089093,0.41781247603961624,0.2250620867167526,1,3
SAM000436_tp1,0.18967860774554285,1.5382902230965,0.8651595553323643,0.7468223223047397,0.2859048636605316,0.3062613769224949,0.18624312660187992,0.41907152647020784,0.36890077659943804,0.6146603309169824,0.34227934133279114,0.14859826504440646,0,3
SAM000346_tp1,0.23131808333154175,1.572154584905785,1.0952985062761504,0.7460145334264677,0.30214796562904644,0.337124761348765,0.24579383184137552,0.44293969994845794,0.38841574515768,0.623771083491113,0.3462418412326227,0.15927624060163134,1,3
SAM000333_tp2,0.45027740119909565,2.302979474362817,0.9462631048213369,0.7224538916054491,0.28791021080123963,0.4295458774500301,0.30994842605600625,0.511518787392439,0.43970225280098385,0.6492632921121512,0.38880639870274636,0.23152027548196458,1,3
SAM000320_tp1,0.31651600701917904,1.7754079427234006,0.858669220599869,0.7525781106751919,0.29430630710386546,0.33940732547017816,0.27763420865732674,0.44838234635247376,0.421683498986887,0.624152941148101,0.37843014953088383,0.18662771603862716,0,3
SAM000351_tp2,0.5181170983341007,2.556193726691437,1.0462582136240193,0.7717858788375248,0.33046427944318935,0.4991112751900556,0.40955166612756266,0.6184831092102097,0.45234544153735284,0.6580400838764769,0.462875530131773,0.28228247721645444,1,3
SAM000498_tp1,0.329200048564952,2.1605964883612456,0.9006173190426958,0.8240229900954952,0.2933313720189992,0.3653834367970148,0.31161165978852773,0.49198776140491096,0.42932921631746246,0.629378917354864,0.40589840905248376,0.21619471714417837,1,3
SAM000433_tp1,0.3984087383615005,2.0062036289490464,0.8447145583112088,0.8273416285562506,0.28248231428312837,0.4098231057804776,0.32929931748222957,0.4804196664128086,0.46482730108855885,0.6109765239904101,0.40257984452636464,0.18232597241266654,1,3
SAM000277_tp3,0.3755642281400793,2.1492125891729885,0.9532627426961251,0.698260087331747,0.2847315893032765,0.3897979510128462,0.2856687260424976,0.4955426091245409,0.4334101460027896,0.6342668116828395,0.37841444238752264,0.23201900666988412,1,3
SAM000553_tp1,0.16615853225531527,1.0750340287531863,0.7855443520656284,0.615052904969316,0.2820631176586694,0.24000616449439413,0.17601315714115276,0.3046011457254053,0.3968017571441198,0.601082319129628,0.2785325439154802,0.1136730291720948,0,3
SAM000206_tp1,0.2837406210679581,1.8393852269209676,0.8560428912491822,0.7694639995641661,0.2762885754596845,0.3528259627805428,0.2443002568242479,0.41961933970995063,0.41488669399235434,0.6150719495107813,0.3156071603502473,0.18445466108897837,1,3
SAM000388_tp1,0.2787043075955246,1.9939003295912712,1.0548716345058278,0.795370197116131,0.29066559479764215,0.3872611145292448,0.26925211437219954,0.5255409520337019,0.4092622806575782,0.6460975408398822,0.38338635709608915,0.18935890434783054,0,3
SAM000499_tp1,0.4456175565646043,2.3987621457650197,0.900006762935132,0.7139964160972595,0.2899574306759211,0.4478520197635577,0.3984570289012002,0.5525202304125214,0.4629127565494401,0.6389383878263519,0.45654790418277374,0.28311676125124513,1,3
SAM000331_tp1,0.3669523252747532,1.9618270032615934,0.9706585943241035,0.7549154944182019,0.28423819533390954,0.3425437067619141,0.27700803052465,0.4508045319940083,0.4531859034378375,0.6353944076349277,0.3579480420171116,0.16533045602896465,0,3
SAM000317_tp2,0.2940233245487393,1.7761703689882866,0.8298689523108154,0.7430463152990628,0.302262125802993,0.32628022368018944,0.2679784758791288,0.4259414720331691,0.3898666337334038,0.6169025030881446,0.3335990820328993,0.15248609789264866,1,3
SAM000319_tp3,0.3956047121392327,2.090055837743525,0.8649587078560144,0.7635970278033626,0.302762721677108,0.3892613583858332,0.30771724067890793,0.5146271078263045,0.44020529228309685,0.6353783567037995,0.4053955303843006,0.2600034137437462,1,3
SAM000332_tp3,0.32498308897706785,2.057782004319063,0.9252605205373008,0.716178071553719,0.3038264891829606,0.36941774082866985,0.3317452939891756,0.45067322213086736,0.4043584987234417,0.6024217099985574,0.3581547360281411,0.18611500952650334,0,3
SAM000247_tp2,0.3586938793784239,1.7191914982522016,0.7988966641732743,0.663445355257286,0.3088404774993503,0.34658765707955674,0.3181635465065334,0.4179729791960509,0.4317903668935505,0.6261623879985262,0.3932571735817681,0.2158199084395372,0,3
SAM000256_tp1,0.3906505941117413,2.216991634373602,0.9756987239492924,0.7488813269674118,0.2987641178321931,0.3930976721590724,0.31213061445494605,0.47670825834121083,0.4184896035910343,0.6254324572378024,0.36121467202174123,0.1774721607065476,1,3
SAM000263_tp2,0.4085698320072166,2.0440769649191437,0.9127104725281566,0.6887181383863116,0.2946292747958744,0.35246957724050637,0.3370407431155867,0.4706581329109504,0.4193678413184053,0.6394440412028276,0.40575851020018155,0.238758956373586,1,3
SAM000277_tp1,0.41322573815215446,2.289537975125456,0.9531312463557451,0.7585370775860063,0.28024253813787625,0.39570814674622923,0.31487818592952893,0.5293868487410195,0.45487745584248024,0.6440177394274741,0.3737563469132788,0.2275831996830586,1,3
SAM000309_tp2,0.5427922442818253,2.7117248349411898,1.0090858815638704,0.7846169628630127,0.303092025192528,0.48441653400118184,0.4663611199145857,0.5844264597106479,0.4715785621630954,0.6404051094441331,0.4856121487939031,0.2732449118981346,1,3
SAM000487_tp1,0.45709162709170853,2.5416111227302873,1.01693026175355,0.7725047594821994,0.3085747041184751,0.4274401070531502,0.3897390881013683,0.5267389287319328,0.45184232992924545,0.6389371615055418,0.4300159908521153,0.2946097924216144,1,3
SAM000205_tp1,0.21265806698458878,1.5964273807322293,0.9017989167706589,0.6830302315901499,0.3064331058121254,0.3387034198820942,0.25640198845623846,0.47995497522156866,0.39117363513959225,0.6018126267470231,0.3989154922455312,0.17410134622658305,0,3
SAM000201_tp4,0.44647497758915733,2.146000964163712,0.9422010853571888,0.7306128500516911,0.2857211040143748,0.42040097368427287,0.34477946076482324,0.5478287914440899,0.4430974482257096,0.632508867510276,0.4321737230067346,0.19708893980162606,1,3
SAM000302_tp3,0.40852700158711724,2.215031821168976,0.848404051166899,0.7969247703400645,0.2832369301218506,0.36339221359025453,0.33390953230988246,0.5474415076306879,0.4714877248875961,0.6337292633353969,0.41564056633561636,0.19853675119900926,1,3
SAM000446_tp1,0.22907243718461612,1.774017096029169,0.8596046450313072,0.7258115789272823,0.2922932485433827,0.3198136211744971,0.2413169332019377,0.4293884666759169,0.4005375902241049,0.6196075665960723,0.3650297209747484,0.1522867610055141,0,3
SAM000253_tp2,0.4761820880061349,2.480795748173013,0.938926008232341,0.7646480570954908,0.315646183120247,0.48163380216033963,0.39271148382768084,0.5358249406615149,0.4254377821845253,0.6487504427400924,0.49268378248916334,0.29578222189208936,1,3
SAM000497_tp3,0.4865240430546474,2.557365356204819,0.9792372225887186,0.7632413765285339,0.29094396913813947,0.41366304960456235,0.34642294496883125,0.5938009780492125,0.45159302569449133,0.6452226036583343,0.44807911380666504,0.2796872465100735,1,3
SAM000475_tp2,0.394418591915884,2.363582058035241,0.8914306494311722,0.7531867203632099,0.30356401010144557,0.4540300635960424,0.34404673850593703,0.5496784047789128,0.4308438501768794,0.6360066786533067,0.4204714073136104,0.17383390118450615,1,3
SAM000451_tp1,0.3838818780735055,2.0088051227085213,0.8994225327105092,0.7642050700295145,0.28964838667201065,0.4030189873015014,0.3405683866298137,0.5161023131611984,0.45409876340989536,0.6531008190601552,0.39566461439245176,0.25828321905361873,1,3
SAM000384_tp2,0.29564101107719687,1.9362186128311265,0.9346592417214695,0.7442999587851185,0.2745761001033422,0.3162698843471711,0.2595259964193793,0.43062707305615605,0.41288034274450885,0.6339389133376678,0.3496051860073062,0.16037828228503048,0,4
SAM000270_tp2,0.3380794132419954,2.0381554275178093,0.9479878000066457,0.7100745560669224,0.3076790801182366,0.38562356463455033,0.289284275612634,0.46911538415390197,0.4122129960684307,0.6210052247316387,0.39956252915919777,0.2248314239737407,1,4
SAM000313_tp1,0.3037016905947004,2.221830418105086,0.9970220848443767,0.8226779905079706,0.312895858031374,0.38264790144992394,0.33842160477960725,0.4822446053743058,0.4361021519278325,0.6187478652463179,0.4129590332657906,0.2483408095552579,1,4
SAM000266_tp1,0.40115605427573525,2.35638516043751,1.1525165872774787,0.7881902609789903,0.3198405453975043,0.4810171083713915,0.35092510967051704,0.5360968342953811,0.4214686656909452,0.6446762647770595,0.4995904286465633,0.2338266657608224,1,4
SAM000539_tp1,0.4458411013118285,2.258756078507574,0.9159443506046339,0.6763335554250325,0.29262447643423234,0.4476860093814434,0.3722897806209384,0.5508806791645723,0.47993104893782096,0.6436122121353597,0.42653052477883563,0.2277270579343088,0,4
SAM000236_tp2,0.298572138647012,1.9344311879176366,0.9648364416675544,0.6946325422280468,0.2992062594218739,0.3162746886281144,0.30825287319781114,0.46507044047444795,0.3918782572348596,0.6169281914287196,0.3818935035858372,0.23238708651301093,1,4
SAM000481_tp3,0.3918123083618053,2.2092498472868014,1.0355029187944338,0.7532967552181431,0.312661488405073,0.4563973564487387,0.395501334353416,0.5818440810710076,0.4291318580793132,0.658293043050998,0.44798851627266395,0.24247164257728063,1,4
SAM000268_tp1,0.35618319353740874,2.2239471505083976,0.9507377349184466,0.7890861321355431,0.30713459678316957,0.44434532445525754,0.3758906339008736,0.5639573188018838,0.4415506765970939,0.6504041967203158,0.43748061820506806,0.21139455799907378,1,4
SAM000336_tp1,0.2711896898392523,1.8981097622962937,0.8620538670543403,0.7692134339837469,0.2978475079135079,0.33444897642829635,0.2755473860471061,0.4503984584296291,0.38101914242560225,0.5935589486540904,0.37455371042636065,0.18781114647549643,0,4
SAM000241_tp1,0.5142751471161823,2.6117693998762097,0.9061522651097192,0.8085751188649826,0.3011563610398443,0.4658284561377142,0.3879784142657302,0.5778225909202457,0.47144374928974403,0.6386204380048901,0.4528673475603423,0.29197913315016943,1,4
SAM000445_tp1,0.32774134334303456,1.8346201186809024,0.8554568059712208,0.7559829972867537,0.2921679416002941,0.32998127924334403,0.30199583157815196,0.49697688537941526,0.40658183856225966,0.6261221236774844,0.39101140376340177,0.2132092091468139,0,4
SAM000220_tp2,0.22063755991083356,1.4334583971531512,0.9325512473793413,0.7357795910767838,0.31167761108118375,0.3111804421522218,0.26520123635272486,0.41721746829885636,0.3450534013065375,0.595596701208845,0.32977444333689127,0.1325143331839645,0,4
SAM000240_tp3,0.24810860867189163,1.916223239147247,0.8926401239747951,0.7257214755839831,0.2892726585347625,0.32914404955000315,0.24424648024970963,0.4499054694596743,0.3982681710488549,0.6315312278267368,0.3774717366837471,0.21063641227306762,1,4
SAM000515_tp1,0.31823365469682896,1.8257505996158132,0.9169271257090333,0.6904145473921978,0.2994448798351749,0.35918252135215245,0.2978569915097765,0.47498317596098394,0.41799352447426236,0.6267517436074904,0.42979906688588315,0.19750800777865155,0,4
SAM000518_tp2,0.3130925784142778,1.810743732103117,0.839683652261987,0.7207225032197776,0.3089367638656206,0.3312273154718974,0.29991677515463105,0.4421727425725384,0.424004805145196,0.6285819468462324,0.3751548613816357,0.2164570075846765,0,4
SAM000226_tp2,0.4612873356960015,2.713591354343486,1.0785966348080003,0.7737483143073609,0.31748890088864884,0.5448402806503294,0.44517833340864854,0.6278322445747477,0.4837848536439797,0.665820546768985,0.4932243822913416,0.25337060763461267,1,4
SAM000410_tp1,0.2971473137302254,1.8591865252928579,0.9127918075576474,0.6926462904516231,0.2969627166978597,0.3154681948268659,0.29117511471739715,0.46997635562327644,0.41365316192462276,0.6255305810258653,0.38087601605797294,0.20767229385134087,1,4
SAM000440_tp2,0.32119642995535924,2.180256764355082,1.1380085277650989,0.7230221553960825,0.3133399763316314,0.40682791933742957,0.3095434244910704,0.514011447817109,0.4072156230921363,0.6008648902470278,0.4313022802311261,0.23346447981596788,0,4
SAM000404_tp1,0.24372678908776563,1.8324787215985228,0.8498022568597183,0.7306470726442756,0.28026062821895487,0.32174673685697575,0.21756078992514374,0.4146016298712491,0.40075833151635804,0.5985496137239639,0.3496621380492763,0.15840363281084494,1,4
SAM000305_tp1,0.3417056264558612,1.9940467597495464,1.0031411431404933,0.7965880457642085,0.3091757079614558,0.3986711036265433,0.31503461601184746,0.4930085175147352,0.4544537774546286,0.6509134302777337,0.41346917585063814,0.21879964434901591,1,4
SAM000412_tp1,0.3320585383593782,2.2817811282726272,0.968612723011714,0.7551948306807185,0.28061097000402846,0.4255965172357346,0.3079657044434339,0.5125982477324385,0.4278036642362652,0.627630355883287,0.3810570227777502,0.1850116120370726,1,4
SAM000467_tp1,0.30119553728099924,2.108877911582925,0.8777892364088637,0.7750074790274691,0.2978878868219155,0.3877791951725103,0.2620886759373289,0.4806001428473116,0.4075335404280716,0.6172775724564202,0.3929538349984158,0.1768543190432774,0,4
SAM000376_tp1,0.48185460528240165,2.445193963720497,0.9849151140891346,0.7538011816088058,0.3023414193404879,0.4242145832177441,0.4002536255460354,0.580089100787908,0.45676872319651607,0.6386552796102,0.4353094542695207,0.27677564010880856,1,4
SAM000491_tp2,0.23988344513681173,1.5684084966497167,1.0580893851390403,0.7786865769576968,0.2846897743005647,0.3134738644263105,0.21876650097114186,0.37027478632589117,0.3826279969312867,0.6303903759670186,0.3045087510859204,0.1367696763104004,0,4
SAM000326_tp2,0.3448276194112319,1.5601114680757593,0.822860191093325,0.7000480830400478,0.2848289880317366,0.2629612636916494,0.3046616864036775,0.40454249079473464,0.4148519557150575,0.625429540420937,0.34934444771442247,0.23157519899681042,0,4
SAM000417_tp1,0.46351706091891265,2.4289926620781848,0.9818012145140546,0.7693057188907291,0.28801791604119154,0.46367763795421907,0.4027396181265333,0.5812628513755306,0.44731612740488047,0.648460093832009,0.42428040812364887,0.24135093269016178,0,4
SAM000431_tp1,0.2609674787178128,1.7753549569957843,0.9953569809148752,0.7718174081519048,0.293573278820206,0.35955775948841806,0.2557105526561091,0.4082375943069589,0.39642803111292635,0.5985827292230912,0.3619915250153163,0.12783849091202906,0,4
SAM000425_tp1,0.3949777424001558,2.024295807394717,0.882501063160245,0.7496291701144513,0.27397043547979794,0.3607666110951035,0.34662712478633234,0.5099922886270655,0.46469069983861433,0.6433976931772445,0.38014668068059904,0.23336687682215804,1,4
SAM000363_tp3,0.39313905983090663,2.128117399499685,0.895840136571793,0.7242963022865965,0.3083226468332888,0.4466962500440892,0.37200588522746486,0.5240923370171005,0.4447752529458618,0.629377722664672,0.44967334819308774,0.26814591245510183,1,4
SAM000207_tp1,0.29492545485105626,1.798700936562974,1.0457594378301946,0.7309835572516872,0.3075053504873184,0.4196114060959383,0.30085019429330684,0.4733418943357549,0.3865208584388287,0.6304693327554439,0.4271018890485936,0.17580624368812336,1,4
SAM000418_tp1,0.3196578552519188,2.011486597201831,0.863817942242214,0.7909918004053528,0.3006436417884476,0.38052379621476695,0.31091346947737564,0.44372739529954175,0.4127204334765973,0.6019817537768443,0.37754408379520915,0.2384863996252944,1,4
SAM000214_tp1,0.24764804216515,1.7557058922320679,0.9052416673550908,0.7819848468977565,0.27617796193360716,0.33138308895916674,0.2293362773198664,0.4603312892903322,0.36388786441185816,0.5997894758086545,0.3453404714598351,0.1137811527895249,1,4
SAM000466_tp2,0.5427195752039414,2.7625955035241305,1.1504737919093873,0.741991273929086,0.3152532543842164,0.5101825507717057,0.3884244129745927,0.595496363854353,0.47914744281362526,0.647038754121936,0.4383023020900265,0.21782955993968614,1,4
SAM000395_tp1,0.21065016975281436,1.596528736716861,0.9650858912779643,0.7796127548797874,0.2930894242515911,0.30892645857526746,0.23663757009326009,0.41156466652729706,0.3768068023621616,0.6133063333312032,0.3657182723597567,0.15133705780336382,1,4
SAM000354_tp3,0.4108333666145985,2.311809875657487,0.7709777028357929,0.7530465203259277,0.2864637818606049,0.38708331224615755,0.3567506567576438,0.486346449564756,0.4476333493903211,0.6057606707624718,0.42718090262181846,0.22493522350894105,1,4
SAM000249_tp1,0.3346288729148323,1.986098253302029,0.8732217654849889,0.7600128009058748,0.293752969838774,0.3551659388355968,0.2912418960490872,0.4567141235944097,0.41342708505656084,0.6242593630173161,0.36389056287563515,0.18528525564123455,0,4
SAM000340_tp1,0.31916323253528583,1.7834764787440045,0.945287658195273,0.7515670940941064,0.2954142861373123,0.39521846093711605,0.34764023803733357,0.46526876322898636,0.4429539867387817,0.6152895692904007,0.43505287096360973,0.21921201139778693,1,4
SAM000485_tp2,0.4566605899921001,2.7339311614799238,1.0100528951446275,0.8015755627618363,0.31116041451452386,0.4560397861774824,0.3876969206594792,0.6093488877583507,0.438157778480863,0.6433420065400149,0.47152583619411487,0.2843214238324217,1,4
SAM000394_tp2,0.23201978088025232,1.862640832424527,0.845769696436565,0.6913572340421551,0.26743413461422577,0.2953069228720953,0.24719378744821813,0.4893408809841353,0.411715895117457,0.634491928325691,0.38026308857704216,0.15738543120393406,1,4
SAM000433_tp2,0.360359226141389,2.1983292799376533,0.9834041757445106,0.7780412566695388,0.2791420961317057,0.39159221629138485,0.31703084593933895,0.485219806480491,0.43758869277857876,0.6587582819297686,0.39505823288175484,0.22668369371117994,1,4
SAM000342_tp2,0.4633337048138392,2.3164842074467593,1.0284690478165124,0.7209028379182439,0.2943034626023916,0.4512436409159028,0.3601188853017747,0.5617998101492072,0.465734235504357,0.6492323658410503,0.40467484072679616,0.2686472447448304,1,4
SAM000329_tp2,0.20311097451976526,1.4711523989018618,0.8798518705511047,0.6823035312056318,0.2731802117221349,0.26076689169777273,0.2413228244133442,0.39739773728721706,0.3878992688815414,0.6105310544770469,0.3294021440556796,0.13663001840119823,0,4
SAM000380_tp1,0.3109045216156576,2.0563446845646065,0.9407773994985092,0.7526496852474093,0.3061267809349866,0.33711170319128997,0.28705402310179706,0.4505144027315437,0.4313240926431945,0.6208595147179454,0.37058106178058053,0.24343845016587487,1,4
SAM000360_tp1,0.24976019941042826,1.6866258411037935,0.8214001931368159,0.7489782153202107,0.29195775330922824,0.3162885774580888,0.22996546260225134,0.40270545295809757,0.38649523467724156,0.6075587006488884,0.35954349827795623,0.17207371808301694,1,4
SAM000466_tp1,0.4673505685456812,2.438051038992896,0.9965770615996196,0.7359049514347613,0.28885202880618244,0.4248321910876151,0.3608315141360242,0.5562820489144312,0.47032887028992226,0.6382392594864347,0.39347538266187954,0.20553056367869943,1,4
SAM000538_tp1,0.39334426741208767,2.267385401884647,1.0496493102334254,0.731653325156035,0.29865285118965595,0.3865730376050114,0.3187825199512912,0.549034446124508,0.43680225030636677,0.6485728937043986,0.4149211336592982,0.2010025122776588,0,5
SAM000448_tp2,0.24644450789228733,1.7742603068741796,0.8588514662597304,0.7051963029225784,0.29608869525904447,0.314841996263082,0.22998646782923501,0.4245427513864587,0.3906867338537809,0.620863846726413,0.3526827111527051,0.14096443894504476,1,5
SAM000293_tp3,0.2980693712052322,1.8043726487171148,0.8024753417102414,0.7089838834303489,0.290984671619546,0.31210828560320747,0.26735099031821846,0.4394404361956281,0.40201414544816794,0.6165344112908846,0.42445705827144875,0.17216971046232227,1,5
SAM000312_tp2,0.16707851149649983,1.438367664533508,0.8704395075260841,0.6532876019944878,0.29223620763596364,0.2968005661028144,0.2321637353725842,0.3875015110573879,0.372563108380705,0.5883451738966439,0.36180051043402917,0.17803678553294566,0,5
SAM000235_tp1,0.3054627086919633,1.977047781289529,0.8420005412403326,0.7639343229551807,0.29425160483937074,0.35370880086825734,0.29585780267797634,0.4535037004042804,0.41088333805410504,0.6314023461521832,0.3554653419070637,0.17810857757465232,0,5
SAM000203_tp2,0.431828055738505,2.533690338474472,0.9518406868214077,0.7834261929811634,0.29878395014480325,0.4303316416893724,0.34823504880090667,0.5575510242159953,0.4430972764911655,0.6142601911182061,0.40031521655522084,0.18520395904649625,1,5
SAM000367_tp1,0.16813294085429498,1.2302313336355966,0.7313111752293228,0.7503519934978177,0.2591931920938214,0.2246160707556465,0.18428770457937865,0.38811337129118617,0.39424001863001523,0.5970590117212808,0.26893456371100916,0.11479980951985937,0,5
SAM000209_tp1,0.38551599156661753,1.9673423997012585,0.8831481858768001,0.7263459994796244,0.28370415009144195,0.402562512136381,0.32253890165613514,0.4959744683103504,0.460385518771035,0.6307328928341117,0.4133067195713667,0.2528004141862938,0,5
SAM000484_tp3,0.3138476382057975,2.061620058002124,0.9478589254350729,0.712454722145884,0.28825095474405127,0.3552288844665067,0.2885118189379073,0.4792592039683464,0.41561934003554385,0.6310825102945321,0.38244377952744335,0.18226976038252807,1,5
SAM000214_tp3,0.29544294798600856,1.6850795719652059,0.9192317597893285,0.7141965992150463,0.2983436091630405,0.33155397185091806,0.2893852414541578,0.40398712655846936,0.38630372699180654,0.6177486493227573,0.3629467813273046,0.1430671012826288,1,5
SAM000529_tp2,0.20848613890827467,1.4795972476748875,0.9197948191406138,0.7334666392393525,0.28691392054395026,0.3074048015851709,0.26012303029110995,0.40053225388680713,0.3919791939426702,0.6429451509815232,0.3693911372338281,0.16951096684545455,0,5
SAM000284_tp3,0.2841162009096536,1.876118760679982,0.9581474979813922,0.7556167438751621,0.3015359813804713,0.3542124273135905,0.24373361096219073,0.5100374559111153,0.4075063948229451,0.6767949922441833,0.3803658813543469,0.1767315056264851,1,5
SAM000405_tp2,0.5012799798702448,2.581156563433255,0.8715768655096174,0.756499133337401,0.30254377392454646,0.45235234896970417,0.3723743892213709,0.6017231553836689,0.48016047202178214,0.6499299980977465,0.44973031945727,0.2650443182542009,1,5
SAM000383_tp1,0.43201849142000326,2.2422970041957093,0.8791213990234317,0.7818204524096691,0.293932328574227,0.4408246051071832,0.3514852489425237,0.5496048604803964,0.48772833463605314,0.6503783783846971,0.42812568290803604,0.2836356515169884,1,5
SAM000246_tp1,0.19699724844980565,1.679198436349538,0.8565532323814301,0.690143363970261,0.2841516923499732,0.3039307567074771,0.22080708618588257,0.4177244597339251,0.3896153511402049,0.5985986574133249,0.32328395613622435,0.19375674953718353,1,5
SAM000255_tp2,0.4435034999674577,2.389128240195644,0.8484615050765233,0.6893111878878689,0.2907401893408267,0.4950265485008281,0.45710713780667844,0.5203558121595018,0.46604544125826863,0.63838854338565,0.40207278326480106,0.24122073940571506,1,5
SAM000397_tp1,0.28635126850642534,1.8585700220595627,0.9356993757354222,0.756860773467934,0.27778124453152403,0.3274086620902193,0.2686546216276575,0.46389169491697574,0.40443672231883815,0.5881966454947298,0.3531173142565321,0.2119591426757277,1,5
SAM000250_tp2,0.3615048335305721,2.0357005006721804,0.9580319119772183,0.7500170232225197,0.2853793244096573,0.40943471453992314,0.3162092033277728,0.5031140982776315,0.4735468773340402,0.6492303608920642,0.39336712848312416,0.21511153231999927,1,5
SAM000481_tp1,0.40742815012976613,2.2843366686473066,0.9713987532157522,0.7650326953858233,0.3028430624628231,0.43007829946733755,0.30834615312399466,0.5703083518264246,0.435852297483776,0.6484335971824032,0.4407536013666058,0.25834440383020046,1,5
SAM000260_tp2,0.5604614885490844,2.7500740820514995,1.062396143686414,0.8035754376106767,0.3311001034811034,0.5471107789359055,0.4352296676137017,0.6285678864956569,0.4849132021992661,0.6543228454768563,0.4940041094205421,0.26892041555837704,1,5
SAM000257_tp1,0.32427698089049733,2.1730391148532986,1.0172347862309985,0.787938523996964,0.3078123945928725,0.39006660921662784,0.3288164437309128,0.48881575747579975,0.42100393189243673,0.5815400314105998,0.39093955481777515,0.2055808765307468,0,5
SAM000407_tp1,0.3565152904241979,2.068011766649617,0.949960002680333,0.7509625588107975,0.29102641326218603,0.3827426606920994,0.3011851610553735,0.47321453064186464,0.4281261317812303,0.642343684085127,0.35699829931691385,0.24438672421701482,1,5
SAM000211_tp1,0.35787973186321437,2.162410536794388,0.8754676027465872,0.6927013892835467,0.2858471758305294,0.4223467819196913,0.3111312717641583,0.5483820412441021,0.4351177206031792,0.6288346379838017,0.4032237543420381,0.20574744178804638,0,5
SAM000258_tp2,0.3671324710063601,2.054459758723266,0.9785873285025207,0.7633512682763705,0.2973631509373808,0.35439903098834896,0.28914071325178914,0.5034181315499595,0.42149878804046886,0.6567096847668324,0.40921811897153704,0.20051898411957628,1,5
SAM000246_tp2,0.27584288396420314,2.0515277449067666,1.016701364721576,0.7418302487063846,0.29983870454789785,0.37059938054561165,0.2590946193318439,0.5035056607009614,0.384931138192877,0.6143347913241716,0.36770362349351204,0.19011658447639207,1,5
SAM000202_tp2,0.32942601165002366,2.4736515775553043,0.9670424432045429,0.7487446834311716,0.3097576478123121,0.4215499977759138,0.3752882584476175,0.5916703328890001,0.4216231179676198,0.6386828155618685,0.45328676549487956,0.23528175113137798,1,5
SAM000476_tp3,0.5664091790764537,2.900871464052035,1.1080113959114184,0.7982403481520299,0.30384727604674494,0.5226288250660418,0.4361634040373866,0.6187990483494328,0.48815812101282213,0.6573597968837315,0.49701460133524333,0.2670046759719265,1,5
SAM000254_tp1,0.36285311210307236,2.1766781128331436,0.9460292372094209,0.7893075248517415,0.2832803421757752,0.33712415771978516,0.3316386159628681,0.49428211333995514,0.43335477268720174,0.6291048808347524,0.42333359651032404,0.2957761708044799,0,5
SAM000419_tp1,0.2438595098446915,1.6076394885108942,0.9393727848763347,0.717298942929049,0.2731125391017002,0.28257645466540676,0.23071894226504358,0.45732479452618385,0.41033206042432874,0.6224729263984201,0.32845596966578894,0.1579262387599184,0,5
SAM000251_tp2,0.4246201219612811,2.182282924895768,1.0217416680486522,0.7577174186514302,0.3116229563921767,0.37953340994830476,0.34012508896294125,0.5419397979326983,0.44645283635423183,0.6573361971841097,0.45428439365110024,0.21860803238013632,1,5
SAM000397_tp3,0.3092018188132604,1.943309554105316,0.9032549696754968,0.7303312821475488,0.28208061504179593,0.353800933511455,0.3030446548041216,0.45128092946033327,0.42286860173805185,0.6042852256225939,0.3593219537908224,0.16488625575136628,1,5
SAM000429_tp2,0.48413747680512886,2.578374661837038,1.0560861256863268,0.7163893437373323,0.31953566330598454,0.45047748352385514,0.36230305178250033,0.5756293777053435,0.43907977160581824,0.6525939086912074,0.43446301377565805,0.24610262682362996,1,5
SAM000398_tp3,0.3773605614280901,2.479707207542769,1.058396070504744,0.7426255166531693,0.3078951176782782,0.4217190258010589,0.34537262516794465,0.561945863110724,0.4162871990729634,0.6567937432062848,0.43708682625591394,0.24381566040377603,1,5
SAM000439_tp1,0.21576072597635956,1.400945545861002,0.8744541037923917,0.7723075548448781,0.2955974839206997,0.3009166298631516,0.24561272644132445,0.4068422044088418,0.3983104477806198,0.6312138215454394,0.32738112873253655,0.15137325624884493,0,5
SAM000518_tp1,0.31982376745896035,1.8145955327993546,0.8808424207816317,0.6836310633569487,0.3057475607061138,0.3993593846699353,0.32740175898783036,0.4803122498554142,0.4147788804205571,0.6025481566637301,0.3515635605511344,0.20874937630249732,0,5
SAM000212_tp2,0.3813531565177498,2.0994699770781478,0.8621593571357721,0.7979472402291059,0.2757828714446069,0.371006649323594,0.34590664137202043,0.5127038513816765,0.488993505719553,0.6406450659391858,0.37166540274370585,0.22515465240614202,1,5
SAM000364_tp2,0.5629188691907073,2.8797199961687827,1.0578902668079166,0.7473791442138303,0.30765017452024773,0.4900484119494827,0.4423775164359778,0.6480936206259946,0.4932883636038003,0.6563482794641551,0.4795886786057268,0.32331193235051403,1,5
SAM000234_tp1,0.27978410936708326,1.8572275624297812,0.9051676169100961,0.7476368891407483,0.28998795610321987,0.3501191302477581,0.2639965203632812,0.47068095161901446,0.4069988864973372,0.6352815611182094,0.37352681696135304,0.22867050275853315,0,5
SAM000285_tp1,0.2851062078382168,1.6856460655543017,0.9222930270023555,0.7627569621704999,0.28199008451193747,0.3243249132965853,0.26904927898219816,0.398540084494088,0.40401287457624974,0.6108184294584826,0.32334939753168584,0.17143184262894287,0,5
SAM000273_tp3,0.4098944287259861,2.26209911064311,0.876944910906466,0.7033114173692995,0.2776219980263853,0.4071286919691663,0.39957972218239207,0.47271309761144265,0.43672668907545914,0.6039247644744585,0.3916218406037195,0.25023204617504935,1,5
SAM000288_tp1,0.36970001332527214,2.103602123859229,0.8240437725952955,0.7356135218452028,0.2699341747414812,0.39042229321280386,0.31630580889413484,0.507485013374568,0.4379028592824045,0.6221876798257118,0.36752609747180087,0.2470540630310616,1,5
SAM000288_tp3,0.4138939441067284,2.2180147959732524,0.8777296115276634,0.7005785037082086,0.30448873224217815,0.41762685603733163,0.3516412558143939,0.5362822697274282,0.43927384520846907,0.6116082266610448,0.43254723287065594,0.21567239983634445,1,5
SAM000306_tp1,0.2943798946242265,2.130976518862592,0.8931514096608675,0.7780172971594003,0.3010418428887282,0.34557056619861237,0.3030363358254125,0.4992370658554021,0.4028123618786757,0.6137933806151827,0.4021865699216911,0.20829087512778932,1,5
SAM000311_tp3,0.4731001412854959,2.3424076869492354,0.8908461646425941,0.761589208239808,0.27486483484402535,0.38309377728869015,0.3314931821864342,0.5492370851005436,0.45182686616941276,0.6383615861611428,0.43152947121308766,0.25196069051305586,1,5
SAM000238_tp1,0.24197341274939219,1.5910783371915793,0.9944439232380716,0.7311268255075903,0.2866605027711802,0.3090071289773252,0.2278191005014077,0.39476757665498136,0.42819452143370185,0.6080150524081908,0.38517828230849316,0.17290481362948792,0,5
SAM000272_tp1,0.38170299767483207,2.3350770665671603,0.9189091541017409,0.7829617005829761,0.2986023491848394,0.43794194550975374,0.39780448945517416,0.5460898732479742,0.44025253822011995,0.6492810770681879,0.4345595104419123,0.20153336637636585,1,6
SAM000448_tp3,0.3537163966491774,2.379075065092561,0.9279144243636388,0.7248140125063992,0.31248428232766334,0.42837366117978976,0.3647992020917919,0.5859305807305304,0.41953976862784265,0.6348069401628623,0.4433080345574719,0.19851825328597708,1,6
SAM000223_tp1,0.4802330795259624,2.481693034264512,0.8753269910618379,0.7979525677594491,0.3081886138617596,0.45089490341472344,0.37161643427948554,0.6046385514832205,0.44389493325593216,0.6614238380788174,0.43086830112791863,0.2766694586720502,1,6
SAM000201_tp2,0.396624195711885,2.198899274651786,0.9906147075876954,0.7818745241088807,0.30185543612640564,0.44089026558068783,0.32073592702507725,0.5593460141135145,0.4194007641567047,0.6560515011982269,0.3997415320799041,0.2156141943364672,1,6
SAM000476_tp2,0.5785216744162889,2.8853791709090384,1.0472656842404198,0.8165978987870635,0.3206538248040131,0.5504843572773666,0.4174781977041373,0.6334047887303396,0.49282438523746513,0.6498442796676678,0.48254432729322955,0.2830712041426873,1,6
SAM000363_tp2,0.3564040710978417,2.1031646756842948,0.8615815717709571,0.749340824986856,0.2948969801351567,0.40487487695037827,0.3800011551069808,0.470240239747922,0.4660101199779193,0.6042592738120832,0.39601862841543933,0.26433370679285284,1,6
SAM000248_tp1,0.23602479358315434,1.583052678345253,0.8383801286359592,0.7368280399687157,0.2826808235232084,0.2640044229089051,0.22496546963378386,0.4463426942118641,0.38530950009826015,0.618116158152488,0.34174521156428533,0.14657479899250497,0,6
SAM000434_tp3,0.39376650416659686,1.9303494194327855,0.8187952847713662,0.7153469823409075,0.27261555364501616,0.3356339634742915,0.3273986647453493,0.46857672693119523,0.4743247577132811,0.6101340609095215,0.3972767654022282,0.21803034957995046,1,6
SAM000464_tp2,0.4495065424391905,2.542232226973227,0.9299023000819602,0.7538119277392025,0.2934847452684838,0.3989971443902634,0.4020464087661062,0.5513988722586352,0.4347460099682525,0.6456951348981693,0.44672943708802804,0.2971567307584114,0,6
SAM000385_tp2,0.5277638132900763,2.736939381624504,1.0601059592543443,0.7608190614531019,0.30128145841506343,0.4512692488383606,0.3875915350231741,0.5812794075520088,0.4525782497364172,0.6496989191955891,0.4595607927702893,0.28755923132520195,1,6
SAM000271_tp1,0.3819817501694335,2.3232514264294246,1.0265941663130902,0.7824350077497099,0.29941189570568905,0.41033390849046186,0.3436323007512144,0.5533783713679107,0.4251670904704576,0.6640868901943067,0.4026371915006057,0.2711075370453358,1,6
SAM000342_tp1,0.36666753937722474,1.8227813133555768,0.804072414478043,0.7413846668732035,0.273100823934926,0.34169739490762807,0.2978992908403557,0.4631346040738842,0.4420171936076406,0.6152391592185328,0.38822470640280665,0.23206472117301627,1,6
SAM000299_tp1,0.27721868121283655,2.0649529615762074,0.9227836864518467,0.7757463273482423,0.28844372634045823,0.3651920950816324,0.27770608811522657,0.47049834449310696,0.40941695540118206,0.6206257639436604,0.3772030167609441,0.2329571804012429,1,6
SAM000429_tp1,0.318094174530182,2.1177816153340796,0.9728371534190685,0.7372346619202559,0.29926890567412257,0.3491459971653633,0.25795225455881676,0.5062284264493265,0.3925387292809663,0.6207647802995082,0.382287073190457,0.20087275828955525,1,6
SAM000296_tp1,0.4589645151293415,2.5136906072804934,0.9765209296183821,0.8022848160948728,0.3048240166380485,0.4612313025209098,0.37320391991257973,0.5525358132565166,0.46905098625909836,0.6410811998567357,0.41454250857289815,0.2566246552617907,0,6
SAM000253_tp3,0.48575986685584,2.6888332157295274,0.9266031359727088,0.7621212000623094,0.2958880111470739,0.4934751162179377,0.3958502227713151,0.588664913719228,0.4500571623514982,0.6491443748787867,0.4399033776238973,0.2740542116896139,1,6
SAM000287_tp3,0.40567369989258517,2.3292048189170917,1.0975836788490818,0.7429808559613591,0.3037664744926197,0.3913600844137645,0.35351229893852826,0.5051082177484033,0.43604296972700235,0.6461143153643805,0.38181169992671343,0.2661907053269055,1,6
SAM000333_tp3,0.3943703977955322,2.1757933895260537,0.9335487977466872,0.7210747914993673,0.29077159025339305,0.39397619057932937,0.32632412801543076,0.5080576498791368,0.4487000818032586,0.6424890112726769,0.3682701087213291,0.1576178003109477,1,6
SAM000498_tp3,0.24750353394396402,1.787706781371588,0.9865751376752562,0.7841975689485201,0.31232170055854,0.3861111006777649,0.3025830245721213,0.4873250281769151,0.41375248912116575,0.5822651210323899,0.3971812976870252,0.21327758327289895,1,6
SAM000337_tp3,0.4936980297199409,2.591503757279542,0.9628766080098867,0.8149569979615096,0.2994694577164718,0.49805500344363773,0.4155067472282068,0.6150094077048462,0.4504975073650497,0.6655963493166869,0.4647169023214685,0.31096160022240715,0,6
SAM000330_tp2,0.48546111522624047,2.546250611019784,1.0436967542095859,0.7501578655420791,0.30564821577374895,0.44529980517974527,0.3923528048396424,0.5542549138033728,0.4602675077835865,0.6351137975403417,0.4283949871088219,0.24444198727444721,1,6
SAM000240_tp1,0.3421927683599283,2.040640827800233,0.9340921347768152,0.8317573462981374,0.31243437942197905,0.3775331055966788,0.33496469350731645,0.4904706390919173,0.4366247104479442,0.643374272956122,0.394704932923682,0.2435539610010861,1,6
SAM000309_tp3,0.5803831127684504,2.849653435967731,0.9365786493511753,0.7717329962016914,0.3113247580039149,0.537254395369507,0.49932559207297084,0.6070484760368884,0.5011286908278195,0.6523211068242918,0.4940266688965266,0.31742313490350466,1,6
SAM000238_tp2,0.25118519172856096,1.6723304271764108,0.8948188803943438,0.7861132010138185,0.272041517582859,0.3078137257512497,0.22719403783469805,0.43574251413661924,0.43668326585706585,0.6036168837388253,0.36046864977503323,0.16269737184509012,0,6
SAM000211_tp2,0.4029315178923354,2.4050337311115957,0.9307280283207894,0.745278373274635,0.29102444727231735,0.4569032140378945,0.3522552449080163,0.5666775966124317,0.4414648360519714,0.6382381998361765,0.4252669996645637,0.22584471292955385,0,6
SAM000410_tp3,0.3853154448287646,2.1912479024910967,0.8971828423296846,0.7249378638249417,0.2797716512058295,0.2883628400243564,0.3092603885578459,0.513287833662622,0.4384807656675911,0.6371028011334708,0.40713365385252276,0.2975985395995948,1,6
SAM000464_tp1,0.3349878686703596,2.104546320169475,0.8589649757633308,0.7792367834633624,0.27219570972379026,0.34111401661794166,0.3100269803510843,0.49554969545475447,0.4240430448048202,0.6318756912768082,0.387731508830853,0.22407338929596107,0,6
SAM000323_tp1,0.1101455273478324,0.8785263549317601,0.7192364568678492,0.7281003276167963,0.28647256496546325,0.22901935714230726,0.18213350538331904,0.3194391823289815,0.3672579453988197,0.569661751365307,0.280938157759246,0.1193279193148407,0,6
SAM000329_tp3,0.2577090912758479,1.8266465435726715,0.9269876695035361,0.7461883906749759,0.28601666497566947,0.32346388103821183,0.24233596771905777,0.44642386123805927,0.39133430704181704,0.632181370253263,0.3397761690485762,0.19685846680475266,0,6
SAM000270_tp1,0.3932769791564904,2.4172432206573093,0.8335643051825444,0.7615368165968271,0.3030990821135624,0.3934515068954624,0.33253895147543944,0.5272549469464224,0.4146458185812134,0.6193190736691377,0.4387653489240064,0.2939881508797575,1,6
SAM000302_tp1,0.4362381648374852,2.6041346419935865,0.9121091588288652,0.7945657011586735,0.27951549930870234,0.4054587550245436,0.3650053346779747,0.5465771195486656,0.46331020536909034,0.6407393066272228,0.3982204473864032,0.1738855427846147,1,6
SAM000535_tp1,0.5117226618930149,2.453556008966268,0.9061105217923323,0.7758033923715622,0.27986882723617285,0.43689736945092017,0.42053992177159366,0.5708040248023809,0.4868356200821829,0.6640329934750576,0.44153141063914497,0.2629541352343359,0,6
SAM000426_tp1,0.47614923994963204,2.539453599520717,1.0350222985852464,0.7891426047289885,0.30057755646270345,0.45949863541732844,0.40935709521035923,0.570708748790737,0.45497539820651595,0.6353050173168814,0.4401275133395913,0.2544486817057387,0,6
SAM000256_tp2,0.34753302547232356,2.101907161124161,0.9370774503949489,0.7388692540299006,0.29454224448021005,0.32987158369866987,0.297697972514273,0.4716582416033547,0.4079309521127326,0.6094929916242598,0.3569637952695252,0.21545357952586983,1,6
SAM000416_tp1,0.25583214675355825,1.7261547596957134,0.8064097764578629,0.7690497552955006,0.2960598398249128,0.3544769939333634,0.25684647263486027,0.4573523468039989,0.4077306658800751,0.5910838898710281,0.3384819529725045,0.16688642291483297,0,6
SAM000361_tp2,0.2748864014113689,1.7730064208965026,0.8856249270760967,0.723950726904007,0.29003149354589963,0.3269260062165065,0.23816240212688972,0.4179323624678042,0.4439506564529423,0.6258766777770108,0.3505807788591143,0.19479780046052006,0,6
SAM000250_tp3,0.3214186777873069,1.8438142725431548,0.9228447499692417,0.7397091154928233,0.30541676254545874,0.3723683406066579,0.3347490056478155,0.4974986678848447,0.41115624094307995,0.6254778349724078,0.41339208742782924,0.1750829742805912,1,6
SAM000348_tp1,0.5096269071914253,2.641045624897215,0.9877308081561081,0.8021364962830071,0.30267988159253745,0.47114175871209973,0.3401059049417806,0.5822732293615553,0.4578832150758616,0.6528793214730848,0.46819560430733637,0.27809332963057404,1,6
SAM000415_tp1,0.4119968065890741,2.0130904353050623,0.8726488454441427,0.7798610498150951,0.2755611707723433,0.3805449941849553,0.33129584185936234,0.4668213331811763,0.4618283885049873,0.63610124821366,0.3726500762237319,0.21214272785914118,1,6
SAM000484_tp2,0.3384042706757376,2.0492434811953615,1.042937571872199,0.6991418775170307,0.30276374808442447,0.36651932630011275,0.29710503732422355,0.4958857916869497,0.42770439658380205,0.6203215546763906,0.3997295196519984,0.21679493826222682,1,6
SAM000359_tp1,0.31625102424184987,1.731412780586268,0.8676848127283929,0.7517358751888534,0.29228051704788915,0.3063469095726175,0.292620100065099,0.48203294152849024,0.41851201744838057,0.6322495756742739,0.36170534232063545,0.18587681283514093,1,6
SAM000436_tp2,0.37823260000011627,2.1830868050995287,0.9616229810376734,0.7591800273515578,0.30788142760856413,0.4409764148225664,0.33607037685645286,0.5077495051446511,0.4018357746791743,0.6308440526060387,0.4275671344153487,0.21170651206114022,0,6
SAM000319_tp2,0.48271525773744917,2.6718435866245382,0.8384744607183131,0.7544120728538876,0.2937326081347107,0.449311537539325,0.4079802786511555,0.5492601450124078,0.453219863004019,0.6199267611027249,0.4453475113481013,0.2401363370244334,1,6
SAM000352_tp2,0.48040211046596154,2.5243993668193356,0.840879925084994,0.7346555039526467,0.28980042673094764,0.442087777116982,0.40975290947939685,0.5720486928631615,0.47727633154978816,0.6413984570081638,0.4520110526031795,0.26419682824431195,1,6
SAM000433_tp3,0.3763984232983686,2.1783790944293924,0.9756233960842411,0.7695726871567392,0.30732267674943586,0.4186955231646484,0.3657337879098603,0.5025562456772964,0.4571325521332961,0.6488681536104757,0.3934726008843601,0.24036657206269646,1,7
SAM000370_tp1,0.20729046340132162,1.4208531270058713,0.9718114460808576,0.7350976135100434,0.3027826183603473,0.3008788676700926,0.2544209156513346,0.3751983191956871,0.39116802860378885,0.6026866413840999,0.29694920904808975,0.11455992312445425,0,7
SAM000471_tp3,0.5192886501030067,2.728310007624253,1.0689886587571298,0.7634892586218204,0.3133471243629831,0.4875573662114289,0.41221015448415316,0.5949277125298024,0.48248169706288335,0.6461193213858286,0.4465298091891546,0.2825979305282793,1,7
SAM000400_tp3,0.5150927000370022,2.602649163676273,0.9645564695506968,0.7803210726586591,0.3047710184057916,0.46747892672089464,0.4023380393287654,0.5810474300670904,0.48755960336938187,0.648623772154209,0.42615706252137336,0.28613154199905,1,7
SAM000332_tp2,0.27795042359791744,1.6801896252845099,0.8602357830064019,0.6998484379287936,0.282416924657978,0.2978303677771559,0.24016617387842384,0.42352017373650663,0.4189338005374482,0.5996474583988689,0.32778170552096647,0.19782171321815767,0,7
SAM000350_tp2,0.35321124602765325,1.8675404079103641,0.9314478396229947,0.7299419077861699,0.2883421315890409,0.35058222423746016,0.2956318629393785,0.4711252296454543,0.4198507591014623,0.6426295860416805,0.363810857006511,0.1772696633229477,1,7
SAM000426_tp2,0.4459340163952863,2.446105132777533,0.9914051039343194,0.7793616153612732,0.2842060604590253,0.44267653641467963,0.3717538726460681,0.5363360929111181,0.4639422780664186,0.6691361529165064,0.4282843038225709,0.24550524463832207,0,7
SAM000429_tp3,0.5290691268089722,2.640114054248237,1.003646762355334,0.731587319288624,0.30459508404748753,0.453586690309499,0.3925424686216825,0.6054717225024074,0.4450835543395904,0.6695098716710592,0.41610226622876056,0.2833008835950667,1,7
SAM000261_tp3,0.401457681714069,2.382647721269608,1.074257986519451,0.7464968303508384,0.31116166393070455,0.46253108428279177,0.3718177076918465,0.5521426036522358,0.40733343822780604,0.6132940306571985,0.40374211278848554,0.1973428102051472,1,7
SAM000233_tp3,0.3392834824160652,1.9502263195436529,0.8540093857199406,0.7389966664822265,0.29777421280862876,0.33225119204635284,0.2907497006266688,0.464986589702403,0.43003465720535033,0.6131088963148111,0.4227414401426919,0.24316418481164295,0,7
SAM000458_tp1,0.4386922387806629,2.42440779264921,0.9731648536747176,0.7854404673166175,0.31161657279278926,0.4096688434316124,0.3808367365391622,0.5152297301147974,0.45004225996079567,0.6306500142694101,0.4619246182150017,0.27256024621568675,1,7
SAM000477_tp1,0.43286496998611185,2.714217800793847,1.1179338233037341,0.7664169389423698,0.311752013663962,0.4575935854828384,0.37226818437411713,0.5933986286639669,0.4462259430219248,0.635117356609388,0.46477176287581123,0.24503194362496006,1,7
SAM000411_tp2,0.3892258065415097,2.169357474793457,0.9789384068106153,0.7335941522457405,0.2878650463414089,0.37247857145061514,0.33491408837102266,0.527665924471893,0.45405694462339885,0.6561870962144526,0.3695479647875603,0.21303948693038882,1,7
SAM000336_tp2,0.33431256724786773,1.8822661146663742,0.8930171171164314,0.7641167330101598,0.2987471335770732,0.3638152542158235,0.2770882884825782,0.44561831349387354,0.42323457378868534,0.6496319449627785,0.37850188303089033,0.19962038312559988,0,7
SAM000394_tp1,0.27145029176429314,1.850201990032479,0.8793837946625176,0.7610784773871246,0.2802190183663832,0.3200264391101786,0.2453125859557738,0.4689126479267573,0.39334759361250676,0.6151982034908715,0.3506887495784026,0.22349983599574422,1,7
SAM000217_tp3,0.27945378163668955,1.7881119894003275,1.022215882312266,0.682567286700293,0.3024454674648118,0.38012444888716784,0.2735105804888651,0.4027123333361834,0.4053049014074107,0.6221490925723687,0.4173235983444848,0.22475050677046682,0,7
SAM000270_tp3,0.3040437217860219,1.9476721752992936,0.8637452438734112,0.6995057647593279,0.29435667258348863,0.34913190441757,0.29162418180156185,0.4305761728456941,0.43153877509134864,0.5990871534842256,0.3472807809787225,0.1996681115956078,1,7
SAM000210_tp2,0.45334292318528396,2.359426667568217,1.040636028463195,0.7865556133683457,0.2914682889367841,0.4166522066677361,0.4122632416953386,0.5616031020487917,0.4707856765251581,0.6586043473262677,0.427936504199907,0.24504999750239737,1,7
SAM000370_tp2,0.15379020244826164,1.061930785575087,0.8895556079019896,0.6982895642310021,0.2824141159808239,0.2519521899827761,0.20587194691498364,0.358341935581008,0.35592817534247756,0.6165572732144847,0.28023102414564627,0.1235734871416861,0,7
SAM000356_tp3,0.3824242092213669,1.9996504397676766,0.8594858969253033,0.7490292663933252,0.27816344781732755,0.38453155072309075,0.32684121457623155,0.46968923588638795,0.4745044081327184,0.617333737518529,0.3736054601757602,0.23195517623015835,1,7
SAM000291_tp2,0.4116995311849997,2.4934119844681857,1.032528280867047,0.7429325271388315,0.2726648524939847,0.3917944987925532,0.35457297774468727,0.519941266173518,0.4498893667916727,0.6524202849558901,0.36562493880537583,0.24582594251872586,1,7
SAM000448_tp1,0.27453515880200696,1.973578899184278,1.0864175842416255,0.7830035634461587,0.31594933996842156,0.36675537919901563,0.25609469233768417,0.48357201364994506,0.40029999302342284,0.6435530849776576,0.40107185529349926,0.2059464879359052,1,7
SAM000356_tp1,0.46439298874082324,2.346952917785639,0.9866544937879513,0.7834935811126549,0.28784400102004565,0.4713558121715537,0.36746771144843576,0.5524147147237365,0.48111757853971054,0.6445997944380555,0.41448756376314116,0.2711363920007056,1,7
SAM000325_tp1,0.2706858483244499,1.9823553698536045,0.93026780578417,0.7649346462786621,0.28956618506735937,0.30357679055971487,0.2976095895225497,0.4736241098620047,0.3979854965794891,0.6133388016186466,0.3725033368145199,0.20786699593966584,0,7
SAM000314_tp3,0.4220896515093097,2.2370870647642276,0.8871276654971177,0.762309989185816,0.2759341038117762,0.38995156145073245,0.3892020559476579,0.5022889208544205,0.4674350562855684,0.6264253609519624,0.43489612229520935,0.25531268951379604,1,7
SAM000411_tp3,0.4882909542496319,2.7922644727512416,1.1609445954284068,0.765550086805543,0.33035027326567823,0.5133567964247819,0.4074858840049712,0.6079392440189885,0.47619006255677654,0.6708521357486478,0.44145420458512186,0.2812895763917444,1,7
SAM000320_tp3,0.3969283995825074,2.153944785599931,0.9448133662840205,0.7430905053723957,0.30083644192720543,0.41231139979997644,0.3274980476070356,0.5390270465867868,0.425844678545402,0.6417498714534084,0.4180038662647236,0.2315443885880037,0,7
SAM000415_tp2,0.4629426181372539,2.403179526955125,0.9203608524293506,0.798427771839683,0.2891768859076659,0.42418002314329606,0.38175282036523966,0.5192161393929495,0.4799298820609287,0.6596319800286092,0.4045767443514295,0.2529250436318897,1,7
SAM000275_tp3,0.5506355583212007,2.9714030515679064,1.0727282542094874,0.7893662557748046,0.2997615992461533,0.5218933702919447,0.43943514470974654,0.6271088878483595,0.47517315758775774,0.646907610223556,0.4649851000745307,0.32201901985843717,1,7
SAM000422_tp2,0.46788132600440335,2.3558260854062847,1.0760307016689727,0.751879488528705,0.2893209264728308,0.46153195833697075,0.3763646185961409,0.55401978736219,0.4830172860627686,0.6437907451357249,0.42456582158978323,0.2220845610632451,1,7
SAM000524_tp1,0.41480460578147954,2.4193177804074164,1.1488874603074712,0.7494004876536671,0.329672270175894,0.4807628250048689,0.37899007101168797,0.5402899681638907,0.43199529918288015,0.6450240527958744,0.4678930478894898,0.23216094398583306,0,7
SAM000226_tp1,0.3590688071981797,2.281472475180941,1.1368604876739858,0.7727270841800524,0.3135662030655879,0.44356519369248,0.3501322347150928,0.5610380484291072,0.4469295482408161,0.6252801632605853,0.4643122502121723,0.22321620063811018,1,7
SAM000400_tp1,0.47800696482948335,2.188902731143039,0.9150715588848978,0.7988763454272982,0.2902123574154747,0.41068232173561575,0.3764016370024762,0.5385819944010992,0.5007295598384672,0.6459679487489315,0.3947103522870078,0.2574530989678238,1,7
SAM000452_tp2,0.32218006906258284,1.743403362775228,0.9612786365754917,0.7196053139650822,0.29474206381463436,0.32553419239134646,0.31266413802080173,0.48200935049784005,0.4023352393458688,0.6392636225153419,0.3867668546573169,0.19406504909160907,1,7
SAM000247_tp1,0.19115975380460973,1.2922699476608408,0.9159102676711827,0.7363899080985067,0.3034820802953352,0.2894332425935848,0.2647839739587041,0.39088161407308364,0.35633240081523193,0.6284166478875278,0.37429883360912664,0.1342669993086353,0,7
SAM000283_tp1,0.26469568418233896,2.0295251075205423,0.9242447109072609,0.7793062448266949,0.2940405714230381,0.3466540555748213,0.27380536459097554,0.48177432440841117,0.3818900290831658,0.6301033862933442,0.3399950079684475,0.18185086809693662,1,7
SAM000205_tp2,0.2207659474553441,1.7583472497123127,0.9699719363543234,0.7469988030581076,0.28870652116061435,0.3438594427609998,0.25776170981943325,0.48703505140895975,0.382925843088278,0.6230424582172371,0.4062818013091669,0.1736667673297692,0,7
SAM000301_tp3,0.49277960440646784,2.5498188480239286,1.0316645556437778,0.7482293065827541,0.3013230410233453,0.473157192122839,0.43128254240793873,0.55996696602311,0.4751309746148401,0.634976666571106,0.4647408423558229,0.296984054214765,1,7
SAM000275_tp2,0.5310617477585933,2.855472388171317,1.0492384525392158,0.7646235223381181,0.2975874193866684,0.503405632765283,0.42461840172151727,0.6211766877274094,0.4818429039477735,0.6369630388212166,0.4300335216029287,0.2809107574248718,1,7
SAM000299_tp2,0.3508452127913532,2.032148170688699,1.0177868070469807,0.7324153232862739,0.2863346179078173,0.3424428489955209,0.2880047652736839,0.4875403293512218,0.39720669283878,0.642628661205306,0.38570042081251943,0.21548121664648548,1,7
SAM000375_tp2,0.32211146645778543,1.8582384313469966,1.0695974021277663,0.7366006508087116,0.2972305949274562,0.34745990807798804,0.26822530996010807,0.46106387303081253,0.40752926061914685,0.6389413538715059,0.3805353079859806,0.14751956078709572,0,7
SAM000523_tp1,0.4738664835616931,2.4900591847824836,0.9523210228226475,0.7411707575249753,0.297244552773132,0.4641392244269064,0.35342380877305274,0.5479662184588204,0.455056742750374,0.6570071801564703,0.45978282412455257,0.2955500129656357,0,7
SAM000263_tp1,0.33046509877055025,2.383048340238496,0.9916672471898506,0.718441617149083,0.3153864883406564,0.4098045579788905,0.33484564297687297,0.5546163626759908,0.3830425978431185,0.6309755687093915,0.421383736525829,0.25414864553900746,1,7
SAM000352_tp1,0.4277493145075574,2.5177858183992057,0.9067194292049952,0.8059857284539257,0.2899776613944674,0.42508753154917267,0.3689204320160252,0.5613464352959034,0.4783385589753905,0.6551526568811363,0.3968692768176403,0.22516758178294233,1,7
SAM000422_tp1,0.533524723760575,2.409385806687891,0.9706668249964029,0.7934424805641601,0.2897142289736811,0.44091097533573864,0.4396939662822747,0.5850013057843862,0.5251823852963592,0.6625717714585175,0.42801491450880413,0.26226544168537974,1,8
SAM000221_tp1,0.2810864428665099,2.040106484853465,0.9253283015332606,0.7153198809573279,0.2978786788357717,0.36198400663052743,0.27584936867134086,0.47896651410857294,0.42351924944132435,0.637516366395516,0.40015554129654163,0.2107909538612224,1,8
SAM000293_tp2,0.38174255078308117,1.9125046537610604,0.8182259626898782,0.7626706896803018,0.2880282160483771,0.3400966015997799,0.3444699202340606,0.5038833643666062,0.4530124783235322,0.6398294173914113,0.43370090147813584,0.23552376058952254,1,8
SAM000251_tp1,0.4367083281966863,2.3729774460917414,0.9272199564048356,0.7855554097944766,0.29387109865800265,0.3741060590398002,0.3785233271421989,0.5592419288013278,0.4683240285357477,0.6493479642416555,0.42826033771039784,0.2351722481354941,1,8
SAM000313_tp3,0.32957425413219227,1.9974938549313694,0.9481679600237404,0.7682961153710558,0.2959864657991801,0.3223008897859127,0.31086368367159034,0.43465265604064895,0.4254378731663852,0.6234095327610424,0.3839271259964574,0.24706005142550272,1,8
SAM000382_tp1,0.34305710002195483,1.8515779801351904,0.8139845672720759,0.7460215040653461,0.2902898143035275,0.3324765215235119,0.26775326235900004,0.5020592423486795,0.4282409880262867,0.6365815506131534,0.37793829924934946,0.20961702560295753,0,8
SAM000218_tp1,0.2320055267663268,1.6613858812902331,0.9086208430336515,0.7486603233551301,0.2866517584995744,0.33399334359447996,0.25936556108243325,0.4478393684678522,0.41711113219724427,0.6216640020637739,0.36083678806219643,0.18555367313354337,0,8
SAM000407_tp3,0.40154840000266157,1.9374328535199226,0.8813402419269916,0.7321980959003715,0.2788590374867815,0.33089105878516084,0.31200308513029656,0.47190664035872393,0.43213691242347063,0.6181919232091193,0.37141872029351125,0.22579014881378653,1,8
SAM000276_tp2,0.23027921005255042,1.7002092963092519,0.9629428616567479,0.7709919617553841,0.28830717340636824,0.32455726477779906,0.275921881260363,0.4505457366470606,0.38419747692634587,0.630708630444398,0.4004460801256277,0.19844438099680295,1,8
SAM000231_tp1,0.21696612658833406,1.5720546758244347,0.8827924160363981,0.796788459490203,0.2952710924741998,0.3169145880241664,0.2588790764571513,0.3969834748770079,0.41915380733535557,0.6328013008461376,0.3474783336923503,0.18596860434200554,0,8
SAM000349_tp1,0.3669835279098356,2.1488255890777914,0.8673123076246461,0.7832448962595443,0.2823221628111926,0.382042623434523,0.28798069713665536,0.545379077623917,0.45706637585441634,0.6448492735474969,0.37758098269790075,0.18791603496194792,1,8
SAM000316_tp1,0.4805336169066503,2.452531264465408,0.9214136772702382,0.8002581569166238,0.3091493789634585,0.4620566840695522,0.4113201644694513,0.5817099512022584,0.46931336843272853,0.6321270163356756,0.4644650231151582,0.2425693401456706,1,8
SAM000313_tp2,0.3200369797269256,2.025426320223006,1.1099709811578071,0.777814405026866,0.3172056608913156,0.3812400966455055,0.2922189015216477,0.4862311055932879,0.40169983463958425,0.6163853732164939,0.37965286190006636,0.24183022970708476,1,8
SAM000290_tp1,0.3379782609702611,1.9961316944563365,0.9503495751377921,0.8034900350440143,0.2989303100044783,0.4065236584387844,0.3564550553350419,0.5258748806761758,0.4377233771094875,0.6582791301606937,0.4161446920777982,0.18309380480259496,1,8
SAM000498_tp2,0.3994200406766229,2.5126583609937225,1.0396124457422917,0.8209370409611085,0.3217061559545982,0.4580749552288757,0.3831687042040827,0.5826310440110797,0.45210379106105264,0.655499962578404,0.451968208226962,0.25441537819353005,1,8
SAM000228_tp1,0.2726101396429803,1.9679570366369996,1.030748741831073,0.7856936406298015,0.3165248526449793,0.37023465463001964,0.2861846818802592,0.5302537818995955,0.37100451685170094,0.6428549486856481,0.3923255002877235,0.1866778626794864,0,8
SAM000271_tp3,0.3453281456830992,2.1480766359270147,0.9662385098039573,0.7360492532329087,0.29026564511431296,0.4206414764668304,0.31979095907774335,0.5088689184218848,0.43322488927108405,0.6297148528399338,0.3619377220581627,0.22057934817542094,1,8
SAM000308_tp1,0.3967838120109953,2.336610111783596,0.8492136629632894,0.7737972497097609,0.3088247647723242,0.4390553310738149,0.3340316486057251,0.5353987128983887,0.407151421996637,0.6250840451774171,0.429293997858103,0.19704549953062134,1,8
SAM000275_tp1,0.5089187663757229,2.666093943752324,0.9862032919810368,0.8104825698602494,0.3114695689588063,0.5390998844856246,0.4283733177526128,0.6235972479616343,0.5043486006201956,0.6598727835051739,0.433079218651647,0.24962760936316455,1,8
SAM000353_tp2,0.35221163084602247,1.872930116394639,0.833492737864885,0.7085679719751488,0.29432701856727184,0.3572180321570261,0.2698876455960887,0.48892727801576524,0.4286421196614901,0.6101457938115201,0.37203449306093395,0.18163058341407898,0,8
SAM000327_tp2,0.3298934521025925,1.806303130464954,0.8720303211501365,0.6934614253726147,0.29735923621134036,0.33297934391487166,0.3280087658171691,0.46059885128132744,0.4482403996517946,0.6198638859149065,0.3754564148040287,0.19620835893754762,1,8
SAM000368_tp1,0.212304185517112,1.697683620206624,0.8708611159154458,0.7739831724366791,0.2764813179137742,0.32371984911915386,0.2083014147935659,0.4112066244440421,0.4028365637056688,0.5866911089173175,0.35809242492931553,0.1443833294775132,0,8
SAM000447_tp2,0.2180944888327202,1.442086813358332,0.8969620893252794,0.7261593821208706,0.2994032154038835,0.3127044970149775,0.2517498209421945,0.36920160861318,0.3559978444880486,0.5990381951791681,0.36734222535780847,0.14218260044854433,0,8
SAM000526_tp1,0.26729821040012997,1.7879475225049857,0.9827181358935014,0.690179829750837,0.2804900462901524,0.30923284497683967,0.2662645324056117,0.5055681448126232,0.4091242595253679,0.6327265794581715,0.3722321548948754,0.16892709993717075,0,8
SAM000495_tp2,0.4352168932098052,2.443095642491499,0.8978210275362162,0.8118583321829389,0.30317125696443326,0.44020918283097993,0.3679868841887067,0.5606606241258657,0.43816376848132366,0.6342200028255597,0.42125545599212644,0.22627089735093708,0,8
SAM000222_tp1,0.27942119461917875,2.0288490149916165,0.8527389087154876,0.7988014872499969,0.28504956711504104,0.35838138322378504,0.2648386641684402,0.4663194123595927,0.4000290457586793,0.6206734138629205,0.381724798463385,0.17198687189070483,1,8
SAM000386_tp2,0.3549103992825473,2.008402296031269,0.863319333139933,0.6833464758257638,0.3155715696532135,0.4036111766697716,0.3119618641456116,0.49670484775287405,0.4132677071146836,0.6073455341668946,0.4279952424965567,0.18482093625882182,1,8
SAM000375_tp1,0.34397742248309127,1.989154200861873,0.8840084315058974,0.7939470869203258,0.2985243259453227,0.37277962259554387,0.31042371411433967,0.4940393497375484,0.4151246267459075,0.6310476331672498,0.40566474844018324,0.18363172733173644,0,8
SAM000425_tp3,0.4187790267884668,2.168847029629328,1.0665085148560187,0.7085313291056663,0.2818349161201476,0.42069690982354613,0.3869720261985363,0.5557371433759636,0.45542613355883377,0.6480622978868533,0.39454334476315334,0.24086746724224462,1,8
SAM000347_tp1,0.19228165943118206,1.4148717535416473,0.8251541488881878,0.7370762070522399,0.275058078718269,0.25232236616310305,0.24145862452708733,0.3465609111991456,0.3813575660114373,0.6078950730345519,0.32238647482002797,0.128780956205566,0,8
SAM000265_tp2,0.44454268042876194,2.336453204481932,0.9064795484421623,0.7622541416451414,0.30718099456939657,0.44125878671892044,0.3349617746379118,0.5614394395387614,0.41407757332298367,0.6393029511700434,0.44741166177925934,0.2815531357022718,1,8
SAM000258_tp1,0.43541263587299023,2.237703246288205,0.8921507543612118,0.796546095180952,0.30652198995789387,0.39976299545865424,0.32648277983187746,0.5307731830939922,0.4419182389667567,0.6237459305029579,0.4141637024782257,0.1886787430739539,1,8
SAM000319_tp1,0.36730430472219666,2.062321651352068,0.8770028445099755,0.8134724785596816,0.2907488635653521,0.3870296741884335,0.30395703281328024,0.5047773797209374,0.4393517541210914,0.6087695482233999,0.4027006240981246,0.21956435927400883,1,8
SAM000263_tp3,0.3397715690663464,2.128743115744788,0.8687133599640059,0.7123502522175259,0.30870649015711377,0.39853545995647527,0.3669870255683263,0.4859494201192864,0.37784981262460254,0.6261420613602643,0.43758396204334055,0.1978421711568789,1,8
SAM000315_tp2,0.31112971008650075,1.7714911758331917,0.8683028407098482,0.6956880134792813,0.2860962907652141,0.36278339697337314,0.31364861448863546,0.483752895345323,0.4306568904868602,0.6078398517120324,0.38911252349063363,0.21876934286920818,1,8
SAM000266_tp2,0.48039468299522986,2.5134618249424263,1.0426853008816765,0.7927095439762739,0.31544249983131006,0.4829322702266031,0.36922847574787043,0.5814061551731836,0.4651505562361838,0.6596264890804784,0.4622591198098771,0.2434627003411648,1,8
SAM000394_tp3,0.3765004461613287,2.237173096689531,0.9779194859873056,0.736021622066108,0.2828812763251942,0.42908646926359184,0.3392220983097151,0.5212953222596854,0.4569044589445504,0.6386837019828489,0.3783726061831196,0.22275207281883186,1,8
SAM000385_tp1,0.4998639150719068,2.752598849887976,0.9040601202966739,0.7953735970124926,0.31142611925186825,0.44960940489543944,0.3555319941474974,0.586028032911359,0.46362635982741046,0.631495408819803,0.4321862995381008,0.2550654332193623,1,8
SAM000202_tp3,0.37925558028731937,2.5087651273638407,0.9956293836473122,0.7490752667289994,0.3098004147745128,0.44082625894262834,0.3630427172211919,0.5517280682790343,0.39977330589515797,0.6282650312196154,0.43266988618099816,0.24199746431401184,1,8
SAM000407_tp2,0.42648166557422174,2.1587222921148728,0.9738977937584814,0.7402652876463308,0.2984952590358814,0.4311393023336916,0.3971853866841331,0.49348632635572803,0.45348959091665164,0.6451488535105144,0.39468286668993646,0.24984592793084334,1,8
SAM000362_tp3,0.4909993261554478,2.5385517103893,1.0219676651778153,0.7944571827378334,0.30285432799856726,0.46780129427004674,0.4134625840006966,0.566493956092649,0.48162010789552734,0.6482928622890701,0.4292239494289444,0.2646980324994031,1,8
SAM000515_tp2,0.3777726031643077,2.125221046519101,0.9096564553648051,0.7421640297285385,0.3042806881230778,0.3935544112409682,0.33402825834746175,0.4965785388088092,0.4007462605008116,0.6511526561689103,0.39335117250897333,0.24263917314866812,0,8
SAM000529_tp1,0.342480139395995,1.8657649066339592,0.9481451796689313,0.6731198807175928,0.29655029182327436,0.37232702743278134,0.31720449479932306,0.4770199006614083,0.3940391015103771,0.6304934684170788,0.4129107112023506,0.2167736204995371,0,8
SAM000220_tp3,0.24733687266975257,1.670895457160048,0.9869505027848176,0.6739832983971036,0.30535969822172376,0.331108191775451,0.2709899658125517,0.462048098944453,0.390162043843593,0.6150873767430166,0.3241531098584997,0.14491206233023127,0,8
SAM000202_tp4,0.38392551560553606,2.563472962658347,0.9036843120383602,0.7592237999286013,0.31764080564024744,0.44748863686567364,0.3384468417183088,0.5729090427724097,0.3858260379249878,0.615658109323347,0.4281903297280789,0.2285494180477932,1,9
SAM000332_tp1,0.28837174031652923,1.8082655432201682,0.7920186348833549,0.7334141246088308,0.28811015346194535,0.3498689533900143,0.2477636331318788,0.4193515600930273,0.39805498418774143,0.5741516248384534,0.3467547300270659,0.21337591272094905,0,9
SAM000485_tp3,0.35328415630208715,2.0289472159826376,0.9231812574552564,0.7362500556187354,0.29981552486751634,0.3225333319851646,0.28916793059348733,0.46297410342899803,0.40435362075803943,0.6228814806508781,0.38294164202773123,0.2243159459582459,1,9
SAM000485_tp1,0.3672334647359245,2.0582228138232477,0.9034128430485536,0.7633933399599736,0.2827657729764618,0.35871738665305536,0.31092440957906026,0.47460072613385756,0.42956076564137713,0.6232509237228151,0.4058589889912502,0.24598615706344606,1,9
SAM000415_tp3,0.4705554761107876,2.3173946312532623,0.9102378343393623,0.7537119616275845,0.2910851075718839,0.3897539727033193,0.36245221741066347,0.5053040658929318,0.4390934434737029,0.6472639667037547,0.40906578674287225,0.21277891979678032,1,9
SAM000283_tp2,0.23532514272801563,1.4481791854084316,0.8423498564568077,0.6999716204946163,0.28653690914776697,0.3008166678795831,0.22493643815051317,0.40713097594379977,0.36131566882874017,0.6207994990147495,0.3260773843444553,0.1315523710184602,1,9
SAM000209_tp3,0.35439179456018344,2.11388031197628,1.0092763423523237,0.6994841610621876,0.3091737466884237,0.40871633562715226,0.3660543843690201,0.494255437051552,0.44760897509665354,0.6136609390964228,0.421836000670157,0.2079115823004151,0,9
SAM000337_tp2,0.4243990902969623,2.2344583334180963,1.0505056502749097,0.7671837404539275,0.29958990262235075,0.4362299520921731,0.3833493718088156,0.5381672577820189,0.44890552578578286,0.6484565195603949,0.4075366995449945,0.23892943143197068,0,9
SAM000452_tp3,0.34982353421131734,1.9028782859758824,0.8585506871061015,0.7417158314371072,0.28257056253743473,0.33496630491186813,0.31366520901330774,0.479223332936098,0.401655472115864,0.6308231826829764,0.372285066791315,0.21863019028923833,1,9
SAM000290_tp2,0.360861949500656,2.406829771620662,0.9707038775807433,0.7384550183685239,0.2985135526290832,0.434444661616487,0.3275216998550283,0.5503532849885248,0.4416855119860301,0.6488607132201932,0.4092804362407726,0.1880256315901145,1,9
SAM000241_tp2,0.35158468834465617,1.8775173230516287,0.8672479600969855,0.7301814994493054,0.2718379197376285,0.33383036158959717,0.27396015894470915,0.43415576751232365,0.4302070634296071,0.6376111526431005,0.3647881098770167,0.2259917813923535,1,9
SAM000230_tp1,0.2644130805887621,1.6368220371565658,0.91247843712096,0.7753914766732244,0.2995795786373754,0.2876960810436397,0.2754592420700973,0.4523773649221747,0.3822939447553886,0.6258633487565111,0.32140816364239727,0.18566586853627437,0,9
SAM000245_tp1,0.47934453209623856,2.6622117627249815,1.0502916717468516,0.7902192891116039,0.32646807100728564,0.5432472379565602,0.4162790374395393,0.574750485306368,0.46948529957472884,0.6366524249032078,0.4505419336253288,0.24042611514821016,1,9
SAM000351_tp1,0.4691574838517315,2.4501241532100524,1.0255384774812248,0.7767848053568538,0.2931519517323407,0.4605993672122207,0.3909562134763348,0.5897844834439707,0.46549562347439166,0.6647160106902357,0.4413786123513647,0.27348771173375863,1,9
SAM000484_tp1,0.32777059059184993,1.9182553815727694,0.8139812045210192,0.7014470687091021,0.2722966199524752,0.33806320604635426,0.2666361267923701,0.48849884029939245,0.3944411585844231,0.6044615745673284,0.3657435216362672,0.20904007082267334,1,9
SAM000305_tp2,0.5768490354259461,2.8300858506750255,1.2560677659310193,0.7988206141707033,0.3433953047256786,0.5712272459106001,0.45976806534987646,0.6264492583113516,0.490964986592354,0.6629848915830857,0.5174490907623587,0.301516699951147,1,9
SAM000396_tp2,0.3127850095363045,1.852027476934436,0.9585100137216823,0.7773416731305595,0.2836408036188768,0.34871153058381615,0.2852391860863891,0.44783309032644175,0.4237505027579681,0.6376091107011201,0.32972421016387515,0.16722737857187028,0,9
SAM000335_tp1,0.40487917142697205,2.3997644828644966,0.9391377411485634,0.7686452318084918,0.28160408451608065,0.4447363393727795,0.3719108010447993,0.5237255768503566,0.45965240364970705,0.6435999421167006,0.4170267570408238,0.2579159513409966,1,9
SAM000420_tp1,0.30656525056147665,1.8529525786018828,0.8601233291431357,0.7614405504543029,0.27782938152604364,0.3427850992932511,0.2905535878182917,0.47300311065764483,0.4250206716423376,0.627792024969089,0.39687189181663063,0.20574630866469473,0,9
SAM000333_tp1,0.433983815350356,2.4494171494957566,1.0086492013551815,0.7685412582683426,0.3183313680898887,0.47273660893710906,0.34294874908824247,0.5361804523836883,0.43024530131453487,0.6328573355595988,0.47511397399114924,0.29429556819604097,1,9
SAM000384_tp1,0.21388386952182156,1.5991344737435054,1.0214803538964192,0.7040129577253402,0.29291227374508794,0.30141950503379883,0.25778166818355963,0.42057847193627945,0.41412992444187324,0.6412510008898284,0.35495382611356774,0.1627170251384843,0,9
SAM000202_tp1,0.3922624887032962,2.561131043483036,0.9546785791176231,0.7699562695109045,0.31254375599546624,0.4580092442391755,0.33304787253388746,0.5735596162359926,0.40620806606843546,0.6367315310866503,0.43105539930748515,0.25618366953187865,1,9
SAM000400_tp2,0.5343564368144188,2.902146699462026,1.1017087113898798,0.7667161963136051,0.32578269359010725,0.488694476746725,0.4591142260745553,0.5873118501737021,0.48571688301135707,0.6336462941835904,0.468186089608754,0.3052403804704889,1,9
SAM000538_tp2,0.30102545472127595,1.678429150008458,0.8550522831612432,0.7445915023704356,0.24659955753549417,0.32634683019369765,0.2700589767648568,0.4689802459944299,0.4549119551763643,0.6185802746790152,0.34690514566251374,0.17366662337979832,0,9
SAM000248_tp2,0.29889064385319725,1.5978511294992708,0.9349838364585372,0.7584669692593862,0.28427854173154105,0.28078934676470907,0.2746915450154082,0.4669016787985082,0.4261784034800105,0.6631587093762304,0.35505621494516654,0.16288045268663295,0,9
SAM000208_tp1,0.31231043708769063,2.09293314286482,0.961308534244931,0.7755137925813474,0.31422491787420875,0.4108970269838354,0.29737635358630354,0.5248278029189529,0.4132052197523317,0.6609680945033505,0.3842636603109674,0.18304078461001505,1,9
SAM000304_tp3,0.48536266057896504,2.4361365934294903,0.8369554001408944,0.7987801611696348,0.3014158027612163,0.38958837539874286,0.3299841640513847,0.5605641943896583,0.4493789672611014,0.6579574998044798,0.4176361871374831,0.2703677089573361,1,9
SAM000232_tp1,0.3361299878027399,2.0566564585389413,0.8268324772417848,0.772352190960909,0.28793725495096656,0.37582829769297255,0.2675130959082094,0.5056639375118159,0.41693445821780245,0.6062317434932026,0.38311659878131854,0.20244749231189232,0,9
SAM000243_tp1,0.39859774143103105,2.269219818579208,0.9590237205145284,0.80552790819287,0.32080779171516866,0.42335732698260786,0.34570467298070484,0.4995720974187198,0.4243792473152351,0.6284099125486159,0.41636193887617046,0.22744649927402377,1,9
SAM000351_tp3,0.4611953449574696,2.281812561746375,1.038366883575176,0.7818421850949906,0.29507856681548394,0.4121915051053236,0.37664123114910275,0.5255714443237833,0.4504675509387927,0.6620922705409914,0.43059631327918113,0.26195961435689535,1,9
SAM000387_tp1,0.37571262946065853,2.0229633331699994,0.8883984943765527,0.7230799431533967,0.27822546136962517,0.32822461840825295,0.30672533992942475,0.488202546283409,0.43179067718368286,0.6221090069791029,0.3758642400887478,0.21909064816543794,1,9
SAM000422_tp3,0.4437978701334789,2.3205509750761513,0.9896884487576054,0.7491721540785025,0.29948626791753397,0.4443149192410425,0.41104281870217213,0.5436155421591057,0.46904526078186337,0.6330719814676521,0.4344040188032723,0.2548049826721266,1,9
SAM000286_tp3,0.2798771439892061,1.6041089491557654,0.9516412450860219,0.7314410205369261,0.3003754189889043,0.33798916657466516,0.2627530827575816,0.39884949756415655,0.40951927452620324,0.604928619952291,0.34219510847017204,0.19944888248335457,0,9
SAM000408_tp3,0.3571090134205877,2.054075776513482,0.8453665882997864,0.7837011450390957,0.27668110622687936,0.36696830105484124,0.3137715806468597,0.5219358103797541,0.4314746261493188,0.6201753887928426,0.41501612597402704,0.19412402951806257,1,9
SAM000345_tp1,0.4610332859359005,2.5485429664062607,0.9028835730322962,0.8117304078295433,0.30563479947593203,0.4488195043096622,0.3887158648408277,0.5714811289636833,0.4398311283352576,0.6380271970410459,0.4202530387428095,0.2636189790312706,1,9
SAM000248_tp3,0.3553572712130716,1.9444335947336946,0.9031632793159224,0.7562035057072471,0.27636561082010347,0.34868802282615236,0.2827437369961247,0.4890945591508357,0.4313493492011951,0.6550898810559844,0.38790782574896676,0.18287483597189172,0,9
SAM000273_tp2,0.3628781638376595,2.068174327164363,1.0550541868338932,0.7134446054404955,0.31285156881320025,0.41103620131984203,0.3621878449553984,0.4602032207146128,0.42735267459916204,0.6159930406797521,0.3862771971939864,0.20862215875339024,1,9
SAM000255_tp3,0.4569816155985736,2.3281985120886977,0.7760016860836906,0.7169347994392754,0.2871657332751978,0.4793287695075895,0.43164650664843285,0.524092322542679,0.4591506336274916,0.6482467145659896,0.39724323052855603,0.27368795134974866,1,9
SAM000440_tp1,0.27981700656576663,1.8450610254853146,0.9150326582615227,0.7913763913616941,0.30194885954188727,0.3923453013737002,0.26416157764857434,0.4463618332439019,0.401050507656356,0.6063771351660102,0.374108423791815,0.1741564692407609,0,9
SAM000378_tp2,0.43607361022634883,2.695058746913201,1.1480520835554535,0.8022177252368442,0.3160330728658145,0.4827332160572301,0.34800231012525884,0.5432170863771034,0.44736315528179865,0.6406893219534802,0.45885215098590737,0.2719653138462358,0,9
SAM000213_tp2,0.2081406903605325,1.6432630995039597,0.8460018243455262,0.7083611709985399,0.29765449747649836,0.3205233318149855,0.20528495970924127,0.42310512103845693,0.39794303006600595,0.6114803114387408,0.3370463915937483,0.1888542811686491,1,9
SAM000481_tp2,0.346610245728349,1.9709076662060088,0.9662558068407343,0.7329779084340173,0.28027348788138384,0.3398355351493699,0.31807058791198695,0.5272423779824345,0.43643780689980594,0.6038908616611373,0.4138051528877331,0.21703777743663866,1,9
SAM000403_tp1,0.35861161908560724,2.0918319941492496,0.8323667283772151,0.7721199367975007,0.29235713528568463,0.38505236444325824,0.32843673122004574,0.5160330587038583,0.43253343847482784,0.6627942605606649,0.4033386816664024,0.21150561406167942,1,9
SAM000240_tp4,0.34312009920647185,2.1177503552583663,0.8930849547159945,0.7511905642567533,0.31381870058526157,0.35736108022212976,0.3248351967346146,0.45674303949854883,0.40333771854892325,0.6192025465297886,0.4022192068862024,0.23367890545376205,1,9
SAM000243_tp2,0.3933594894569223,2.4020378662909474,1.0220752961945587,0.759978002933215,0.3111093892495498,0.4648551593570051,0.32761248369426055,0.5463804385873554,0.43239066039649976,0.6239672087788246,0.42002607795224134,0.26122775250119207,1,10
SAM000314_tp1,0.4301181765250107,2.346922531305609,0.9589955024051788,0.80680190117004,0.31580668889000224,0.4299337729597459,0.37675147498775097,0.5460645648640499,0.429173821380085,0.6305258994275913,0.47257154590666794,0.2570390574184492,1,10
SAM000361_tp1,0.2223586853083859,1.557675338588127,0.8793631948322793,0.7104414145638629,0.28688023798442625,0.31644095272023914,0.22863655378570052,0.4200394907198613,0.38387052796584625,0.6154294586230518,0.320464211769753,0.15974608548785604,0,10
SAM000501_tp1,0.23131521998738022,1.554083070027861,0.9755499260899059,0.7259482352026838,0.2908436636370333,0.2977275189469389,0.22023217469104395,0.40992913587206387,0.39325221510471775,0.641301762721928,0.3490194268398162,0.15981694324437373,0,10
SAM000537_tp2,0.28956667338640735,1.7010231741464166,1.1027969921191652,0.7610190942797125,0.3067474025267442,0.32931831576857684,0.2919966591047127,0.4536880228022568,0.4240438180107286,0.649847415384272,0.3625107649799643,0.16354717790540202,0,10
SAM000476_tp1,0.4755352911527318,2.633256024150684,1.1297819632974142,0.7965230507817548,0.32478164403466253,0.47311789467681026,0.3462274664259659,0.5698048667138815,0.4581629490268347,0.6597458215113369,0.47768171634282725,0.2452914024463903,1,10
SAM000269_tp1,0.3177670448248453,1.930864662199243,0.8927657265292668,0.770373858803078,0.31334342959317185,0.38346353844321807,0.2829580922160144,0.4745158591289605,0.37609947478287464,0.6069088701318623,0.38891148534783837,0.1910103007618728,1,10
SAM000362_tp1,0.4241798014409281,2.05141802855451,0.9347220555888796,0.7396014264127644,0.30905677528299025,0.4321725330182924,0.3488732078990392,0.48393622744354237,0.4739875597104419,0.6446862294786186,0.41315931361156827,0.27034092223297285,1,10
SAM000341_tp1,0.2360630666543484,1.4161605743645114,0.8870872776965446,0.7309624114483403,0.2816004452047234,0.31086907813936643,0.2564821946428344,0.4211215671111111,0.4058331668582793,0.6108713064364215,0.3694932878356959,0.1763332278817126,1,10
SAM000501_tp2,0.3679043005860687,2.360536576444315,1.0170479792272844,0.7565572250630478,0.31277628692047715,0.40688820183261565,0.3155537023202585,0.5684474363452239,0.3989389568255243,0.6140234152830728,0.43007562589464043,0.20533129306795075,0,10
SAM000526_tp2,0.3675956995237374,2.129365261148777,1.0333085392525365,0.8144085113176353,0.3051386697727668,0.3796094851319019,0.33629793850144674,0.5429059480861165,0.46761718392244694,0.6246133336856318,0.4120175991864592,0.22700914584240067,0,10
SAM000410_tp2,0.2986812851690331,1.9317359916015406,1.0207654046095143,0.6772749913680539,0.31313446889855545,0.32469925993488497,0.2759120882146989,0.5043576324309884,0.40379116897357614,0.6110937309481911,0.3853004724610322,0.2057528769933889,1,10
SAM000421_tp1,0.26082585919993945,1.767367771673066,1.0034466675699774,0.7715639319679691,0.29979011582570947,0.35290890831617355,0.2785055350624319,0.46421293735866426,0.42474773882715344,0.6235358769264411,0.3283133817072397,0.16432861579250335,1,10
SAM000366_tp1,0.3512585123653975,1.9871140597237067,0.9626111716485798,0.7727863460301294,0.2828561754748476,0.3952499441713946,0.31623033681655244,0.4569153324979821,0.45061213064676264,0.6779209955479305,0.3744527148636173,0.2049595026881093,1,10
SAM000260_tp3,0.4995640372305881,2.4712688166657943,1.0070569020953306,0.7869865531460378,0.3342406780328267,0.520948140292474,0.4080384241710017,0.5843372795628875,0.417636711465276,0.6461116469089971,0.48775397644810137,0.2841683083763416,1,10
SAM000364_tp3,0.36779273492555825,2.1145243972561585,0.9603598243399756,0.7470257062843076,0.28770530432411834,0.3780751358468118,0.3294128159266485,0.4706448268384071,0.4555568678937442,0.653365291188342,0.3653929155436416,0.20397222307974416,1,10
SAM000450_tp1,0.3861746026303341,2.0789553991277874,0.9660477840271056,0.7582577485213894,0.30299899356363613,0.41336194699565054,0.36596459775428625,0.4983762243844903,0.4429143296119944,0.6177805270284057,0.4013808358611691,0.21688481578518512,0,10
SAM000428_tp1,0.29529845080527634,1.871813163784499,0.8671375283182812,0.7646007724547398,0.306430945218439,0.3562694240535382,0.27103627100267724,0.44668119698748915,0.4306068363264903,0.6395399041033101,0.3946986787917406,0.24551320301928445,0,10
SAM000220_tp1,0.1514631459220145,0.9921130168155133,0.9211342869895205,0.6677974128702077,0.306327617839401,0.27891299063720326,0.2519226919546027,0.389810112460993,0.4015803501263398,0.6069057656857677,0.3358248405178271,0.11682317980051084,0,10
SAM000240_tp2,0.38157718916661976,2.13647635555011,1.0102970975388894,0.7520087067987232,0.3277694555380736,0.4192812219492897,0.34071939659939476,0.464922546813731,0.4442094660816134,0.5690599434103367,0.4186642984008774,0.23224443502134395,1,10
SAM000265_tp3,0.5119120428158785,2.7547118271131468,1.0440763029752784,0.7781831737548616,0.31363431060277364,0.4868407878181537,0.4108967276503973,0.5667436977864287,0.4514950065563555,0.6502378334676506,0.480442345958885,0.28093928306908894,1,10
SAM000343_tp1,0.3464322020381967,2.1569417965696926,0.9871793375319116,0.7207718590995172,0.30682418429556124,0.42510282706315444,0.27155344440452495,0.4745438871153605,0.42244734173335596,0.6280016312432747,0.39080831869202276,0.22252476768017604,1,10
SAM000302_tp2,0.3859256330704923,2.113623258718208,0.9514774526646755,0.7821225420105746,0.29513493502444527,0.3566657211536218,0.3569070590234436,0.5365791493470449,0.4568964792340811,0.6117795866525922,0.3628656931268649,0.20393247458360989,1,10
SAM000261_tp1,0.4190668685977822,2.612049864601665,0.9514572327109049,0.7800571275855178,0.30197105724365286,0.47008543823084536,0.3579287659894822,0.6014462989946088,0.42845417343166936,0.6647466711037252,0.4517112280443141,0.21811835969061502,1,10
SAM000364_tp1,0.4689825463251316,2.5593519242461578,1.020026418906662,0.7661223948391691,0.31592126700038425,0.4373405101977621,0.3621306323154409,0.5948158979107749,0.44805969281568964,0.6267314292993325,0.42853310114734106,0.29314321055184733,1,10
SAM000378_tp1,0.2626808670093027,1.8439481524979788,0.9292605118750279,0.7711815153757364,0.28720332870729914,0.3451839974498918,0.2507912808111027,0.42946968149048986,0.4273604145354258,0.6377785074833768,0.3673256492042546,0.18136416393829954,0,10
SAM000536_tp2,0.30784370227860497,2.1416120608552545,1.1374537112372531,0.7218010748994369,0.3075457990613895,0.40007497377936313,0.3146520567135009,0.4991196767669655,0.4048111768227408,0.6497087640006665,0.39284623542175895,0.17455035759190438,0,10
SAM000228_tp2,0.2964114300690197,1.9155577600393037,0.957953982385495,0.7234811324011267,0.30893117834656847,0.42230159902525954,0.3049304548775546,0.5575699574958264,0.37472960157719415,0.6419707452603624,0.3952823128219872,0.15896381796722558,0,10
SAM000201_tp3,0.40625843864124916,2.5379119966365367,1.1297331624745284,0.7482639071102484,0.3280105760902192,0.4765624526180656,0.3454604467482254,0.573267270543891,0.441180427570384,0.642430048062481,0.4638656876772015,0.20392408082905625,1,10
SAM000317_tp1,0.2590359106843657,1.7731809516898647,0.8388165689334042,0.7764176015886177,0.3017261990891705,0.3647869577701596,0.2398142316222561,0.42685497960544483,0.39794632689257076,0.6045759572219616,0.3480100388260849,0.16214559571088716,1,10
SAM000524_tp2,0.34681284942884766,2.375667134908004,1.0792336891553824,0.7186487872229929,0.30767342283110544,0.4274239314285991,0.32530342851432975,0.499956651920129,0.4300079790837658,0.6238613166572666,0.43788390813622236,0.16277517094343374,0,10
SAM000471_tp1,0.5130077932541323,2.842267954422398,1.0707770552611093,0.7587682085907562,0.330906686022526,0.5214650831226301,0.373697296148289,0.5795958769415335,0.45519479473571084,0.6413877958168617,0.463474128374495,0.2702438473989988,1,10
SAM000301_tp2,0.36113922166640705,2.039225411961636,0.9594680920256657,0.6888203469007113,0.2966712098315878,0.35860594536185436,0.31035043899476045,0.4659633994161449,0.43531994282200565,0.6277977764095397,0.4165879126918465,0.22421089064906913,1,10
SAM000497_tp1,0.45351297654410155,2.55742707202825,1.048886010546308,0.796484298635169,0.3003621997492551,0.44940642367063716,0.3637604171330428,0.5982905740415005,0.44211637410063864,0.6524785737642935,0.40864581860324917,0.20456730627969893,1,10
SAM000233_tp2,0.3120915360995435,2.0527850887035046,0.8444581941636842,0.7019264107135517,0.2821145816047862,0.37202758653304363,0.2989802321159329,0.454498619655302,0.42796459968395195,0.6306168792644512,0.3734140096995075,0.19033044835188073,0,10
SAM000212_tp3,0.3348710242736346,2.074318798756541,1.0392204724668515,0.7845879317717678,0.2837258189511785,0.3917753195002577,0.31525447325744044,0.4913587292071507,0.4346127409537299,0.6434946138446097,0.39384401457597584,0.20133803725244534,1,10
SAM000290_tp3,0.46871665945046814,2.806132312810051,1.0953923454196612,0.782642452450483,0.3148206640429837,0.5115705506696918,0.36675299826313745,0.6284166719932396,0.46135901966396126,0.6794584351064841,0.4470222023177019,0.20026699991834992,1,10
SAM000225_tp1,0.3283216526184043,2.1230757554595012,0.9398891288030354,0.8140941832011859,0.3034741034498478,0.3785022237827808,0.3233763138632622,0.5295538904543053,0.4290494996439827,0.6336210730718569,0.3953691590899606,0.2037942430763111,0,10
SAM000271_tp2,0.38709833742355676,2.337684375989287,0.9529159765393367,0.7095710496484628,0.30202645027124914,0.4182465673221202,0.307455177139315,0.5568939906040699,0.41887067638943826,0.653896012071901,0.4294986520684054,0.2537084074993112,1,10
SAM000201_tp1,0.18537512204066986,1.3124044184609218,0.9134017363556264,0.7669779000848659,0.292472951614283,0.29274779698341136,0.20841946829381242,0.44485455009646074,0.3967053349914132,0.636757121499931,0.3501965075740149,0.1286277703449611,1,10
SAM000354_tp1,0.32228395715857666,1.9687491991449004,0.8205732347079272,0.7458053544829597,0.2939477887041062,0.3358352336361006,0.28699913118901127,0.4642352978241777,0.42870083599800396,0.6030421685132538,0.4217627048111508,0.25770764039556576,1,10
SAM000276_tp1,0.20347457871413055,1.5865453432684424,0.914586267704991,0.8012552285643789,0.28309111945348364,0.2836970645648724,0.24142544360084928,0.41120411258346323,0.3735927040768134,0.6068777467591921,0.3545070885366545,0.18318147989941888,1,10
SAM000349_tp3,0.493192244107987,2.3153475830144417,1.0335378405293412,0.783799580843042,0.2928573668540301,0.44562346402062586,0.4110587719072399,0.5528173639013498,0.47715159557060716,0.6444302774127287,0.43032203903265936,0.24674170908959286,1,10
SAM000255_tp1,0.3504754388210907,2.164633841668393,0.9153358233908293,0.7469933502515537,0.31090393504348623,0.4237038435684026,0.3502122669648774,0.5168599849620384,0.45193553575231077,0.6563550070763585,0.39852089412593245,0.20937760829317245,1,10
